# Blender 4.2.1 LTS
# www.blender.org
o luccio
v 0.128963 0.014922 0.002289
v 0.127748 0.017332 0.002421
v 0.129965 0.017428 0.002156
v 0.132159 0.015603 0.001850
v 0.130583 0.017700 0.002107
v 0.132799 0.017799 0.001842
v 0.135287 0.016281 0.001434
v 0.133452 0.018070 0.001782
v 0.135668 0.018172 0.001517
v 0.138347 0.016957 0.001041
v 0.136356 0.018441 0.001445
v 0.138570 0.018545 0.001181
v 0.141339 0.017629 0.000671
v 0.139293 0.018813 0.001097
v 0.141506 0.018920 0.000833
v 0.128877 0.012814 0.002658
v 0.127788 0.008503 0.002790
v 0.130011 0.008515 0.002524
v 0.132109 0.011883 0.002210
v 0.130645 0.008091 0.002480
v 0.132867 0.008098 0.002214
v 0.135274 0.010953 0.001787
v 0.133535 0.007679 0.002157
v 0.135757 0.007681 0.001891
v 0.138370 0.010021 0.001389
v 0.136460 0.007267 0.001821
v 0.138681 0.007264 0.001556
v 0.141399 0.009089 0.001016
v 0.139419 0.006855 0.001473
v 0.141638 0.006847 0.001209
v 0.128877 0.012814 -0.002541
v 0.127788 0.008503 -0.002673
v 0.130011 0.008515 -0.002408
v 0.132109 0.011883 -0.002093
v 0.130645 0.008091 -0.002363
v 0.132867 0.008098 -0.002097
v 0.135274 0.010953 -0.001670
v 0.133535 0.007679 -0.002040
v 0.135757 0.007681 -0.001775
v 0.138370 0.010021 -0.001272
v 0.136460 0.007267 -0.001705
v 0.138681 0.007264 -0.001440
v 0.141399 0.009089 -0.000900
v 0.139419 0.006855 -0.001357
v 0.141638 0.006847 -0.001092
v 0.128963 0.014922 -0.002173
v 0.127748 0.017332 -0.002305
v 0.129965 0.017428 -0.002039
v 0.132159 0.015603 -0.001734
v 0.130583 0.017700 -0.001991
v 0.132799 0.017799 -0.001726
v 0.135287 0.016281 -0.001318
v 0.133452 0.018070 -0.001665
v 0.135668 0.018172 -0.001400
v 0.138347 0.016957 -0.000925
v 0.136356 0.018441 -0.001329
v 0.138570 0.018545 -0.001064
v 0.141339 0.017629 -0.000554
v 0.139294 0.018813 -0.000981
v 0.141506 0.018920 -0.000716
v -0.151633 0.011165 0.000433
v 0.116167 0.012477 0.003977
v -0.112657 0.012084 0.003359
v -0.077688 0.010553 0.009304
v -0.031235 0.010706 0.010492
v 0.011850 0.011165 0.010492
v 0.055088 0.011625 0.009347
v 0.129337 0.016384 0.002359
v 0.142819 0.018506 0.001272
v 0.128528 0.010137 0.002729
v 0.142584 0.006745 0.001410
v -0.151633 0.018325 0.000419
v 0.117000 0.004398 0.004018
v -0.112657 0.002804 0.003114
v -0.077995 -0.002833 0.007472
v -0.031464 -0.004337 0.008004
v 0.011850 -0.003331 0.008145
v 0.054782 -0.001962 0.007467
v -0.151633 0.004006 0.000473
v 0.110194 0.021797 0.004686
v -0.112657 0.021364 0.002975
v -0.077382 0.023938 0.007477
v -0.031005 0.025749 0.008008
v 0.011850 0.025661 0.008150
v 0.055394 0.025211 0.007463
v 0.033469 0.011395 0.009863
v -0.009692 0.010936 0.010796
v -0.054461 0.010629 0.009815
v -0.095173 0.011318 0.006718
v -0.132848 0.011625 0.001021
v 0.085628 0.012051 0.009267
v 0.127179 0.020759 0.002632
v 0.122752 0.014430 0.003212
v 0.144421 0.020641 0.001272
v 0.136078 0.017445 0.001601
v 0.135210 0.005310 0.002125
v 0.122348 0.011307 0.003351
v 0.146873 0.006648 0.001272
v 0.135556 0.008441 0.002090
v 0.141042 0.005979 0.001522
v 0.126105 0.004854 0.003257
v 0.135800 0.020700 0.001649
v 0.118687 0.021278 0.003621
v 0.082794 0.023504 0.007792
v -0.132848 0.017293 0.000979
v -0.095020 0.022651 0.005707
v -0.054193 0.024844 0.007693
v -0.009577 0.025705 0.008312
v 0.033622 0.025436 0.007768
v 0.033316 -0.002646 0.007770
v -0.009807 -0.003834 0.008312
v -0.054729 -0.003585 0.007686
v -0.095326 -0.000014 0.005808
v -0.132848 0.003405 0.001023
v 0.085891 0.001218 0.007991
v -0.143644 0.011395 0.000502
v -0.143644 0.017809 0.000485
v -0.143644 0.003705 0.000540
v -0.151633 0.011165 -0.000406
v 0.116167 0.012477 -0.003949
v -0.112657 0.012084 -0.003331
v -0.077688 0.010553 -0.009277
v -0.031235 0.010706 -0.010464
v 0.011850 0.011165 -0.010464
v 0.055088 0.011625 -0.009319
v 0.129337 0.016384 -0.002331
v 0.142819 0.018506 -0.001244
v 0.128528 0.010137 -0.002702
v 0.142584 0.006745 -0.001383
v -0.151633 0.018325 -0.000391
v 0.117000 0.004398 -0.003991
v -0.112657 0.002804 -0.003086
v -0.077995 -0.002833 -0.007444
v -0.031464 -0.004337 -0.007976
v 0.011850 -0.003331 -0.008118
v 0.054782 -0.001962 -0.007439
v -0.151633 0.004006 -0.000445
v 0.110194 0.021797 -0.004658
v -0.112657 0.021364 -0.002948
v -0.077382 0.023938 -0.007449
v -0.031005 0.025749 -0.007980
v 0.011850 0.025661 -0.008122
v 0.055394 0.025211 -0.007435
v 0.033469 0.011395 -0.009835
v -0.009692 0.010936 -0.010769
v -0.054461 0.010629 -0.009788
v -0.095173 0.011318 -0.006690
v -0.132848 0.011625 -0.000993
v 0.085628 0.012051 -0.009239
v 0.127179 0.020759 -0.002605
v 0.122752 0.014430 -0.003184
v 0.144421 0.020641 -0.001244
v 0.136078 0.017445 -0.001574
v 0.135210 0.005310 -0.002097
v 0.122348 0.011307 -0.003324
v 0.146873 0.006648 -0.001244
v 0.135556 0.008441 -0.002063
v 0.141042 0.005979 -0.001494
v 0.126105 0.004854 -0.003229
v 0.135800 0.020700 -0.001622
v 0.118687 0.021278 -0.003593
v 0.082794 0.023504 -0.007764
v -0.132848 0.017293 -0.000952
v -0.095020 0.022651 -0.005680
v -0.054193 0.024844 -0.007666
v -0.009577 0.025705 -0.008284
v 0.033622 0.025436 -0.007741
v 0.033316 -0.002646 -0.007742
v -0.009807 -0.003834 -0.008284
v -0.054729 -0.003585 -0.007659
v -0.095326 -0.000014 -0.005780
v -0.132848 0.003405 -0.000995
v 0.085891 0.001218 -0.007964
v -0.143644 0.011395 -0.000474
v -0.143644 0.017809 -0.000457
v -0.143644 0.003705 -0.000513
v -0.151633 0.022662 0.000419
v -0.151633 0.023783 0.000133
v 0.105083 0.026111 0.004663
v 0.104221 0.031116 0.001784
v -0.151633 -0.003154 0.000168
v -0.151633 -0.001952 0.000520
v 0.117698 0.001667 0.003991
v 0.117833 -0.003681 0.001203
v -0.112657 0.025627 0.002353
v -0.112657 0.030432 0.001254
v -0.077097 0.034310 0.004645
v -0.077076 0.039025 0.001539
v -0.030791 0.036116 0.005029
v -0.030775 0.040791 0.001554
v 0.011850 0.035482 0.005157
v 0.011850 0.040157 0.001673
v 0.055678 0.034509 0.004775
v 0.055701 0.039223 0.001659
v 0.054502 -0.010329 0.004867
v 0.054476 -0.015548 0.001720
v 0.011850 -0.014396 0.004984
v 0.011850 -0.019528 0.001502
v -0.031678 -0.014270 0.005035
v -0.031694 -0.019379 0.001553
v -0.078278 -0.012567 0.004675
v -0.078301 -0.017707 0.001565
v -0.112657 -0.002503 0.002409
v -0.112657 -0.007752 0.001251
v 0.125665 0.023828 0.002906
v 0.125021 0.025135 0.000929
v 0.146023 0.022776 0.000388
v 0.145180 0.021652 0.001272
v 0.140299 0.001634 0.001680
v 0.141891 0.000484 0.000455
v 0.147529 0.006633 0.001272
v 0.151162 0.006551 0.000388
v 0.079961 0.036446 0.002042
v 0.080208 0.031656 0.005167
v -0.132848 0.003980 0.000957
v -0.132848 -0.001253 0.000439
v -0.132848 0.022257 0.000432
v -0.132848 0.019086 0.000928
v -0.094867 0.035898 0.001591
v -0.094879 0.031135 0.003849
v -0.053926 0.040334 0.001489
v -0.053943 0.035644 0.004750
v -0.009463 0.040474 0.001656
v -0.009470 0.035804 0.005233
v 0.033775 0.039903 0.001630
v 0.033765 0.035214 0.004909
v 0.086154 -0.010891 0.002435
v 0.086128 -0.005620 0.005582
v 0.033163 -0.018176 0.001512
v 0.033174 -0.013012 0.004803
v -0.009922 -0.020304 0.001505
v -0.009914 -0.015189 0.005081
v -0.054997 -0.019075 0.001488
v -0.054979 -0.013957 0.004751
v -0.095479 -0.013899 0.001561
v -0.095466 -0.008697 0.003864
v 0.114621 0.028126 0.001211
v 0.115439 0.023087 0.003905
v 0.135522 0.023955 0.000581
v 0.135628 0.022721 0.001744
v 0.129862 -0.001598 0.000855
v 0.129133 -0.000346 0.002946
v 0.146527 0.003518 0.000388
v 0.144357 0.004492 0.001357
v -0.143644 -0.001539 0.000183
v -0.143644 -0.000350 0.000573
v -0.143644 0.022946 0.000151
v -0.143644 0.021825 0.000481
v -0.151633 0.023783 -0.000105
v -0.151633 0.022662 -0.000391
v 0.104221 0.031116 -0.001757
v 0.105083 0.026111 -0.004636
v -0.151633 -0.001952 -0.000493
v -0.151633 -0.003154 -0.000140
v 0.117833 -0.003681 -0.001176
v 0.117698 0.001667 -0.003964
v -0.112657 0.030432 -0.001226
v -0.112657 0.025627 -0.002325
v -0.077076 0.039025 -0.001511
v -0.077097 0.034310 -0.004617
v -0.030775 0.040791 -0.001526
v -0.030791 0.036116 -0.005001
v 0.011850 0.040157 -0.001646
v 0.011850 0.035482 -0.005129
v 0.055701 0.039223 -0.001632
v 0.055678 0.034509 -0.004748
v 0.054476 -0.015548 -0.001692
v 0.054502 -0.010329 -0.004839
v 0.011850 -0.019528 -0.001474
v 0.011850 -0.014396 -0.004956
v -0.031694 -0.019379 -0.001526
v -0.031678 -0.014270 -0.005007
v -0.078301 -0.017707 -0.001537
v -0.078278 -0.012567 -0.004647
v -0.112657 -0.007752 -0.001224
v -0.112657 -0.002503 -0.002382
v 0.125021 0.025135 -0.000902
v 0.125665 0.023828 -0.002878
v 0.145180 0.021652 -0.001244
v 0.146023 0.022776 -0.000361
v 0.141891 0.000484 -0.000427
v 0.140299 0.001634 -0.001652
v 0.151162 0.006551 -0.000361
v 0.147529 0.006633 -0.001244
v 0.080208 0.031656 -0.005139
v 0.079961 0.036446 -0.002014
v -0.132848 -0.001253 -0.000412
v -0.132848 0.003980 -0.000929
v -0.132848 0.019086 -0.000900
v -0.132848 0.022257 -0.000404
v -0.094879 0.031135 -0.003821
v -0.094867 0.035898 -0.001563
v -0.053943 0.035644 -0.004722
v -0.053926 0.040334 -0.001461
v -0.009470 0.035804 -0.005205
v -0.009463 0.040474 -0.001628
v 0.033765 0.035214 -0.004881
v 0.033775 0.039903 -0.001603
v 0.086128 -0.005620 -0.005554
v 0.086154 -0.010891 -0.002407
v 0.033174 -0.013012 -0.004776
v 0.033163 -0.018176 -0.001484
v -0.009914 -0.015189 -0.005054
v -0.009922 -0.020304 -0.001478
v -0.054979 -0.013957 -0.004724
v -0.054997 -0.019075 -0.001460
v -0.095466 -0.008697 -0.003836
v -0.095479 -0.013899 -0.001533
v 0.115439 0.023087 -0.003877
v 0.114621 0.028126 -0.001183
v 0.135628 0.022721 -0.001717
v 0.135522 0.023955 -0.000554
v 0.129133 -0.000346 -0.002918
v 0.129862 -0.001598 -0.000828
v 0.144357 0.004492 -0.001330
v 0.146527 0.003518 -0.000361
v -0.143644 -0.000350 -0.000545
v -0.143644 -0.001539 -0.000156
v -0.143644 0.021825 -0.000453
v -0.143644 0.022946 -0.000124
v -0.201176 0.042638 0.000757
v -0.198404 -0.020756 -0.000405
v -0.173757 0.033709 0.000322
v -0.162883 0.028818 0.000182
v -0.162125 -0.007681 -0.000379
v -0.174820 -0.013100 -0.000362
v -0.191353 0.008033 -0.000212
v -0.190967 0.011633 -0.000109
v -0.173669 0.019667 0.000095
v -0.173558 0.009742 -0.000068
v -0.159947 0.019448 0.000043
v -0.160368 0.008297 -0.000146
v -0.174457 -0.002295 -0.000218
v -0.160765 -0.000148 -0.000245
v -0.205601 -0.009360 -0.000329
v -0.204762 0.032033 0.000560
v -0.173813 0.027274 0.000218
v -0.161372 0.024048 0.000118
v -0.205163 0.039923 0.000748
v -0.154762 0.024778 0.000150
v -0.185511 -0.018286 -0.000354
v -0.187107 0.038576 0.000547
v -0.168457 0.031660 0.000234
v -0.153628 -0.003760 -0.000327
v -0.168505 -0.010450 -0.000376
v -0.174593 -0.008164 -0.000291
v -0.161481 -0.004194 -0.000314
v -0.197974 0.002798 -0.000264
v -0.189724 0.009903 -0.000154
v -0.173726 0.023561 0.000158
v -0.173586 0.014484 0.000016
v -0.160673 0.021763 0.000080
v -0.160037 0.014633 -0.000047
v -0.167317 0.020342 0.000051
v -0.167360 0.009120 -0.000123
v -0.182305 0.014739 0.000010
v -0.182887 0.008974 -0.000126
v -0.152345 0.018122 0.000045
v -0.152983 0.007628 -0.000153
v -0.174178 0.004153 -0.000151
v -0.160406 0.003979 -0.000190
v -0.205491 -0.017377 -0.000389
v -0.167952 -0.001440 -0.000253
v -0.191758 -0.004389 -0.000318
v -0.152495 0.001800 -0.000208
v -0.199053 0.019248 0.000148
v -0.173721 0.030679 0.000271
v -0.162125 0.026501 0.000153
v -0.153466 0.021286 0.000103
v -0.191109 0.028254 0.000319
v -0.167832 0.026338 0.000147
v -0.168164 0.029180 0.000192
v -0.188527 0.034326 0.000474
v -0.154123 0.023045 0.000128
v -0.152472 0.004583 -0.000171
v -0.188050 0.002857 -0.000237
v -0.167632 0.003977 -0.000188
v -0.152470 0.013670 -0.000046
v -0.152869 0.019702 0.000076
v -0.182343 0.011770 -0.000058
v -0.188941 0.020023 0.000095
v -0.167398 0.014844 -0.000039
v -0.167536 0.023399 0.000101
v -0.168237 -0.006353 -0.000317
v -0.188330 -0.012275 -0.000300
v -0.152974 -0.001153 -0.000265
v -0.203345 0.041665 0.000761
v -0.150974 0.023265 0.000119
v -0.192254 -0.019450 -0.000377
v -0.180122 0.036282 0.000431
v -0.165870 0.030436 0.000203
v -0.157979 -0.005744 -0.000356
v -0.171524 -0.011685 -0.000369
v -0.174680 -0.010949 -0.000329
v -0.161857 -0.006150 -0.000350
v -0.194455 0.005637 -0.000233
v -0.189856 0.010680 -0.000132
v -0.173717 0.021648 0.000127
v -0.173507 0.012151 -0.000024
v -0.160296 0.020653 0.000063
v -0.160246 0.011511 -0.000099
v -0.170483 0.020168 0.000076
v -0.170444 0.009480 -0.000095
v -0.187019 0.012878 -0.000055
v -0.187709 0.008367 -0.000178
v -0.155982 0.018675 0.000051
v -0.156611 0.007945 -0.000147
v -0.174361 0.000988 -0.000187
v -0.160523 0.001903 -0.000215
v -0.206123 -0.013881 -0.000364
v -0.170985 -0.001773 -0.000234
v -0.199688 -0.005787 -0.000344
v -0.156535 0.000905 -0.000222
v -0.201623 0.025824 0.000373
v -0.173767 0.028983 0.000245
v -0.161733 0.025245 0.000136
v -0.157422 0.022587 0.000111
v -0.198616 0.030060 0.000440
v -0.170666 0.026856 0.000177
v -0.205218 0.036437 0.000670
v -0.158850 0.026748 0.000168
v -0.180002 -0.015708 -0.000359
v -0.194888 0.040690 0.000654
v -0.170846 0.032582 0.000274
v -0.149635 -0.002183 -0.000312
v -0.165460 -0.009197 -0.000383
v -0.174493 -0.005363 -0.000253
v -0.161096 -0.002135 -0.000278
v -0.201783 -0.001978 -0.000291
v -0.190223 0.009091 -0.000179
v -0.173743 0.025451 0.000190
v -0.173663 0.017005 0.000055
v -0.161034 0.022892 0.000099
v -0.159929 0.017191 0.000001
v -0.163825 0.020074 0.000039
v -0.163977 0.008717 -0.000139
v -0.177556 0.017308 0.000063
v -0.177560 0.009640 -0.000076
v -0.149264 0.018020 0.000016
v -0.149686 0.007464 -0.000173
v -0.173888 0.007069 -0.000111
v -0.160408 0.006071 -0.000170
v -0.202198 -0.019486 -0.000407
v -0.164611 -0.000995 -0.000259
v -0.182192 -0.004078 -0.000237
v -0.148997 0.002244 -0.000217
v -0.195819 0.014313 -0.000023
v -0.173671 0.032303 0.000297
v -0.162540 0.027749 0.000169
v -0.150047 0.020583 0.000073
v -0.181839 0.028234 0.000282
v -0.164706 0.025375 0.000129
v -0.167997 0.027771 0.000169
v -0.168326 0.030528 0.000214
v -0.170759 0.029906 0.000227
v -0.165288 0.028010 0.000168
v -0.189706 0.031539 0.000408
v -0.187690 0.036717 0.000516
v -0.197994 0.036806 0.000592
v -0.180634 0.032753 0.000375
v -0.153789 0.022153 0.000116
v -0.154463 0.023959 0.000139
v -0.158158 0.024705 0.000140
v -0.150503 0.021921 0.000097
v -0.152420 0.003176 -0.000187
v -0.152656 0.006022 -0.000160
v -0.156341 0.004321 -0.000176
v -0.149104 0.004730 -0.000186
v -0.190181 -0.000665 -0.000290
v -0.186212 0.006053 -0.000205
v -0.194153 0.002882 -0.000280
v -0.180874 0.003487 -0.000189
v -0.167790 0.001248 -0.000220
v -0.167497 0.006561 -0.000156
v -0.170708 0.004080 -0.000165
v -0.164228 0.003836 -0.000197
v -0.152812 0.010623 -0.000104
v -0.152321 0.016170 0.000004
v -0.156105 0.014095 -0.000040
v -0.149318 0.013554 -0.000072
v -0.152591 0.018958 0.000062
v -0.153160 0.020473 0.000090
v -0.156670 0.020649 0.000083
v -0.149632 0.019330 0.000046
v -0.182484 0.010433 -0.000090
v -0.182147 0.013177 -0.000024
v -0.186496 0.010662 -0.000112
v -0.177372 0.013269 -0.000001
v -0.186000 0.016932 0.000042
v -0.190599 0.023777 0.000187
v -0.195639 0.018678 0.000078
v -0.180444 0.022305 0.000145
v -0.167361 0.012064 -0.000081
v -0.167374 0.017658 0.000006
v -0.170456 0.014701 -0.000009
v -0.163931 0.014947 -0.000052
v -0.167412 0.021918 0.000077
v -0.167676 0.024876 0.000124
v -0.170573 0.023614 0.000127
v -0.164212 0.022740 0.000087
v -0.168379 -0.008677 -0.000348
v -0.168094 -0.003995 -0.000285
v -0.171263 -0.007195 -0.000304
v -0.165117 -0.005446 -0.000325
v -0.186644 -0.015855 -0.000321
v -0.189983 -0.008464 -0.000300
v -0.198771 -0.013575 -0.000402
v -0.180784 -0.010671 -0.000276
v -0.153314 -0.002578 -0.000298
v -0.152687 0.000320 -0.000235
v -0.157208 -0.002622 -0.000288
v -0.149236 -0.000126 -0.000263
v -0.149083 0.001042 -0.000238
v -0.156822 -0.000811 -0.000253
v -0.157625 -0.004349 -0.000325
v -0.181308 -0.007570 -0.000246
v -0.199683 -0.009797 -0.000382
v -0.195372 -0.017021 -0.000388
v -0.164872 -0.003276 -0.000292
v -0.171124 -0.004601 -0.000269
v -0.171401 -0.009745 -0.000338
v -0.164446 0.024052 0.000109
v -0.170620 0.025260 0.000152
v -0.170527 0.021937 0.000102
v -0.163864 0.017628 -0.000005
v -0.170468 0.017432 0.000034
v -0.170443 0.012182 -0.000052
v -0.181331 0.025120 0.000207
v -0.197277 0.024150 0.000247
v -0.192074 0.015071 -0.000011
v -0.177369 0.015175 0.000032
v -0.186470 0.011713 -0.000083
v -0.186899 0.009598 -0.000142
v -0.149835 0.019947 0.000060
v -0.157044 0.021608 0.000097
v -0.156306 0.019710 0.000068
v -0.149225 0.016095 -0.000025
v -0.155957 0.016593 0.000009
v -0.156437 0.011089 -0.000098
v -0.164125 0.006302 -0.000170
v -0.170570 0.006835 -0.000130
v -0.170847 0.001174 -0.000200
v -0.179349 0.006798 -0.000136
v -0.191369 0.005649 -0.000243
v -0.197110 -0.000494 -0.000325
v -0.149326 0.006009 -0.000178
v -0.156457 0.006056 -0.000162
v -0.156366 0.002604 -0.000196
v -0.150748 0.022624 0.000109
v -0.158512 0.025789 0.000155
v -0.157798 0.023630 0.000126
v -0.180354 0.034690 0.000405
v -0.196355 0.039014 0.000629
v -0.198487 0.033629 0.000522
v -0.165598 0.029324 0.000186
v -0.170805 0.031364 0.000252
v -0.170712 0.028398 0.000202
v -0.164989 0.026692 0.000149
v -0.181162 0.030644 0.000335
v -0.150270 0.021241 0.000085
v -0.148998 0.003475 -0.000200
v -0.181750 -0.000290 -0.000223
v -0.164386 0.001394 -0.000227
v -0.149574 0.010442 -0.000127
v -0.149438 0.018729 0.000032
v -0.177390 0.011484 -0.000037
v -0.179141 0.019650 0.000098
v -0.163968 0.011833 -0.000097
v -0.164007 0.021451 0.000064
v -0.165306 -0.007568 -0.000356
v -0.180375 -0.013544 -0.000320
v -0.149436 -0.001246 -0.000288
v -0.136958 -0.024747 -0.000235
v -0.124750 -0.037391 -0.000335
v -0.085768 -0.005836 0.000212
v -0.135123 -0.013609 -0.000019
v -0.125423 -0.003663 0.000192
v -0.114271 0.000541 0.000271
v -0.087413 -0.011123 0.000064
v -0.091258 -0.017563 -0.000113
v -0.098053 -0.024949 -0.000260
v -0.113418 -0.034034 -0.000347
v -0.133763 -0.031718 -0.000239
v -0.090853 -0.000216 0.000321
v -0.121041 -0.023427 -0.000175
v -0.110060 -0.014241 -0.000044
v -0.100079 -0.009634 0.000093
v -0.095024 -0.004700 0.000205
v -0.135836 -0.028354 -0.000228
v -0.087996 -0.003268 0.000264
v -0.119440 -0.036025 -0.000338
v -0.137113 -0.018518 -0.000169
v -0.130438 -0.008401 0.000237
v -0.120238 -0.001370 0.000067
v -0.108959 0.002071 0.000432
v -0.086417 -0.008223 0.000149
v -0.088931 -0.014307 -0.000031
v -0.094603 -0.021120 -0.000190
v -0.104874 -0.029821 -0.000339
v -0.116469 -0.029043 -0.000280
v -0.103144 -0.019782 -0.000162
v -0.094702 -0.014143 -0.000054
v -0.090797 -0.008194 0.000126
v -0.128850 -0.035028 -0.000294
v -0.126509 -0.017579 -0.000053
v -0.119649 -0.007411 0.000006
v -0.107965 -0.003613 0.000276
v -0.099546 -0.000693 0.000349
v -0.097343 -0.007252 0.000138
v -0.104807 -0.011625 0.000052
v -0.114687 -0.018175 -0.000090
v -0.127207 -0.027594 -0.000211
v -0.092897 -0.002232 0.000273
v -0.131816 -0.023714 -0.000218
v -0.122731 -0.011988 0.000099
v -0.113934 -0.005495 0.000062
v -0.103475 -0.002125 0.000343
v -0.092548 -0.011153 0.000034
v -0.098567 -0.017132 -0.000117
v -0.108940 -0.024749 -0.000251
v -0.123579 -0.032197 -0.000280
v -0.089358 -0.005488 0.000206
v -0.136390 -0.026470 -0.000233
v -0.122545 -0.036933 -0.000336
v -0.109105 -0.032046 -0.000349
v -0.114680 -0.031800 -0.000321
v -0.100722 -0.023215 -0.000229
v -0.131365 -0.033378 -0.000264
v -0.123549 -0.020935 -0.000123
v -0.117953 -0.021452 -0.000151
v -0.131260 -0.029874 -0.000227
v -0.135054 -0.030047 -0.000229
v -0.116535 -0.035119 -0.000342
v -0.137204 -0.022074 -0.000227
v -0.101348 -0.027495 -0.000305
v -0.118454 -0.026233 -0.000233
v -0.126628 -0.036495 -0.000319
v -0.123972 -0.025477 -0.000193
v -0.129321 -0.025614 -0.000207
v -0.134065 -0.021517 -0.000215
v -0.134022 -0.026268 -0.000231
v -0.129414 -0.021335 -0.000172
v -0.106659 -0.027506 -0.000301
v -0.111362 -0.022201 -0.000193
v -0.112560 -0.026942 -0.000272
v -0.106359 -0.022694 -0.000212
v -0.121065 -0.034286 -0.000314
v -0.125628 -0.029889 -0.000241
v -0.126722 -0.033743 -0.000284
v -0.120042 -0.030655 -0.000281
v -0.122000 -0.028069 -0.000237
v -0.129192 -0.031792 -0.000249
v -0.124270 -0.035518 -0.000314
v -0.114803 -0.024128 -0.000219
v -0.110518 -0.029739 -0.000319
v -0.135492 -0.024037 -0.000237
v -0.132662 -0.028078 -0.000225
v -0.126738 -0.023191 -0.000172
v -0.103394 -0.025228 -0.000265
v -0.117919 -0.033096 -0.000318
v -0.142465 0.031845 -0.000232
v -0.133362 0.048642 -0.000331
v -0.076092 0.030202 0.000209
v -0.133689 0.021636 -0.000005
v -0.119877 0.018684 0.000140
v -0.106503 0.018237 0.000264
v -0.073958 0.034474 0.000074
v -0.078093 0.039617 -0.000100
v -0.093459 0.045164 -0.000249
v -0.115985 0.050156 -0.000341
v -0.140518 0.040817 -0.000240
v -0.082966 0.025244 0.000290
v -0.123237 0.038105 -0.000175
v -0.106907 0.032379 -0.000047
v -0.093358 0.030092 0.000099
v -0.086535 0.026952 0.000215
v -0.142033 0.036435 -0.000230
v -0.079300 0.027649 0.000253
v -0.126109 0.049768 -0.000333
v -0.139637 0.025242 -0.000160
v -0.126480 0.019502 0.000151
v -0.113014 0.018406 0.000131
v -0.102039 0.018599 0.000359
v -0.074819 0.032030 0.000156
v -0.074770 0.037063 -0.000016
v -0.084906 0.042121 -0.000174
v -0.105953 0.048271 -0.000327
v -0.118575 0.044981 -0.000278
v -0.099242 0.039196 -0.000155
v -0.083109 0.035959 -0.000037
v -0.078583 0.031392 0.000127
v -0.136946 0.045286 -0.000291
v -0.129365 0.027585 -0.000053
v -0.114841 0.024146 0.000048
v -0.101814 0.023036 0.000227
v -0.092560 0.023600 0.000305
v -0.089097 0.028651 0.000156
v -0.099855 0.031136 0.000021
v -0.113206 0.034460 -0.000080
v -0.133814 0.038792 -0.000214
v -0.084005 0.026052 0.000256
v -0.138135 0.031888 -0.000211
v -0.120992 0.026296 0.000056
v -0.108273 0.023413 0.000085
v -0.096916 0.022549 0.000317
v -0.079690 0.033740 0.000040
v -0.090097 0.037791 -0.000100
v -0.108596 0.042923 -0.000247
v -0.130232 0.044669 -0.000280
v -0.078865 0.029194 0.000204
v -0.142338 0.033927 -0.000233
v -0.130669 0.049095 -0.000332
v -0.110725 0.049381 -0.000340
v -0.117019 0.048070 -0.000318
v -0.097569 0.043447 -0.000229
v -0.138871 0.043052 -0.000262
v -0.126077 0.034495 -0.000132
v -0.118486 0.037275 -0.000151
v -0.138097 0.039846 -0.000229
v -0.141518 0.038670 -0.000230
v -0.121108 0.050287 -0.000337
v -0.141741 0.029141 -0.000219
v -0.100688 0.046908 -0.000295
v -0.120293 0.041700 -0.000230
v -0.134983 0.047324 -0.000317
v -0.128918 0.038282 -0.000196
v -0.136233 0.035296 -0.000207
v -0.139174 0.028942 -0.000206
v -0.140476 0.034540 -0.000229
v -0.135157 0.030028 -0.000167
v -0.106938 0.046051 -0.000296
v -0.110093 0.039998 -0.000193
v -0.112873 0.044091 -0.000269
v -0.105145 0.041696 -0.000215
v -0.127823 0.047659 -0.000313
v -0.131879 0.041826 -0.000243
v -0.134641 0.044828 -0.000284
v -0.124606 0.045012 -0.000280
v -0.126252 0.041857 -0.000237
v -0.136471 0.042334 -0.000252
v -0.132398 0.047328 -0.000314
v -0.114727 0.040836 -0.000215
v -0.111508 0.047219 -0.000314
v -0.141261 0.031543 -0.000231
v -0.139434 0.037288 -0.000224
v -0.132267 0.033981 -0.000173
v -0.102440 0.044724 -0.000263
v -0.122538 0.048153 -0.000316
v -0.054525 -0.037294 -0.006635
v -0.049884 -0.047059 -0.009093
v -0.028319 -0.017808 -0.003610
v -0.053275 -0.027387 -0.004470
v -0.045853 -0.020704 -0.003321
v -0.039338 -0.017183 -0.002859
v -0.029621 -0.022258 -0.004504
v -0.032081 -0.027852 -0.005587
v -0.036026 -0.034483 -0.006865
v -0.044189 -0.043283 -0.008483
v -0.053619 -0.043271 -0.008039
v -0.030189 -0.013724 -0.002594
v -0.046787 -0.035396 -0.006548
v -0.040282 -0.027295 -0.005042
v -0.035436 -0.022501 -0.004221
v -0.032611 -0.017758 -0.003349
v -0.054304 -0.040486 -0.007371
v -0.029128 -0.015933 -0.003148
v -0.047234 -0.045457 -0.008850
v -0.054299 -0.031677 -0.005384
v -0.050705 -0.023438 -0.003702
v -0.041962 -0.018901 -0.003104
v -0.037407 -0.015259 -0.002537
v -0.028862 -0.019808 -0.004017
v -0.030657 -0.024989 -0.005035
v -0.034017 -0.031054 -0.006198
v -0.039735 -0.039074 -0.007713
v -0.045159 -0.039524 -0.007563
v -0.037943 -0.030768 -0.005929
v -0.033387 -0.025401 -0.004962
v -0.030943 -0.020199 -0.003976
v -0.051603 -0.045527 -0.008655
v -0.049085 -0.030762 -0.005412
v -0.042847 -0.023474 -0.004075
v -0.037584 -0.019602 -0.003479
v -0.034264 -0.015318 -0.002722
v -0.033948 -0.020124 -0.003786
v -0.037661 -0.024817 -0.004617
v -0.043136 -0.030761 -0.005673
v -0.050115 -0.039305 -0.007294
v -0.031357 -0.015553 -0.002937
v -0.051987 -0.036085 -0.006477
v -0.045934 -0.027073 -0.004730
v -0.040015 -0.021451 -0.003763
v -0.035867 -0.017479 -0.003107
v -0.032068 -0.022769 -0.004465
v -0.035513 -0.028190 -0.005472
v -0.041177 -0.035341 -0.006790
v -0.048832 -0.042741 -0.008143
v -0.029993 -0.017864 -0.003524
v -0.054404 -0.038818 -0.006986
v -0.048794 -0.046482 -0.009014
v -0.041955 -0.041272 -0.008117
v -0.044575 -0.041592 -0.008069
v -0.037126 -0.033327 -0.006545
v -0.052638 -0.044424 -0.008351
v -0.047742 -0.033558 -0.006095
v -0.045129 -0.033520 -0.006201
v -0.052258 -0.041506 -0.007701
v -0.054081 -0.041934 -0.007712
v -0.045770 -0.044452 -0.008684
v -0.054457 -0.034879 -0.006093
v -0.037837 -0.036857 -0.007306
v -0.045831 -0.037431 -0.007052
v -0.050689 -0.046509 -0.008926
v -0.048375 -0.037325 -0.006917
v -0.050946 -0.037706 -0.006891
v -0.052978 -0.034129 -0.005993
v -0.053258 -0.038472 -0.006961
v -0.050697 -0.033923 -0.006048
v -0.040360 -0.037364 -0.007291
v -0.042078 -0.033499 -0.006336
v -0.043105 -0.037457 -0.007182
v -0.039751 -0.033432 -0.006436
v -0.047839 -0.044200 -0.008527
v -0.049582 -0.041061 -0.007721
v -0.050470 -0.044286 -0.008424
v -0.047008 -0.041163 -0.007859
v -0.047688 -0.039248 -0.007389
v -0.051454 -0.042935 -0.008066
v -0.049477 -0.045496 -0.008752
v -0.043897 -0.035384 -0.006673
v -0.042405 -0.039534 -0.007691
v -0.053770 -0.036534 -0.006498
v -0.052766 -0.040024 -0.007338
v -0.049483 -0.035553 -0.006467
v -0.038590 -0.035211 -0.006894
v -0.046234 -0.042942 -0.008308
v -0.054525 -0.037294 0.006755
v -0.049884 -0.047059 0.009214
v -0.028319 -0.017808 0.003730
v -0.053275 -0.027387 0.004591
v -0.045853 -0.020704 0.003442
v -0.039338 -0.017183 0.002979
v -0.029621 -0.022258 0.004624
v -0.032081 -0.027852 0.005708
v -0.036026 -0.034483 0.006985
v -0.044189 -0.043283 0.008604
v -0.053619 -0.043271 0.008160
v -0.030189 -0.013724 0.002715
v -0.046787 -0.035396 0.006669
v -0.040282 -0.027295 0.005163
v -0.035436 -0.022501 0.004341
v -0.032611 -0.017758 0.003469
v -0.054304 -0.040486 0.007491
v -0.029128 -0.015933 0.003268
v -0.047234 -0.045457 0.008970
v -0.054299 -0.031677 0.005504
v -0.050705 -0.023438 0.003822
v -0.041962 -0.018901 0.003224
v -0.037407 -0.015259 0.002658
v -0.028862 -0.019808 0.004137
v -0.030657 -0.024989 0.005155
v -0.034017 -0.031054 0.006318
v -0.039735 -0.039074 0.007834
v -0.045159 -0.039524 0.007684
v -0.037943 -0.030768 0.006049
v -0.033387 -0.025401 0.005083
v -0.030943 -0.020199 0.004096
v -0.051603 -0.045527 0.008776
v -0.049085 -0.030762 0.005533
v -0.042847 -0.023474 0.004196
v -0.037584 -0.019602 0.003599
v -0.034264 -0.015318 0.002842
v -0.033948 -0.020124 0.003907
v -0.037661 -0.024817 0.004737
v -0.043136 -0.030761 0.005793
v -0.050115 -0.039305 0.007414
v -0.031357 -0.015553 0.003057
v -0.051987 -0.036085 0.006598
v -0.045934 -0.027073 0.004851
v -0.040015 -0.021451 0.003883
v -0.035867 -0.017479 0.003228
v -0.032068 -0.022769 0.004585
v -0.035513 -0.028190 0.005592
v -0.041177 -0.035341 0.006911
v -0.048832 -0.042741 0.008263
v -0.029993 -0.017864 0.003644
v -0.054404 -0.038818 0.007107
v -0.048794 -0.046482 0.009134
v -0.041955 -0.041272 0.008237
v -0.044575 -0.041592 0.008189
v -0.037126 -0.033327 0.006666
v -0.052638 -0.044424 0.008471
v -0.047742 -0.033558 0.006216
v -0.045129 -0.033520 0.006322
v -0.052258 -0.041506 0.007822
v -0.054081 -0.041934 0.007832
v -0.045770 -0.044452 0.008804
v -0.054457 -0.034879 0.006214
v -0.037837 -0.036857 0.007426
v -0.045831 -0.037431 0.007173
v -0.050689 -0.046509 0.009047
v -0.048375 -0.037325 0.007037
v -0.050946 -0.037706 0.007011
v -0.052978 -0.034129 0.006113
v -0.053258 -0.038472 0.007082
v -0.050697 -0.033923 0.006168
v -0.040360 -0.037364 0.007411
v -0.042078 -0.033499 0.006457
v -0.043105 -0.037457 0.007302
v -0.039751 -0.033432 0.006557
v -0.047839 -0.044200 0.008648
v -0.049582 -0.041061 0.007842
v -0.050470 -0.044286 0.008544
v -0.047008 -0.041163 0.007980
v -0.047688 -0.039248 0.007509
v -0.051454 -0.042935 0.008187
v -0.049477 -0.045496 0.008872
v -0.043897 -0.035384 0.006794
v -0.042405 -0.039534 0.007811
v -0.053770 -0.036534 0.006619
v -0.052766 -0.040024 0.007459
v -0.049483 -0.035553 0.006587
v -0.038590 -0.035211 0.007014
v -0.046234 -0.042942 0.008428
v 0.025996 -0.018877 -0.011298
v 0.030638 -0.028642 -0.013757
v 0.052202 0.000609 -0.008273
v 0.027247 -0.008971 -0.009134
v 0.034668 -0.002287 -0.007985
v 0.041184 0.001233 -0.007522
v 0.050900 -0.003842 -0.009167
v 0.048441 -0.009435 -0.010251
v 0.044496 -0.016066 -0.011528
v 0.036332 -0.024866 -0.013147
v 0.026902 -0.024855 -0.012703
v 0.050332 0.004693 -0.007258
v 0.033735 -0.016979 -0.011212
v 0.040240 -0.008878 -0.009706
v 0.045086 -0.004085 -0.008884
v 0.047911 0.000658 -0.008012
v 0.026218 -0.022069 -0.012034
v 0.051394 0.002484 -0.007811
v 0.033287 -0.027040 -0.013513
v 0.026223 -0.013260 -0.010047
v 0.029816 -0.005022 -0.008365
v 0.038559 -0.000484 -0.007767
v 0.043115 0.003158 -0.007201
v 0.051660 -0.001391 -0.008680
v 0.049865 -0.006572 -0.009698
v 0.046505 -0.012637 -0.010861
v 0.040786 -0.020657 -0.012376
v 0.035362 -0.021107 -0.012227
v 0.042579 -0.012351 -0.010592
v 0.047135 -0.006984 -0.009626
v 0.049578 -0.001782 -0.008639
v 0.028919 -0.027110 -0.013318
v 0.031437 -0.012345 -0.010076
v 0.037675 -0.005058 -0.008739
v 0.042938 -0.001185 -0.008142
v 0.046257 0.003098 -0.007385
v 0.046574 -0.001707 -0.008449
v 0.042861 -0.006401 -0.009280
v 0.037386 -0.012344 -0.010336
v 0.030407 -0.020888 -0.011957
v 0.049164 0.002863 -0.007600
v 0.028535 -0.017669 -0.011141
v 0.034588 -0.008656 -0.009393
v 0.040507 -0.003035 -0.008426
v 0.044655 0.000938 -0.007771
v 0.048453 -0.004352 -0.009128
v 0.045008 -0.009773 -0.010135
v 0.039345 -0.016925 -0.011454
v 0.031690 -0.024324 -0.012806
v 0.050529 0.000553 -0.008187
v 0.026117 -0.020401 -0.011650
v 0.031728 -0.028065 -0.013677
v 0.038567 -0.022855 -0.012780
v 0.035947 -0.023175 -0.012732
v 0.043396 -0.014910 -0.011208
v 0.027884 -0.026007 -0.013014
v 0.032780 -0.015141 -0.010759
v 0.035393 -0.015103 -0.010865
v 0.028264 -0.023089 -0.012365
v 0.026441 -0.023517 -0.012375
v 0.034751 -0.026035 -0.013347
v 0.026065 -0.016462 -0.010756
v 0.042685 -0.018440 -0.011969
v 0.034691 -0.019014 -0.011716
v 0.029832 -0.028092 -0.013590
v 0.032147 -0.018908 -0.011580
v 0.029576 -0.019289 -0.011554
v 0.027543 -0.015712 -0.010656
v 0.027264 -0.020056 -0.011625
v 0.029825 -0.015506 -0.010711
v 0.040162 -0.018947 -0.011954
v 0.038443 -0.015083 -0.011000
v 0.037417 -0.019040 -0.011845
v 0.040770 -0.015015 -0.011100
v 0.032682 -0.025783 -0.013191
v 0.030939 -0.022644 -0.012385
v 0.030052 -0.025870 -0.013087
v 0.033514 -0.022746 -0.012523
v 0.032834 -0.020832 -0.012052
v 0.029067 -0.024519 -0.012730
v 0.031045 -0.027080 -0.013415
v 0.036624 -0.016967 -0.011337
v 0.038117 -0.021118 -0.012354
v 0.026752 -0.018117 -0.011161
v 0.027756 -0.021608 -0.012002
v 0.031039 -0.017137 -0.011130
v 0.041932 -0.016794 -0.011557
v 0.034287 -0.024526 -0.012971
v 0.025996 -0.018877 0.011419
v 0.030638 -0.028642 0.013877
v 0.052203 0.000609 0.008393
v 0.027247 -0.008971 0.009254
v 0.034668 -0.002287 0.008105
v 0.041184 0.001234 0.007643
v 0.050900 -0.003842 0.009287
v 0.048441 -0.009435 0.010371
v 0.044496 -0.016066 0.011649
v 0.036332 -0.024866 0.013267
v 0.026902 -0.024855 0.012823
v 0.050332 0.004693 0.007378
v 0.033735 -0.016979 0.011332
v 0.040240 -0.008878 0.009826
v 0.045086 -0.004085 0.009004
v 0.047911 0.000658 0.008133
v 0.026218 -0.022069 0.012155
v 0.051394 0.002484 0.007931
v 0.033287 -0.027040 0.013633
v 0.026223 -0.013260 0.010167
v 0.029816 -0.005022 0.008486
v 0.038559 -0.000484 0.007887
v 0.043115 0.003158 0.007321
v 0.051660 -0.001391 0.008800
v 0.049865 -0.006572 0.009818
v 0.046505 -0.012637 0.010981
v 0.040786 -0.020657 0.012497
v 0.035362 -0.021107 0.012347
v 0.042579 -0.012351 0.010712
v 0.047135 -0.006984 0.009746
v 0.049578 -0.001782 0.008760
v 0.028919 -0.027110 0.013439
v 0.031437 -0.012345 0.010196
v 0.037675 -0.005058 0.008859
v 0.042938 -0.001185 0.008263
v 0.046257 0.003098 0.007506
v 0.046574 -0.001707 0.008570
v 0.042861 -0.006401 0.009400
v 0.037386 -0.012344 0.010456
v 0.030407 -0.020888 0.012077
v 0.049164 0.002863 0.007721
v 0.028535 -0.017669 0.011261
v 0.034588 -0.008656 0.009514
v 0.040507 -0.003035 0.008547
v 0.044655 0.000938 0.007891
v 0.048453 -0.004352 0.009249
v 0.045008 -0.009773 0.010256
v 0.039345 -0.016925 0.011574
v 0.031690 -0.024324 0.012926
v 0.050529 0.000553 0.008307
v 0.026117 -0.020401 0.011770
v 0.031728 -0.028065 0.013797
v 0.038567 -0.022855 0.012900
v 0.035947 -0.023175 0.012852
v 0.043396 -0.014910 0.011329
v 0.027884 -0.026007 0.013135
v 0.032780 -0.015141 0.010879
v 0.035393 -0.015103 0.010985
v 0.028264 -0.023089 0.012485
v 0.026441 -0.023517 0.012496
v 0.034751 -0.026035 0.013467
v 0.026065 -0.016462 0.010877
v 0.042685 -0.018440 0.012089
v 0.034691 -0.019014 0.011836
v 0.029832 -0.028092 0.013710
v 0.032147 -0.018908 0.011700
v 0.029576 -0.019289 0.011675
v 0.027543 -0.015712 0.010776
v 0.027264 -0.020056 0.011745
v 0.029825 -0.015506 0.010832
v 0.040162 -0.018947 0.012074
v 0.038443 -0.015083 0.011120
v 0.037417 -0.019040 0.011965
v 0.040770 -0.015015 0.011220
v 0.032682 -0.025783 0.013311
v 0.030939 -0.022644 0.012505
v 0.030052 -0.025870 0.013208
v 0.033514 -0.022746 0.012643
v 0.032834 -0.020832 0.012172
v 0.029067 -0.024519 0.012850
v 0.031045 -0.027080 0.013535
v 0.036624 -0.016967 0.011457
v 0.038117 -0.021118 0.012474
v 0.026752 -0.018117 0.011282
v 0.027756 -0.021607 0.012122
v 0.031039 -0.017137 0.011251
v 0.041932 -0.016794 0.011677
v 0.034287 -0.024526 0.013092
vn -0.1186 -0.0054 -0.9929
vn -0.1201 0.0313 -0.9923
vn -0.1216 0.0677 -0.9903
vn -0.1229 0.1039 -0.9870
vn -0.1241 0.1396 -0.9824
vn 0.1187 0.0004 0.9929
vn 0.1186 0.0248 0.9926
vn 0.1185 0.0491 0.9917
vn 0.1183 0.0733 0.9903
vn 0.1181 0.0974 0.9882
vn -0.1187 -0.0004 0.9929
vn -0.1186 -0.0248 0.9926
vn -0.1184 -0.0491 0.9917
vn -0.1183 -0.0733 0.9903
vn -0.1181 -0.0974 0.9882
vn 0.1186 0.0054 -0.9929
vn 0.1201 -0.0312 -0.9923
vn 0.1216 -0.0677 -0.9903
vn 0.1229 -0.1039 -0.9870
vn 0.1241 -0.1396 -0.9824
vn -0.0262 0.0068 -0.9996
vn -0.0178 -0.2181 -0.9758
vn -0.0113 -0.2304 -0.9730
vn 0.0004 0.0003 -1.0000
vn 0.0028 -0.2295 -0.9733
vn -0.0135 -0.2267 -0.9739
vn 0.0252 -0.0089 -0.9996
vn 0.0193 -0.2071 -0.9781
vn 0.0173 -0.2302 -0.9730
vn 0.1637 -0.0418 -0.9856
vn 0.1338 -0.1274 -0.9828
vn 0.0628 -0.1875 -0.9803
vn 0.0759 -0.0225 -0.9969
vn 0.1355 -0.0975 -0.9860
vn 0.1486 -0.0306 -0.9884
vn -0.0844 -0.0032 -0.9964
vn -0.0569 -0.1888 -0.9804
vn -0.1255 -0.1080 -0.9862
vn -0.1014 -0.0315 -0.9943
vn -0.2088 -0.8984 -0.3863
vn -0.2287 -0.8867 -0.4017
vn -0.0715 -0.0207 -0.9972
vn -0.2483 -0.8589 -0.4479
vn -0.0968 -0.9483 -0.3024
vn -0.1073 -0.0482 -0.9931
vn -0.1099 0.0192 -0.9938
vn -0.5142 -0.0848 -0.8535
vn -0.2652 0.9038 -0.3360
vn -0.1738 0.9570 -0.2324
vn -0.0789 0.0249 -0.9966
vn -0.2306 0.9154 -0.3300
vn -0.1138 0.0187 -0.9933
vn -0.3037 0.8625 -0.4048
vn -0.1189 -0.0020 -0.9929
vn -0.0127 0.0039 -0.9999
vn 0.0282 -0.0051 -0.9996
vn 0.0259 -0.0083 -0.9996
vn 0.0821 -0.0116 -0.9966
vn 0.0215 -0.0023 -0.9998
vn -0.0214 0.0054 -0.9998
vn -0.0184 0.2171 -0.9760
vn -0.0227 0.2150 -0.9764
vn 0.0147 0.2314 -0.9728
vn -0.0019 0.2224 -0.9749
vn 0.0688 0.1962 -0.9781
vn 0.0185 0.2173 -0.9759
vn 0.1364 0.0913 -0.9864
vn 0.1436 0.1415 -0.9795
vn 0.0253 0.0033 -0.9997
vn 0.0812 -0.0049 -0.9967
vn 0.3259 0.9316 0.1609
vn -0.0671 0.1800 -0.9814
vn 0.5047 -0.0050 -0.8633
vn 0.5051 -0.0034 -0.8631
vn 0.5046 -0.0010 -0.8633
vn -0.0113 -0.2303 0.9731
vn -0.0178 -0.2180 0.9758
vn -0.0262 0.0071 0.9996
vn -0.0136 -0.2267 0.9739
vn 0.0029 -0.2291 0.9734
vn 0.0001 0.0013 1.0000
vn 0.0173 -0.2302 0.9730
vn 0.0193 -0.2071 0.9781
vn 0.0252 -0.0086 0.9996
vn 0.0640 -0.1873 0.9802
vn 0.1341 -0.1269 0.9828
vn 0.1640 -0.0418 0.9856
vn 0.0763 -0.0227 0.9968
vn 0.0817 -0.0050 0.9966
vn 0.1491 -0.0317 0.9883
vn -0.1255 -0.1076 0.9862
vn -0.0551 -0.1893 0.9804
vn -0.0809 -0.0021 0.9967
vn -0.1012 -0.0312 0.9944
vn -0.1072 -0.0476 0.9931
vn -0.2274 -0.8961 0.3812
vn -0.0711 -0.0211 0.9972
vn -0.0247 -0.9849 0.1715
vn -0.1055 -0.9423 0.3177
vn -0.2488 -0.8666 0.4325
vn -0.1096 0.0177 0.9938
vn -0.2085 -0.9052 0.3704
vn -0.0783 0.0252 0.9966
vn -0.1731 0.9597 0.2214
vn -0.2569 0.9178 0.3026
vn -0.1138 0.0188 0.9933
vn -0.2350 0.9149 0.3282
vn -0.1188 -0.0024 0.9929
vn -0.3040 0.8707 0.3866
vn -0.5150 -0.0797 0.8535
vn -0.0127 0.0039 0.9999
vn 0.0260 -0.0085 0.9996
vn 0.0284 -0.0052 0.9996
vn 0.1357 -0.0975 0.9859
vn 0.0843 -0.0094 0.9964
vn 0.0215 -0.0016 0.9998
vn -0.0214 0.0060 0.9998
vn -0.0184 0.2171 0.9760
vn -0.0227 0.2150 0.9764
vn 0.0148 0.2315 0.9727
vn -0.0018 0.2226 0.9749
vn 0.0704 0.1966 0.9780
vn 0.0185 0.2174 0.9759
vn 0.1367 0.0916 0.9864
vn 0.1439 0.1410 0.9795
vn 0.0255 0.0035 0.9997
vn 0.3450 0.9385 0.0165
vn -0.0168 0.2482 0.9686
vn -0.0651 0.1820 0.9811
vn 0.5035 -0.0034 0.8640
vn 0.5032 -0.0050 0.8642
vn 0.5031 -0.0010 0.8642
vn -0.4959 0.3722 -0.7846
vn -0.5018 0.3766 0.7787
vn -0.0769 -0.4335 -0.8979
vn -0.1403 -0.9498 -0.2797
vn -0.2293 -0.9054 -0.3573
vn 0.4464 0.2228 -0.8666
vn 0.0004 0.0890 -0.9960
vn -0.0761 0.9684 -0.2374
vn 0.1381 -0.2063 -0.9687
vn 0.0729 -0.0425 -0.9964
vn 0.0882 -0.8747 -0.4766
vn 0.0671 -0.4158 -0.9070
vn 0.1227 -0.3085 -0.9433
vn 0.2067 -0.9478 -0.2427
vn 0.0238 -0.4584 -0.8884
vn 0.0367 -0.9925 -0.1169
vn 0.0035 -0.9912 -0.1323
vn -0.0037 -0.4645 -0.8856
vn -0.0140 -0.9878 -0.1549
vn -0.0132 -0.9879 -0.1545
vn -0.0179 -0.4459 -0.8949
vn -0.0211 -0.9877 -0.1549
vn -0.0613 -0.9806 -0.1860
vn -0.0454 0.4121 -0.9100
vn -0.0902 0.4152 -0.9052
vn -0.1679 0.9605 -0.2219
vn -0.0276 0.4449 -0.8951
vn -0.0445 0.4328 -0.9004
vn -0.0891 0.9873 -0.1317
vn 0.0015 0.4699 -0.8827
vn -0.0067 0.9931 -0.1173
vn 0.0279 0.9844 -0.1739
vn 0.0235 0.4260 -0.9044
vn 0.0307 0.9876 -0.1536
vn 0.1006 0.9713 -0.2157
vn 0.1354 0.3190 -0.9380
vn 0.2460 0.8990 -0.3624
vn 0.3166 0.8327 -0.4543
vn -0.1000 -0.2989 -0.9490
vn -0.2756 -0.8854 -0.3743
vn -0.1663 -0.9417 -0.2925
vn -0.1111 -0.3909 -0.9137
vn -0.1258 -0.9689 -0.2132
vn -0.2714 -0.8880 -0.3713
vn -0.1105 0.6156 -0.7803
vn -0.1730 0.9683 -0.1800
vn -0.1966 0.9479 -0.2507
vn -0.2213 0.2882 -0.9317
vn -0.1662 0.1821 -0.9691
vn -0.4959 0.6933 -0.5229
vn -0.0324 -0.4438 -0.8955
vn 0.1344 0.1933 -0.9719
vn 0.0646 0.9470 -0.3147
vn 0.0053 -0.1298 -0.9915
vn -0.0768 -0.9669 -0.2434
vn 0.3182 -0.8708 -0.3748
vn 0.0929 -0.9884 -0.1204
vn 0.0095 -0.4765 -0.8791
vn -0.0121 -0.4549 -0.8904
vn -0.1047 0.1427 -0.9842
vn -0.1290 0.9751 -0.1801
vn -0.0500 0.9914 -0.1205
vn 0.0163 0.4179 -0.9083
vn 0.0730 0.3847 -0.9201
vn -0.1531 -0.3911 -0.9075
vn -0.0795 -0.7177 -0.6918
vn -0.2580 0.9315 -0.2562
vn -0.0404 -0.9786 -0.2016
vn -0.2065 -0.9445 -0.2556
vn 0.0029 0.9999 0.0153
vn 0.4701 -0.1937 -0.8611
vn 0.0577 -0.9942 -0.0905
vn -0.2300 -0.9134 0.3357
vn -0.1389 -0.9544 0.2643
vn -0.0750 -0.4296 0.8999
vn -0.0842 0.9632 0.2551
vn 0.0001 0.0888 0.9960
vn 0.4553 0.2209 0.8625
vn 0.0775 -0.8828 0.4632
vn 0.0734 -0.0421 0.9964
vn 0.1381 -0.2069 0.9686
vn 0.2089 -0.9429 0.2595
vn 0.1230 -0.3085 0.9432
vn 0.0683 -0.4155 0.9070
vn 0.0059 -0.9917 0.1281
vn 0.0396 -0.9924 0.1164
vn 0.0238 -0.4581 0.8886
vn -0.0134 -0.9883 0.1522
vn -0.0140 -0.9882 0.1523
vn -0.0037 -0.4632 0.8862
vn -0.0579 -0.9831 0.1739
vn -0.0170 -0.9886 0.1498
vn -0.0178 -0.4453 0.8952
vn -0.1657 0.9634 0.2108
vn -0.0882 0.4127 0.9066
vn -0.0453 0.4118 0.9102
vn -0.0852 0.9885 0.1251
vn -0.0443 0.4324 0.9006
vn -0.0275 0.4450 0.8951
vn 0.0261 0.9844 0.1741
vn 0.0017 0.9923 0.1242
vn 0.0020 0.4707 0.8823
vn 0.1047 0.9668 0.2331
vn 0.0332 0.9863 0.1616
vn 0.0236 0.4266 0.9041
vn 0.3141 0.8206 0.4774
vn 0.2452 0.8897 0.3851
vn 0.1357 0.3207 0.9374
vn -0.1688 -0.9444 0.2822
vn -0.2770 -0.8950 0.3496
vn -0.1010 -0.2968 0.9496
vn -0.2688 -0.9043 0.3318
vn -0.1246 -0.9723 0.1978
vn -0.1115 -0.3860 0.9157
vn -0.1980 0.9497 0.2427
vn -0.1730 0.9704 0.1686
vn -0.1061 0.6035 0.7903
vn -0.5038 0.7107 0.4910
vn -0.1637 0.1755 0.9708
vn -0.2175 0.2835 0.9340
vn -0.0321 -0.4425 0.8962
vn 0.0527 0.9559 0.2888
vn 0.1347 0.1943 0.9717
vn -0.0786 -0.9664 0.2446
vn 0.0053 -0.1292 0.9916
vn 0.3174 -0.8614 0.3965
vn 0.0993 -0.9864 0.1311
vn 0.0097 -0.4755 0.8797
vn -0.0121 -0.4542 0.8908
vn -0.1045 0.1435 0.9841
vn -0.1280 0.9763 0.1743
vn -0.0478 0.9916 0.1199
vn 0.0163 0.4186 0.9080
vn 0.0746 0.3860 0.9195
vn -0.1517 -0.3877 0.9092
vn -0.0764 -0.7127 0.6973
vn -0.2536 0.9404 0.2266
vn -0.1823 -0.9625 0.2009
vn -0.0396 -0.9800 0.1950
vn 0.0034 1.0000 0.0071
vn 0.0722 -0.9925 0.0988
vn 0.4768 -0.1924 0.8577
vn -0.0297 0.9955 -0.0902
vn -0.0149 0.9951 0.0979
vn -0.0168 0.2483 -0.9685
vn -0.5102 0.2733 -0.8155
vn -0.5167 0.2763 0.8103
vn 0.0089 -0.0164 0.9998
vn 0.0066 -0.0169 0.9998
vn -0.0037 -0.0186 0.9998
vn -0.0006 -0.0136 0.9999
vn 0.0005 -0.0144 0.9999
vn -0.0014 -0.0207 0.9998
vn -0.0008 -0.0134 0.9999
vn -0.0016 -0.0035 1.0000
vn 0.0068 -0.0243 0.9997
vn -0.0029 -0.0155 0.9999
vn 0.0083 -0.0159 0.9998
vn 0.0096 -0.0168 0.9998
vn -0.0017 -0.0145 0.9999
vn 0.0074 -0.0233 0.9997
vn 0.0072 -0.0220 0.9997
vn 0.0102 -0.0168 0.9998
vn -0.0029 -0.0147 0.9999
vn -0.0027 -0.0148 0.9999
vn -0.0000 -0.0153 0.9999
vn -0.0005 -0.0083 1.0000
vn -0.0029 -0.0022 1.0000
vn -0.0069 -0.0062 1.0000
vn -0.0042 -0.0142 0.9999
vn 0.0074 -0.0121 0.9999
vn 0.0073 -0.0130 0.9999
vn -0.0008 -0.0110 0.9999
vn -0.0003 -0.0155 0.9999
vn -0.0007 -0.0199 0.9998
vn -0.0018 -0.0175 0.9998
vn -0.0028 -0.0159 0.9999
vn -0.0079 -0.0240 0.9997
vn -0.0059 -0.0267 0.9996
vn 0.0011 -0.0177 0.9998
vn -0.0031 -0.0271 0.9996
vn 0.0034 -0.0298 0.9996
vn 0.0021 -0.0214 0.9998
vn 0.0087 -0.0157 0.9998
vn 0.0105 -0.0158 0.9998
vn -0.0036 -0.0172 0.9998
vn 0.0080 -0.0148 0.9999
vn 0.0075 -0.0149 0.9999
vn -0.0029 -0.0171 0.9999
vn 0.0091 -0.0164 0.9998
vn 0.0081 -0.0138 0.9999
vn 0.0022 -0.0155 0.9999
vn -0.0034 0.0003 1.0000
vn -0.0088 -0.0076 0.9999
vn 0.0059 -0.0088 0.9999
vn 0.0040 -0.0236 0.9997
vn 0.0013 -0.0196 0.9998
vn 0.0052 -0.0215 0.9998
vn 0.0047 -0.0184 0.9998
vn 0.0004 -0.0175 0.9998
vn -0.0006 -0.0168 0.9999
vn 0.0005 -0.0182 0.9998
vn 0.0037 -0.0198 0.9998
vn 0.0020 -0.0185 0.9998
vn 0.0027 -0.0217 0.9998
vn -0.0029 -0.0014 1.0000
vn -0.0064 0.0016 1.0000
vn 0.0017 -0.0021 1.0000
vn 0.0054 -0.0062 1.0000
vn 0.0083 -0.0088 0.9999
vn -0.0071 -0.0094 0.9999
vn -0.0031 -0.0076 1.0000
vn 0.0001 -0.0083 1.0000
vn -0.0073 -0.0030 1.0000
vn 0.0069 -0.0139 0.9999
vn 0.0052 -0.0128 0.9999
vn 0.0007 -0.0148 0.9999
vn 0.0079 -0.0137 0.9999
vn 0.0073 -0.0115 0.9999
vn 0.0077 -0.0126 0.9999
vn 0.0090 -0.0162 0.9998
vn 0.0082 -0.0141 0.9999
vn 0.0009 -0.0157 0.9999
vn 0.0010 -0.0154 0.9999
vn -0.0030 -0.0162 0.9999
vn 0.0110 -0.0164 0.9998
vn 0.0111 -0.0155 0.9998
vn 0.0078 -0.0154 0.9999
vn 0.0092 -0.0164 0.9998
vn 0.0075 -0.0147 0.9999
vn 0.0030 -0.0159 0.9999
vn 0.0020 -0.0167 0.9999
vn -0.0040 -0.0180 0.9998
vn 0.0090 -0.0152 0.9998
vn 0.0085 -0.0152 0.9998
vn 0.0102 -0.0152 0.9998
vn 0.0095 -0.0186 0.9998
vn 0.0091 -0.0166 0.9998
vn 0.0105 -0.0171 0.9998
vn 0.0006 -0.0242 0.9997
vn 0.0020 -0.0293 0.9996
vn 0.0051 -0.0230 0.9997
vn 0.0187 -0.0269 0.9995
vn 0.0118 -0.0242 0.9996
vn 0.0087 -0.0307 0.9995
vn -0.0023 -0.0359 0.9994
vn 0.0165 -0.0238 0.9996
vn -0.0009 -0.0255 0.9997
vn -0.0042 -0.0236 0.9997
vn -0.0026 -0.0218 0.9998
vn 0.0011 -0.0145 0.9999
vn -0.0062 -0.0290 0.9996
vn -0.0050 -0.0304 0.9995
vn -0.0048 -0.0268 0.9996
vn -0.0072 -0.0234 0.9997
vn -0.0070 -0.0272 0.9996
vn -0.0069 -0.0260 0.9996
vn 0.0067 -0.0153 0.9999
vn 0.0061 -0.0138 0.9999
vn -0.0054 -0.0178 0.9998
vn -0.0050 -0.0180 0.9998
vn -0.0030 -0.0156 0.9999
vn -0.0056 -0.0178 0.9998
vn -0.0056 -0.0177 0.9998
vn -0.0023 -0.0166 0.9999
vn 0.0086 -0.0205 0.9998
vn 0.0087 -0.0210 0.9997
vn -0.0048 -0.0186 0.9998
vn -0.0055 -0.0187 0.9998
vn -0.0013 -0.0199 0.9998
vn -0.0019 -0.0145 0.9999
vn -0.0039 -0.0165 0.9999
vn -0.0006 -0.0190 0.9998
vn 0.0031 -0.0124 0.9999
vn 0.0032 -0.0131 0.9999
vn 0.0004 -0.0128 0.9999
vn 0.0048 -0.0143 0.9999
vn 0.0072 -0.0169 0.9998
vn 0.0076 -0.0138 0.9999
vn 0.0061 -0.0098 0.9999
vn 0.0037 -0.0114 0.9999
vn 0.0070 -0.0123 0.9999
vn -0.0062 -0.0067 1.0000
vn -0.0081 -0.0178 0.9998
vn -0.0014 -0.0202 0.9998
vn 0.0033 -0.0152 0.9999
vn 0.0033 -0.0130 0.9999
vn -0.0062 -0.0155 0.9999
vn 0.0082 -0.0094 0.9999
vn 0.0120 -0.0152 0.9998
vn -0.0070 -0.0073 0.9999
vn 0.0053 -0.0068 1.0000
vn 0.0058 -0.0032 1.0000
vn -0.0021 -0.0095 1.0000
vn -0.0008 -0.0106 0.9999
vn 0.0010 -0.0078 1.0000
vn -0.0017 -0.0144 0.9999
vn -0.0024 -0.0119 0.9999
vn -0.0006 -0.0117 0.9999
vn 0.0040 -0.0114 0.9999
vn 0.0035 -0.0114 0.9999
vn -0.0035 -0.0139 0.9999
vn -0.0035 -0.0138 0.9999
vn -0.0021 -0.0136 0.9999
vn -0.0041 -0.0164 0.9999
vn -0.0035 -0.0145 0.9999
vn -0.0029 -0.0148 0.9999
vn 0.0093 -0.0209 0.9997
vn 0.0101 -0.0199 0.9998
vn 0.0099 -0.0175 0.9998
vn 0.0115 -0.0196 0.9997
vn 0.0104 -0.0191 0.9998
vn 0.0078 -0.0222 0.9997
vn 0.0121 -0.0236 0.9996
vn 0.0119 -0.0227 0.9997
vn 0.0065 -0.0230 0.9997
vn 0.0029 -0.0163 0.9999
vn 0.0038 -0.0175 0.9998
vn -0.0013 -0.0151 0.9999
vn 0.0104 -0.0165 0.9998
vn 0.0097 -0.0177 0.9998
vn 0.0110 -0.0156 0.9998
vn 0.0107 -0.0157 0.9998
vn 0.0091 -0.0162 0.9998
vn 0.0013 -0.0154 0.9999
vn 0.0019 -0.0155 0.9999
vn -0.0024 -0.0150 0.9999
vn 0.0054 -0.0295 0.9995
vn 0.0071 -0.0264 0.9996
vn 0.0088 -0.0212 0.9997
vn 0.0054 -0.0124 0.9999
vn 0.0047 -0.0116 0.9999
vn 0.0045 -0.0159 0.9999
vn 0.0047 -0.0114 0.9999
vn -0.0077 -0.0043 1.0000
vn -0.0075 -0.0103 0.9999
vn -0.0035 -0.0082 1.0000
vn 0.0034 -0.0123 0.9999
vn 0.0022 -0.0120 0.9999
vn -0.0015 -0.0119 0.9999
vn 0.0060 -0.0166 0.9998
vn 0.0075 -0.0198 0.9998
vn 0.0081 -0.0182 0.9998
vn 0.0074 -0.0165 0.9998
vn -0.0065 -0.0227 0.9997
vn -0.0055 -0.0235 0.9997
vn -0.0000 -0.0201 0.9998
vn -0.0010 -0.0182 0.9998
vn 0.0011 -0.0173 0.9998
vn 0.0037 -0.0143 0.9999
vn 0.0041 -0.0151 0.9999
vn -0.0024 -0.0145 0.9999
vn 0.0016 -0.0167 0.9999
vn 0.0011 -0.0161 0.9999
vn -0.0032 -0.0182 0.9998
vn 0.0088 -0.0164 0.9998
vn 0.0076 -0.0142 0.9999
vn 0.0043 -0.0148 0.9999
vn 0.0060 -0.0110 0.9999
vn 0.0017 -0.0049 1.0000
vn 0.0079 -0.0140 0.9999
vn 0.0069 -0.0266 0.9996
vn 0.0060 -0.0242 0.9997
vn -0.0041 -0.0252 0.9997
vn 0.0047 -0.0088 1.0000
vn -0.0000 -0.0179 0.9998
vn -0.0018 -0.0200 0.9998
vn -0.0058 -0.0272 0.9996
vn 0.0065 -0.0322 0.9995
vn -0.0049 -0.0089 0.9999
vn 0.0076 -0.0208 0.9998
vn 0.0001 -0.0087 1.0000
vn -0.0023 -0.0030 1.0000
vn -0.0050 -0.0008 1.0000
vn -0.0090 -0.0105 0.9999
vn 0.0033 -0.0175 0.9998
vn -0.0066 -0.0227 0.9997
vn 0.0208 0.0062 0.9998
vn -0.0086 -0.0195 0.9998
vn 0.0045 -0.0426 0.9991
vn -0.0238 -0.0376 0.9990
vn 0.0047 -0.0241 0.9997
vn -0.0102 -0.0143 0.9998
vn -0.0046 -0.0218 0.9998
vn 0.0017 -0.0306 0.9995
vn -0.0025 -0.0297 0.9996
vn -0.0004 -0.0182 0.9998
vn 0.0015 -0.0193 0.9998
vn 0.0040 -0.0263 0.9996
vn 0.0034 -0.0108 0.9999
vn 0.0039 -0.0157 0.9999
vn 0.0016 -0.0212 0.9998
vn 0.0037 -0.0107 0.9999
vn 0.0046 -0.0121 0.9999
vn 0.0056 -0.0126 0.9999
vn -0.0053 -0.0273 0.9996
vn -0.0040 -0.0272 0.9996
vn -0.0031 -0.0242 0.9997
vn 0.0055 -0.0120 0.9999
vn 0.0041 -0.0104 0.9999
vn 0.0056 -0.0129 0.9999
vn 0.0020 -0.0122 0.9999
vn 0.0025 -0.0091 1.0000
vn 0.0028 -0.0120 0.9999
vn 0.0031 -0.0125 0.9999
vn 0.0042 -0.0111 0.9999
vn 0.0018 -0.0191 0.9998
vn 0.0050 -0.0134 0.9999
vn 0.0052 -0.0158 0.9999
vn 0.0041 -0.0206 0.9998
vn 0.0045 -0.0088 1.0000
vn 0.0051 -0.0115 0.9999
vn 0.0036 -0.0142 0.9999
vn 0.0026 -0.0251 0.9997
vn -0.0084 -0.0259 0.9996
vn -0.0008 0.0020 1.0000
vn 0.0002 0.0017 1.0000
vn -0.0023 -0.0072 1.0000
vn -0.0003 -0.0064 1.0000
vn -0.0010 -0.0009 1.0000
vn -0.0051 -0.0004 1.0000
vn -0.0025 -0.0047 1.0000
vn -0.0085 -0.0052 1.0000
vn -0.0075 -0.0112 0.9999
vn 0.0009 -0.0156 0.9999
vn 0.0010 -0.0171 0.9999
vn 0.0013 -0.0194 0.9998
vn 0.0044 -0.0094 0.9999
vn 0.0050 -0.0104 0.9999
vn 0.0053 -0.0105 0.9999
vn 0.0162 -0.0401 -0.9991
vn -0.0010 -0.0094 -1.0000
vn 0.0024 -0.0165 -0.9999
vn 0.0032 -0.0209 -0.9998
vn 0.0100 -0.0316 -0.9995
vn 0.0029 -0.0301 -0.9995
vn 0.0091 -0.0182 -0.9998
vn -0.0002 -0.0164 -0.9999
vn 0.0035 -0.0081 -1.0000
vn 0.0027 -0.0035 -1.0000
vn 0.0064 -0.0010 -1.0000
vn 0.0111 -0.0057 -0.9999
vn 0.0025 -0.0140 -0.9999
vn 0.0106 -0.0158 -0.9998
vn -0.0048 -0.0102 -0.9999
vn 0.0064 -0.0177 -0.9998
vn 0.0033 -0.0200 -0.9998
vn 0.0203 -0.0284 -0.9994
vn 0.0052 -0.0243 -0.9997
vn 0.0161 -0.0234 -0.9996
vn 0.0060 -0.0254 -0.9997
vn 0.0036 -0.0295 -0.9996
vn 0.0061 -0.0340 -0.9994
vn 0.0030 -0.0188 -0.9998
vn 0.0030 -0.0193 -0.9998
vn 0.0031 -0.0227 -0.9997
vn -0.0000 -0.0122 -0.9999
vn 0.0005 -0.0169 -0.9999
vn 0.0023 -0.0196 -0.9998
vn 0.0010 -0.0112 -0.9999
vn 0.0005 -0.0133 -0.9999
vn 0.0001 -0.0136 -0.9999
vn 0.0142 -0.0383 -0.9992
vn 0.0093 -0.0363 -0.9993
vn 0.0113 -0.0350 -0.9993
vn 0.0009 -0.0136 -0.9999
vn 0.0011 -0.0101 -0.9999
vn 0.0008 -0.0120 -0.9999
vn 0.0004 -0.0132 -0.9999
vn 0.0010 -0.0108 -0.9999
vn 0.0009 -0.0098 -1.0000
vn 0.0011 -0.0121 -0.9999
vn 0.0011 -0.0134 -0.9999
vn 0.0011 -0.0127 -0.9999
vn 0.0019 -0.0185 -0.9998
vn -0.0006 -0.0144 -0.9999
vn 0.0003 -0.0155 -0.9999
vn 0.0012 -0.0191 -0.9998
vn -0.0014 -0.0103 -0.9999
vn -0.0012 -0.0123 -0.9999
vn 0.0002 -0.0144 -0.9999
vn 0.0047 -0.0199 -0.9998
vn 0.0141 -0.0169 -0.9998
vn 0.0020 0.0010 -1.0000
vn 0.0009 -0.0006 -1.0000
vn 0.0048 -0.0058 -1.0000
vn 0.0021 -0.0055 -1.0000
vn 0.0025 -0.0007 -1.0000
vn 0.0053 -0.0003 -1.0000
vn 0.0032 -0.0044 -1.0000
vn 0.0075 -0.0029 -1.0000
vn 0.0072 -0.0067 -1.0000
vn 0.0022 -0.0146 -0.9999
vn 0.0024 -0.0170 -0.9999
vn 0.0023 -0.0179 -0.9998
vn 0.0004 -0.0100 -0.9999
vn 0.0008 -0.0117 -0.9999
vn -0.0006 -0.0111 -0.9999
vn 0.0573 -0.2139 0.9752
vn 0.0454 -0.2280 0.9726
vn 0.0517 -0.2202 0.9741
vn 0.0543 -0.2185 0.9743
vn 0.0596 -0.2123 0.9754
vn 0.0543 -0.2111 0.9760
vn 0.0486 -0.2135 0.9757
vn 0.0454 -0.2149 0.9756
vn 0.0423 -0.2210 0.9744
vn 0.0442 -0.2234 0.9737
vn 0.0442 -0.2212 0.9742
vn 0.0434 -0.2194 0.9747
vn 0.0428 -0.2181 0.9750
vn 0.0438 -0.2178 0.9750
vn 0.0453 -0.2164 0.9753
vn 0.0459 -0.2160 0.9753
vn 0.0462 -0.2153 0.9755
vn 0.0493 -0.2145 0.9755
vn 0.0521 -0.2110 0.9761
vn 0.0517 -0.2127 0.9757
vn 0.0587 -0.2173 0.9743
vn 0.0541 -0.2114 0.9759
vn 0.0564 -0.2105 0.9760
vn 0.0522 -0.2199 0.9741
vn 0.0471 -0.2171 0.9750
vn 0.0493 -0.2158 0.9752
vn 0.0472 -0.2263 0.9729
vn 0.0454 -0.2215 0.9741
vn 0.0482 -0.2168 0.9750
vn 0.0466 -0.2263 0.9729
vn 0.0449 -0.2249 0.9733
vn 0.0429 -0.2242 0.9736
vn 0.0589 -0.2122 0.9755
vn 0.0566 -0.2120 0.9756
vn 0.0558 -0.2147 0.9751
vn 0.0434 -0.2248 0.9734
vn 0.0433 -0.2239 0.9737
vn 0.0426 -0.2236 0.9737
vn 0.0470 -0.2242 0.9734
vn 0.0468 -0.2234 0.9736
vn 0.0444 -0.2237 0.9736
vn 0.0480 -0.2252 0.9731
vn 0.0474 -0.2247 0.9733
vn 0.0457 -0.2259 0.9731
vn 0.0482 -0.2173 0.9749
vn 0.0440 -0.2236 0.9737
vn 0.0430 -0.2212 0.9743
vn 0.0446 -0.2174 0.9751
vn 0.0456 -0.2280 0.9726
vn 0.0441 -0.2253 0.9733
vn 0.0462 -0.2230 0.9737
vn 0.0428 -0.2172 0.9752
vn 0.0433 -0.2182 0.9749
vn 0.0456 -0.2218 0.9740
vn 0.0459 -0.2210 0.9742
vn 0.0452 -0.2197 0.9745
vn 0.0465 -0.2223 0.9739
vn 0.0461 -0.2224 0.9739
vn 0.0441 -0.2226 0.9739
vn 0.0428 -0.2230 0.9739
vn 0.0426 -0.2188 0.9748
vn 0.0505 -0.2221 0.9737
vn 0.0500 -0.2207 0.9741
vn 0.0491 -0.2185 0.9746
vn 0.0457 -0.2274 0.9727
vn 0.0444 -0.2264 0.9730
vn 0.0439 -0.2263 0.9731
vn -0.0573 0.2139 0.9752
vn -0.0454 0.2280 0.9726
vn -0.0516 0.2202 0.9741
vn -0.0543 0.2185 0.9743
vn -0.0597 0.2123 0.9754
vn -0.0543 0.2111 0.9760
vn -0.0486 0.2135 0.9757
vn -0.0454 0.2149 0.9756
vn -0.0423 0.2210 0.9744
vn -0.0442 0.2235 0.9737
vn -0.0442 0.2212 0.9742
vn -0.0434 0.2194 0.9747
vn -0.0428 0.2181 0.9750
vn -0.0438 0.2178 0.9750
vn -0.0453 0.2164 0.9753
vn -0.0459 0.2160 0.9753
vn -0.0462 0.2153 0.9755
vn -0.0493 0.2145 0.9755
vn -0.0521 0.2110 0.9761
vn -0.0517 0.2127 0.9757
vn -0.0587 0.2173 0.9743
vn -0.0540 0.2114 0.9759
vn -0.0564 0.2104 0.9760
vn -0.0522 0.2199 0.9741
vn -0.0471 0.2171 0.9750
vn -0.0493 0.2159 0.9752
vn -0.0472 0.2263 0.9729
vn -0.0454 0.2216 0.9741
vn -0.0482 0.2167 0.9750
vn -0.0466 0.2263 0.9729
vn -0.0449 0.2249 0.9733
vn -0.0430 0.2242 0.9736
vn -0.0589 0.2122 0.9755
vn -0.0566 0.2120 0.9756
vn -0.0557 0.2148 0.9751
vn -0.0434 0.2248 0.9734
vn -0.0433 0.2239 0.9737
vn -0.0426 0.2236 0.9738
vn -0.0470 0.2242 0.9734
vn -0.0468 0.2234 0.9736
vn -0.0444 0.2237 0.9736
vn -0.0480 0.2252 0.9731
vn -0.0474 0.2247 0.9733
vn -0.0457 0.2259 0.9731
vn -0.0482 0.2173 0.9749
vn -0.0440 0.2236 0.9737
vn -0.0430 0.2212 0.9743
vn -0.0446 0.2174 0.9751
vn -0.0456 0.2280 0.9726
vn -0.0441 0.2253 0.9733
vn -0.0462 0.2230 0.9737
vn -0.0428 0.2172 0.9752
vn -0.0433 0.2182 0.9749
vn -0.0456 0.2218 0.9740
vn -0.0459 0.2210 0.9742
vn -0.0452 0.2197 0.9745
vn -0.0465 0.2223 0.9739
vn -0.0461 0.2224 0.9739
vn -0.0441 0.2225 0.9739
vn -0.0428 0.2230 0.9739
vn -0.0426 0.2188 0.9748
vn -0.0504 0.2221 0.9737
vn -0.0500 0.2207 0.9740
vn -0.0491 0.2185 0.9746
vn -0.0457 0.2274 0.9727
vn -0.0444 0.2264 0.9730
vn -0.0439 0.2263 0.9731
vn 0.0482 -0.2167 0.9750
vn 0.0466 -0.2264 0.9729
vn 0.0430 -0.2242 0.9736
vn 0.0426 -0.2236 0.9738
vn 0.0500 -0.2207 0.9740
vn -0.0517 0.2202 0.9741
vn -0.0442 0.2234 0.9737
vn -0.0557 0.2147 0.9751
vn -0.0427 0.2236 0.9737
vn -0.0480 0.2253 0.9731
vn -0.0431 0.2212 0.9743
vn -0.0462 0.2231 0.9737
vn -0.0455 0.2218 0.9740
vn -0.0458 0.2210 0.9742
vn -0.0451 0.2197 0.9745
vn -0.0461 0.2223 0.9739
vn -0.0441 0.2226 0.9739
vn -0.0429 0.2212 0.9743
vn -0.0505 0.2221 0.9737
vn -0.0500 0.2207 0.9741
vn -0.0457 0.2275 0.9727
vn -0.0248 -0.9844 -0.1741
vn 0.0089 -0.0162 0.9998
vn 0.0065 -0.0203 0.9998
vn -0.0039 -0.0174 0.9998
vn 0.0002 -0.0146 0.9999
vn 0.0005 -0.0159 0.9999
vn -0.0003 -0.0184 0.9998
vn -0.0012 -0.0145 0.9999
vn -0.0033 -0.0096 0.9999
vn 0.0060 -0.0154 0.9999
vn -0.0030 -0.0161 0.9999
vn 0.0079 -0.0146 0.9999
vn 0.0093 -0.0155 0.9998
vn -0.0016 -0.0133 0.9999
vn 0.0087 -0.0309 0.9995
vn 0.0072 -0.0202 0.9998
vn 0.0102 -0.0165 0.9998
vn -0.0030 -0.0155 0.9999
vn -0.0025 -0.0138 0.9999
vn -0.0000 -0.0156 0.9999
vn -0.0008 -0.0076 1.0000
vn -0.0052 -0.0053 1.0000
vn -0.0070 -0.0062 1.0000
vn -0.0038 -0.0135 0.9999
vn 0.0070 -0.0125 0.9999
vn 0.0070 -0.0126 0.9999
vn -0.0016 -0.0095 1.0000
vn 0.0003 -0.0162 0.9999
vn -0.0015 -0.0210 0.9998
vn -0.0029 -0.0189 0.9998
vn -0.0076 -0.0224 0.9997
vn -0.0059 -0.0234 0.9997
vn 0.0016 -0.0154 0.9999
vn -0.0028 -0.0192 0.9998
vn 0.0078 -0.0210 0.9997
vn 0.0031 -0.0164 0.9999
vn 0.0075 -0.0143 0.9999
vn 0.0103 -0.0160 0.9998
vn -0.0027 -0.0187 0.9998
vn 0.0088 -0.0163 0.9998
vn 0.0075 -0.0150 0.9999
vn -0.0029 -0.0170 0.9999
vn 0.0091 -0.0165 0.9998
vn 0.0080 -0.0140 0.9999
vn 0.0016 -0.0178 0.9998
vn -0.0055 -0.0164 0.9999
vn -0.0079 -0.0036 1.0000
vn 0.0055 -0.0136 0.9999
vn 0.0044 -0.0259 0.9997
vn 0.0012 -0.0207 0.9998
vn 0.0053 -0.0213 0.9998
vn 0.0048 -0.0180 0.9998
vn 0.0001 -0.0193 0.9998
vn -0.0008 -0.0180 0.9998
vn 0.0006 -0.0179 0.9998
vn 0.0041 -0.0236 0.9997
vn 0.0018 -0.0215 0.9998
vn 0.0027 -0.0234 0.9997
vn -0.0051 -0.0107 0.9999
vn -0.0083 -0.0046 1.0000
vn 0.0002 -0.0114 0.9999
vn 0.0054 -0.0042 1.0000
vn -0.0038 0.0027 1.0000
vn -0.0031 0.0007 1.0000
vn -0.0003 0.0039 1.0000
vn -0.0086 -0.0097 0.9999
vn 0.0059 -0.0159 0.9999
vn 0.0038 -0.0152 0.9999
vn -0.0000 -0.0169 0.9999
vn 0.0078 -0.0138 0.9999
vn 0.0065 -0.0126 0.9999
vn 0.0075 -0.0129 0.9999
vn 0.0090 -0.0164 0.9998
vn 0.0082 -0.0142 0.9999
vn 0.0010 -0.0164 0.9999
vn -0.0030 -0.0174 0.9998
vn 0.0101 -0.0148 0.9998
vn 0.0111 -0.0153 0.9998
vn 0.0091 -0.0148 0.9998
vn 0.0101 -0.0146 0.9998
vn 0.0080 -0.0155 0.9998
vn 0.0042 -0.0174 0.9998
vn 0.0030 -0.0181 0.9998
vn -0.0037 -0.0187 0.9998
vn 0.0086 -0.0158 0.9998
vn 0.0086 -0.0152 0.9998
vn 0.0089 -0.0169 0.9998
vn 0.0073 -0.0157 0.9998
vn 0.0095 -0.0171 0.9998
vn 0.0087 -0.0151 0.9998
vn 0.0009 -0.0217 0.9998
vn 0.0040 -0.0231 0.9997
vn 0.0031 -0.0158 0.9999
vn 0.0162 -0.0260 0.9995
vn 0.0180 -0.0286 0.9994
vn 0.0073 -0.0286 0.9996
vn 0.0005 -0.0188 0.9998
vn 0.0014 -0.0232 0.9997
vn 0.0008 -0.0166 0.9999
vn -0.0043 -0.0177 0.9998
vn -0.0032 -0.0149 0.9999
vn 0.0010 -0.0152 0.9999
vn -0.0062 -0.0267 0.9996
vn -0.0051 -0.0270 0.9996
vn -0.0051 -0.0220 0.9997
vn -0.0075 -0.0243 0.9997
vn -0.0068 -0.0234 0.9997
vn 0.0071 -0.0195 0.9998
vn 0.0062 -0.0185 0.9998
vn -0.0053 -0.0169 0.9998
vn -0.0049 -0.0163 0.9999
vn -0.0032 -0.0173 0.9998
vn -0.0023 -0.0202 0.9998
vn 0.0075 -0.0190 0.9998
vn 0.0086 -0.0207 0.9997
vn -0.0043 -0.0197 0.9998
vn -0.0050 -0.0200 0.9998
vn -0.0008 -0.0211 0.9998
vn -0.0012 -0.0155 0.9999
vn -0.0024 -0.0188 0.9998
vn -0.0007 -0.0189 0.9998
vn 0.0023 -0.0111 0.9999
vn 0.0031 -0.0129 0.9999
vn 0.0037 -0.0128 0.9999
vn 0.0048 -0.0136 0.9999
vn 0.0073 -0.0133 0.9999
vn 0.0043 -0.0120 0.9999
vn 0.0044 -0.0122 0.9999
vn -0.0088 -0.0121 0.9999
vn -0.0073 -0.0165 0.9998
vn -0.0037 -0.0156 0.9999
vn 0.0044 -0.0176 0.9998
vn -0.0082 -0.0129 0.9999
vn -0.0087 -0.0171 0.9998
vn 0.0099 -0.0084 0.9999
vn 0.0044 -0.0172 0.9998
vn -0.0054 -0.0116 0.9999
vn 0.0049 -0.0058 1.0000
vn 0.0053 -0.0022 1.0000
vn -0.0027 -0.0084 1.0000
vn -0.0021 -0.0081 1.0000
vn -0.0005 -0.0045 1.0000
vn -0.0019 -0.0151 0.9999
vn -0.0024 -0.0117 0.9999
vn -0.0006 -0.0116 0.9999
vn 0.0035 -0.0156 0.9999
vn 0.0029 -0.0145 0.9999
vn -0.0037 -0.0151 0.9999
vn -0.0035 -0.0141 0.9999
vn -0.0021 -0.0135 0.9999
vn -0.0039 -0.0150 0.9999
vn -0.0035 -0.0150 0.9999
vn -0.0028 -0.0144 0.9999
vn 0.0102 -0.0175 0.9998
vn 0.0110 -0.0248 0.9996
vn 0.0099 -0.0240 0.9997
vn 0.0079 -0.0192 0.9998
vn 0.0120 -0.0234 0.9997
vn 0.0120 -0.0239 0.9996
vn 0.0067 -0.0262 0.9996
vn 0.0027 -0.0135 0.9999
vn 0.0040 -0.0138 0.9999
vn -0.0009 -0.0130 0.9999
vn 0.0104 -0.0168 0.9998
vn 0.0100 -0.0177 0.9998
vn 0.0096 -0.0169 0.9998
vn 0.0111 -0.0158 0.9998
vn 0.0109 -0.0162 0.9998
vn 0.0086 -0.0147 0.9999
vn 0.0012 -0.0147 0.9999
vn 0.0018 -0.0140 0.9999
vn -0.0023 -0.0142 0.9999
vn 0.0040 -0.0234 0.9997
vn 0.0064 -0.0206 0.9998
vn 0.0088 -0.0157 0.9998
vn 0.0053 -0.0174 0.9998
vn 0.0043 -0.0164 0.9999
vn 0.0049 -0.0143 0.9999
vn 0.0050 -0.0102 0.9999
vn -0.0083 -0.0027 1.0000
vn -0.0061 -0.0076 1.0000
vn -0.0045 -0.0109 0.9999
vn 0.0024 -0.0137 0.9999
vn 0.0024 -0.0122 0.9999
vn 0.0052 -0.0157 0.9999
vn 0.0059 -0.0179 0.9998
vn 0.0087 -0.0212 0.9997
vn 0.0079 -0.0206 0.9998
vn -0.0062 -0.0203 0.9998
vn -0.0053 -0.0200 0.9998
vn 0.0009 -0.0169 0.9999
vn -0.0019 -0.0161 0.9999
vn -0.0010 -0.0183 0.9998
vn 0.0011 -0.0164 0.9999
vn 0.0031 -0.0136 0.9999
vn 0.0037 -0.0146 0.9999
vn -0.0008 -0.0167 0.9999
vn 0.0019 -0.0179 0.9998
vn 0.0014 -0.0175 0.9998
vn -0.0033 -0.0169 0.9999
vn 0.0087 -0.0171 0.9998
vn 0.0072 -0.0151 0.9999
vn 0.0034 -0.0188 0.9998
vn 0.0061 -0.0169 0.9998
vn -0.0000 -0.0151 0.9999
vn 0.0079 -0.0138 0.9999
vn 0.0069 -0.0270 0.9996
vn -0.0040 -0.0236 0.9997
vn 0.0047 -0.0087 1.0000
vn -0.0000 -0.0177 0.9998
vn -0.0018 -0.0189 0.9998
vn -0.0058 -0.0278 0.9996
vn 0.0082 -0.0267 0.9996
vn -0.0185 -0.0545 0.9983
vn 0.0133 0.0113 0.9998
vn -0.0004 -0.0212 0.9998
vn -0.0022 -0.0043 1.0000
vn -0.0045 -0.0059 1.0000
vn -0.0035 -0.0461 0.9989
vn 0.0227 -0.0146 0.9996
vn -0.0062 -0.0108 0.9999
vn 0.0147 0.0214 0.9997
vn -0.0232 -0.0341 0.9991
vn -0.0012 -0.0413 0.9991
vn -0.0176 -0.0443 0.9989
vn -0.0047 -0.0260 0.9997
vn 0.0033 -0.0225 0.9997
vn -0.0018 -0.0246 0.9997
vn 0.0012 -0.0188 0.9998
vn -0.0000 -0.0182 0.9998
vn -0.0019 -0.0330 0.9995
vn 0.0034 -0.0286 0.9996
vn 0.0033 -0.0138 0.9999
vn 0.0035 -0.0194 0.9998
vn 0.0038 -0.0100 0.9999
vn 0.0045 -0.0129 0.9999
vn -0.0053 -0.0265 0.9996
vn -0.0036 -0.0247 0.9997
vn -0.0024 -0.0209 0.9998
vn 0.0054 -0.0128 0.9999
vn 0.0052 -0.0159 0.9999
vn 0.0032 -0.0138 0.9999
vn 0.0020 -0.0096 1.0000
vn 0.0025 -0.0115 0.9999
vn 0.0028 -0.0119 0.9999
vn 0.0030 -0.0127 0.9999
vn 0.0042 -0.0113 0.9999
vn 0.0069 -0.0199 0.9998
vn 0.0017 -0.0191 0.9998
vn 0.0048 -0.0150 0.9999
vn 0.0048 -0.0198 0.9998
vn 0.0039 -0.0223 0.9997
vn 0.0044 -0.0102 0.9999
vn 0.0049 -0.0132 0.9999
vn 0.0035 -0.0151 0.9999
vn -0.0039 -0.0245 0.9997
vn 0.0053 -0.0237 0.9997
vn -0.0107 -0.0262 0.9996
vn -0.0079 -0.0255 0.9996
vn 0.0025 -0.0030 1.0000
vn -0.0007 -0.0160 0.9999
vn -0.0005 -0.0015 1.0000
vn -0.0013 0.0025 1.0000
vn -0.0051 -0.0007 1.0000
vn -0.0078 -0.0117 0.9999
vn -0.0064 -0.0267 0.9996
vn 0.0009 -0.0170 0.9999
vn 0.0007 -0.0201 0.9998
vn 0.0014 -0.0187 0.9998
vn 0.0045 -0.0089 1.0000
vn 0.0049 -0.0108 0.9999
vn 0.0147 -0.0359 -0.9992
vn -0.0006 -0.0107 -0.9999
vn 0.0024 -0.0175 -0.9998
vn 0.0033 -0.0217 -0.9998
vn 0.0101 -0.0321 -0.9994
vn 0.0065 -0.0386 -0.9992
vn 0.0196 -0.0415 -0.9989
vn -0.0039 -0.0077 -1.0000
vn 0.0082 -0.0184 -0.9998
vn 0.0029 -0.0042 -1.0000
vn 0.0067 -0.0042 -1.0000
vn 0.0141 -0.0255 -0.9996
vn -0.0034 -0.0138 -0.9999
vn 0.0041 -0.0128 -0.9999
vn -0.0017 -0.0075 -1.0000
vn 0.0197 -0.0269 -0.9994
vn 0.0140 -0.0442 -0.9989
vn 0.0247 -0.0426 -0.9988
vn 0.0060 -0.0257 -0.9997
vn 0.0035 -0.0292 -0.9996
vn 0.0045 -0.0278 -0.9996
vn 0.0031 -0.0186 -0.9998
vn 0.0019 -0.0193 -0.9998
vn 0.0050 -0.0256 -0.9997
vn 0.0065 -0.0345 -0.9994
vn 0.0003 -0.0137 -0.9999
vn 0.0012 -0.0107 -0.9999
vn 0.0008 -0.0151 -0.9999
vn 0.0139 -0.0369 -0.9992
vn 0.0066 -0.0273 -0.9996
vn 0.0096 -0.0299 -0.9995
vn 0.0011 -0.0141 -0.9999
vn 0.0023 -0.0131 -0.9999
vn 0.0032 -0.0179 -0.9998
vn 0.0003 -0.0131 -0.9999
vn 0.0005 -0.0095 -1.0000
vn 0.0010 -0.0101 -0.9999
vn 0.0016 -0.0118 -0.9999
vn 0.0006 -0.0123 -0.9999
vn 0.0006 -0.0115 -0.9999
vn -0.0013 -0.0198 -0.9998
vn 0.0023 -0.0186 -0.9998
vn 0.0001 -0.0167 -0.9999
vn 0.0016 -0.0195 -0.9998
vn 0.0020 -0.0216 -0.9998
vn -0.0011 -0.0118 -0.9999
vn -0.0006 -0.0141 -0.9999
vn 0.0007 -0.0161 -0.9999
vn 0.0105 -0.0163 -0.9998
vn 0.0031 -0.0196 -0.9998
vn 0.0173 -0.0145 -0.9997
vn 0.0125 -0.0172 -0.9998
vn 0.0023 -0.0000 -1.0000
vn -0.0002 -0.0048 -1.0000
vn 0.0042 -0.0128 -0.9999
vn 0.0011 -0.0027 -1.0000
vn 0.0019 0.0010 -1.0000
vn 0.0055 -0.0018 -1.0000
vn 0.0053 -0.0095 -0.9999
vn 0.0095 -0.0083 -0.9999
vn 0.0124 -0.0173 -0.9998
vn 0.0025 -0.0166 -0.9999
vn 0.0028 -0.0182 -0.9998
vn 0.0024 -0.0183 -0.9998
vn 0.0003 -0.0103 -0.9999
vn 0.0006 -0.0119 -0.9999
vn 0.0001 -0.0130 -0.9999
vn 0.0573 -0.2154 0.9748
vn 0.0454 -0.2281 0.9726
vn 0.0517 -0.2204 0.9740
vn 0.0544 -0.2195 0.9741
vn 0.0595 -0.2117 0.9755
vn 0.0540 -0.2140 0.9753
vn 0.0422 -0.2184 0.9749
vn 0.0439 -0.2224 0.9740
vn 0.0437 -0.2193 0.9747
vn 0.0438 -0.2183 0.9749
vn 0.0453 -0.2162 0.9753
vn 0.0461 -0.2152 0.9755
vn 0.0460 -0.2169 0.9751
vn 0.0493 -0.2144 0.9755
vn 0.0518 -0.2128 0.9757
vn 0.0515 -0.2146 0.9753
vn 0.0581 -0.2133 0.9753
vn 0.0540 -0.2121 0.9758
vn 0.0563 -0.2122 0.9756
vn 0.0493 -0.2191 0.9745
vn 0.0516 -0.2199 0.9742
vn 0.0471 -0.2172 0.9750
vn 0.0496 -0.2144 0.9755
vn 0.0467 -0.2235 0.9736
vn 0.0454 -0.2181 0.9749
vn 0.0466 -0.2270 0.9728
vn 0.0449 -0.2242 0.9735
vn 0.0430 -0.2239 0.9737
vn 0.0590 -0.2129 0.9753
vn 0.0564 -0.2143 0.9751
vn 0.0552 -0.2177 0.9745
vn 0.0434 -0.2240 0.9736
vn 0.0433 -0.2234 0.9738
vn 0.0428 -0.2213 0.9743
vn 0.0469 -0.2235 0.9736
vn 0.0467 -0.2225 0.9738
vn 0.0444 -0.2236 0.9737
vn 0.0480 -0.2254 0.9731
vn 0.0474 -0.2245 0.9733
vn 0.0457 -0.2257 0.9731
vn 0.0487 -0.2174 0.9749
vn 0.0466 -0.2175 0.9750
vn 0.0440 -0.2221 0.9740
vn 0.0431 -0.2183 0.9749
vn 0.0446 -0.2190 0.9747
vn 0.0455 -0.2267 0.9729
vn 0.0441 -0.2237 0.9737
vn 0.0462 -0.2222 0.9739
vn 0.0433 -0.2173 0.9751
vn 0.0421 -0.2173 0.9752
vn 0.0445 -0.2182 0.9749
vn 0.0435 -0.2182 0.9749
vn 0.0453 -0.2209 0.9742
vn 0.0447 -0.2199 0.9745
vn 0.0444 -0.2182 0.9749
vn 0.0466 -0.2227 0.9738
vn 0.0460 -0.2220 0.9740
vn 0.0435 -0.2208 0.9743
vn 0.0425 -0.2209 0.9744
vn 0.0425 -0.2189 0.9748
vn 0.0425 -0.2177 0.9751
vn 0.0502 -0.2209 0.9740
vn 0.0499 -0.2180 0.9747
vn 0.0491 -0.2191 0.9745
vn 0.0457 -0.2279 0.9726
vn 0.0445 -0.2260 0.9731
vn 0.0440 -0.2254 0.9733
vn -0.0573 0.2154 0.9748
vn -0.0454 0.2281 0.9726
vn -0.0517 0.2204 0.9740
vn -0.0544 0.2195 0.9741
vn -0.0595 0.2117 0.9755
vn -0.0540 0.2140 0.9753
vn -0.0486 0.2136 0.9757
vn -0.0422 0.2184 0.9749
vn -0.0440 0.2224 0.9740
vn -0.0437 0.2193 0.9747
vn -0.0438 0.2183 0.9749
vn -0.0453 0.2162 0.9753
vn -0.0461 0.2152 0.9755
vn -0.0460 0.2169 0.9751
vn -0.0493 0.2144 0.9755
vn -0.0518 0.2128 0.9757
vn -0.0515 0.2146 0.9753
vn -0.0581 0.2133 0.9753
vn -0.0540 0.2121 0.9758
vn -0.0563 0.2122 0.9756
vn -0.0493 0.2191 0.9745
vn -0.0516 0.2199 0.9742
vn -0.0471 0.2172 0.9750
vn -0.0496 0.2144 0.9755
vn -0.0467 0.2235 0.9736
vn -0.0454 0.2181 0.9749
vn -0.0466 0.2270 0.9728
vn -0.0449 0.2242 0.9735
vn -0.0430 0.2239 0.9737
vn -0.0590 0.2129 0.9753
vn -0.0564 0.2143 0.9751
vn -0.0552 0.2177 0.9745
vn -0.0434 0.2240 0.9736
vn -0.0433 0.2234 0.9738
vn -0.0428 0.2213 0.9743
vn -0.0469 0.2235 0.9736
vn -0.0467 0.2225 0.9738
vn -0.0444 0.2236 0.9737
vn -0.0480 0.2254 0.9731
vn -0.0474 0.2245 0.9733
vn -0.0457 0.2257 0.9731
vn -0.0487 0.2174 0.9749
vn -0.0466 0.2175 0.9750
vn -0.0440 0.2221 0.9740
vn -0.0431 0.2183 0.9749
vn -0.0446 0.2190 0.9747
vn -0.0455 0.2267 0.9729
vn -0.0441 0.2237 0.9737
vn -0.0462 0.2222 0.9739
vn -0.0433 0.2173 0.9751
vn -0.0421 0.2173 0.9752
vn -0.0445 0.2182 0.9749
vn -0.0435 0.2182 0.9749
vn -0.0453 0.2209 0.9743
vn -0.0447 0.2199 0.9745
vn -0.0444 0.2182 0.9749
vn -0.0466 0.2227 0.9738
vn -0.0460 0.2219 0.9740
vn -0.0435 0.2208 0.9743
vn -0.0425 0.2209 0.9744
vn -0.0425 0.2189 0.9748
vn -0.0425 0.2177 0.9751
vn -0.0502 0.2208 0.9740
vn -0.0499 0.2180 0.9747
vn -0.0491 0.2191 0.9745
vn -0.0457 0.2279 0.9726
vn -0.0445 0.2260 0.9731
vn -0.0440 0.2254 0.9733
vn 0.0486 -0.2136 0.9757
vn -0.0453 0.2280 0.9726
vn -0.0466 0.2271 0.9728
vn -0.0474 0.2246 0.9733
vn -0.0457 0.2256 0.9731
vn -0.0487 0.2175 0.9749
vn -0.0446 0.2199 0.9745
vn -0.0465 0.2226 0.9738
vn -0.0460 0.2220 0.9740
vn -0.0502 0.2209 0.9740
vn -0.0499 0.2179 0.9747
vn -0.0445 0.2261 0.9731
vn -0.0441 0.2254 0.9733
vt 0.576778 0.228346
vt 0.567278 0.247529
vt 0.584606 0.248206
vt 0.601763 0.233709
vt 0.589441 0.250650
vt 0.606766 0.251652
vt 0.626215 0.238973
vt 0.611872 0.253725
vt 0.629191 0.253755
vt 0.650137 0.244254
vt 0.634571 0.255854
vt 0.651879 0.256672
vt 0.671246 0.243119
vt 0.657537 0.258766
vt 0.671765 0.253228
vt 0.576102 0.211864
vt 0.567592 0.178169
vt 0.584968 0.178261
vt 0.601372 0.204593
vt 0.589922 0.174943
vt 0.607297 0.174998
vt 0.626112 0.197316
vt 0.612520 0.171720
vt 0.629889 0.171737
vt 0.650320 0.190034
vt 0.635385 0.168499
vt 0.652746 0.168479
vt 0.673999 0.181259
vt 0.658518 0.165280
vt 0.675865 0.165127
vt 0.626111 0.197316
vt 0.652745 0.168479
vt 0.651880 0.256672
vt 0.652496 0.552194
vt 0.652898 0.683557
vt 0.710031 0.681857
vt 0.539235 0.551002
vt 0.539536 0.685587
vt 0.595765 0.685257
vt 0.421754 0.546962
vt 0.422457 0.679081
vt 0.483307 0.685917
vt 0.314922 0.575524
vt 0.315324 0.662526
vt 0.361607 0.672064
vt 0.215311 0.626155
vt 0.269040 0.652434
vt 0.269040 0.582726
vt 0.789366 0.582475
vt 0.781932 0.668964
vt 0.853832 0.658649
vt 0.896308 0.520076
vt 0.885893 0.573402
vt 0.903100 0.557964
vt 0.937055 0.522409
vt 0.923185 0.540931
vt 0.941158 0.528321
vt 0.921417 0.516280
vt 0.871691 0.524093
vt 0.869506 0.585389
vt 0.944776 0.629682
vt 0.927198 0.617865
vt 0.925454 0.641331
vt 0.906246 0.608786
vt 0.899172 0.649255
vt 0.886905 0.598045
vt 0.876118 0.657418
vt 0.709227 0.579257
vt 0.187728 0.576844
vt 0.187096 0.618504
vt 0.360804 0.565658
vt 0.482704 0.550122
vt 0.595765 0.551882
vt 0.595765 0.427946
vt 0.652094 0.434177
vt 0.482102 0.422052
vt 0.538933 0.423699
vt 0.360000 0.455445
vt 0.421051 0.427075
vt 0.268300 0.510814
vt 0.314520 0.482299
vt 0.187728 0.519452
vt 0.216057 0.579937
vt 0.216107 0.516605
vt 0.790058 0.500669
vt 0.166762 0.521720
vt 0.166762 0.575332
vt 0.166609 0.616500
vt 0.952358 0.528274
vt 0.708423 0.475460
vt 0.948253 0.646414
vt 0.775144 0.748974
vt 0.774497 0.793479
vt 0.838159 0.772019
vt 0.166762 0.476729
vt 0.187728 0.488829
vt 0.187728 0.479851
vt 0.268928 0.684248
vt 0.214620 0.640866
vt 0.213055 0.665713
vt 0.362355 0.757669
vt 0.315692 0.723380
vt 0.315726 0.758857
vt 0.423114 0.766956
vt 0.423160 0.804575
vt 0.483910 0.815137
vt 0.539817 0.773393
vt 0.539837 0.812742
vt 0.595765 0.812189
vt 0.653271 0.771607
vt 0.653299 0.812109
vt 0.710834 0.801448
vt 0.707689 0.412286
vt 0.790679 0.449027
vt 0.790748 0.409227
vt 0.595765 0.354904
vt 0.651721 0.365358
vt 0.651692 0.326361
vt 0.538651 0.348914
vt 0.538632 0.310287
vt 0.482227 0.317272
vt 0.420397 0.356028
vt 0.422567 0.304465
vt 0.359197 0.333926
vt 0.310803 0.418850
vt 0.302119 0.379624
vt 0.260774 0.416119
vt 0.867595 0.669849
vt 0.865449 0.709145
vt 0.892819 0.687330
vt 0.924403 0.656252
vt 0.923778 0.665558
vt 0.951771 0.663659
vt 0.904746 0.478487
vt 0.906736 0.468894
vt 0.873885 0.463384
vt 0.935107 0.491639
vt 0.945754 0.512878
vt 0.951449 0.505986
vt 0.710774 0.762209
vt 0.266200 0.467668
vt 0.215887 0.474397
vt 0.185369 0.641106
vt 0.184767 0.648704
vt 0.268490 0.724207
vt 0.362411 0.797721
vt 0.483869 0.775744
vt 0.595765 0.772309
vt 0.873533 0.503362
vt 0.707620 0.373274
vt 0.595765 0.316151
vt 0.481697 0.355859
vt 0.359256 0.378746
vt 0.840419 0.718207
vt 0.894658 0.676482
vt 0.939285 0.484053
vt 0.954079 0.528201
vt 0.963613 0.528123
vt 0.216099 0.521217
vt 0.165518 0.642596
vt 0.165123 0.651570
vt 0.166762 0.467653
vt 0.949905 0.654524
vt 0.090309 0.378014
vt 0.091241 0.361517
vt 0.104196 0.382408
vt 0.128464 0.430947
vt 0.128039 0.417686
vt 0.137692 0.432880
vt 0.142773 0.637058
vt 0.131849 0.645207
vt 0.132340 0.635902
vt 0.142951 0.578289
vt 0.131945 0.580676
vt 0.131921 0.557299
vt 0.093395 0.639221
vt 0.097356 0.621558
vt 0.107072 0.635325
vt 0.097770 0.578193
vt 0.097345 0.564268
vt 0.107351 0.565041
vt 0.130892 0.501997
vt 0.130313 0.483958
vt 0.141611 0.490353
vt 0.086872 0.489278
vt 0.085767 0.460513
vt 0.105102 0.472572
vt 0.106828 0.702713
vt 0.088342 0.722726
vt 0.086650 0.704660
vt 0.138612 0.671691
vt 0.129210 0.683830
vt 0.129963 0.673883
vt 0.121252 0.691982
vt 0.114464 0.696717
vt 0.114580 0.685069
vt 0.120428 0.712798
vt 0.114232 0.719109
vt 0.114348 0.708100
vt 0.136334 0.691890
vt 0.127600 0.703708
vt 0.128417 0.693781
vt 0.066988 0.729296
vt 0.042681 0.746842
vt 0.041205 0.718668
vt 0.072022 0.770556
vt 0.047285 0.790890
vt 0.042460 0.771062
vt 0.107067 0.727554
vt 0.090362 0.753285
vt 0.089660 0.738489
vt 0.160506 0.638687
vt 0.150083 0.653645
vt 0.151216 0.645535
vt 0.158448 0.652928
vt 0.147918 0.672456
vt 0.148994 0.662739
vt 0.154326 0.511134
vt 0.153879 0.498301
vt 0.164501 0.505064
vt 0.164079 0.536943
vt 0.154062 0.537204
vt 0.154391 0.524101
vt 0.048290 0.485967
vt 0.038181 0.447770
vt 0.061854 0.458327
vt 0.056340 0.521902
vt 0.052648 0.505725
vt 0.067370 0.507549
vt 0.092844 0.542806
vt 0.088923 0.517799
vt 0.105799 0.522829
vt 0.114128 0.500317
vt 0.113781 0.476498
vt 0.121365 0.479829
vt 0.122501 0.541018
vt 0.114821 0.543087
vt 0.114474 0.522279
vt 0.142520 0.537317
vt 0.131541 0.539058
vt 0.131292 0.520440
vt 0.163670 0.571397
vt 0.154103 0.575041
vt 0.153625 0.551471
vt 0.164958 0.605206
vt 0.155408 0.608528
vt 0.155011 0.594852
vt 0.164088 0.619511
vt 0.154457 0.625979
vt 0.155339 0.619784
vt 0.162409 0.627894
vt 0.152332 0.638519
vt 0.153423 0.632070
vt 0.067782 0.553205
vt 0.065312 0.542719
vt 0.081644 0.557942
vt 0.069198 0.570102
vt 0.069016 0.561892
vt 0.083408 0.579679
vt 0.097823 0.606008
vt 0.097817 0.591673
vt 0.107279 0.600303
vt 0.055377 0.594995
vt 0.067730 0.578417
vt 0.084139 0.602636
vt 0.040949 0.673842
vt 0.047349 0.630198
vt 0.067347 0.640702
vt 0.087918 0.680964
vt 0.090136 0.659450
vt 0.106930 0.662100
vt 0.122841 0.582472
vt 0.115136 0.583462
vt 0.115134 0.563062
vt 0.115074 0.619751
vt 0.115105 0.601511
vt 0.122750 0.602014
vt 0.143911 0.615803
vt 0.132243 0.619818
vt 0.132061 0.602225
vt 0.122715 0.648963
vt 0.114927 0.649369
vt 0.115036 0.637606
vt 0.122053 0.670118
vt 0.114695 0.673018
vt 0.114811 0.660977
vt 0.140602 0.652985
vt 0.130657 0.663893
vt 0.131284 0.654250
vt 0.112742 0.408337
vt 0.112436 0.393095
vt 0.119983 0.404273
vt 0.113435 0.452205
vt 0.113088 0.429719
vt 0.120653 0.438278
vt 0.129646 0.466116
vt 0.128985 0.448406
vt 0.139544 0.459795
vt 0.049519 0.349849
vt 0.059986 0.327233
vt 0.077470 0.341406
vt 0.037227 0.415897
vt 0.039931 0.380222
vt 0.070423 0.391861
vt 0.087977 0.431207
vt 0.089288 0.402487
vt 0.104763 0.422857
vt 0.150909 0.458630
vt 0.149923 0.448092
vt 0.161528 0.463077
vt 0.153111 0.485349
vt 0.152058 0.471666
vt 0.163245 0.482766
vt 0.163996 0.493885
vt 0.173053 0.490522
vt 0.173454 0.499337
vt 0.140649 0.475348
vt 0.138498 0.444850
vt 0.162351 0.472005
vt 0.066291 0.426050
vt 0.105013 0.446509
vt 0.016194 0.386151
vt 0.017773 0.356743
vt 0.017498 0.420784
vt 0.026004 0.331801
vt 0.038058 0.314465
vt 0.074637 0.360924
vt 0.121008 0.458443
vt 0.104546 0.399377
vt 0.120297 0.418682
vt 0.122405 0.659286
vt 0.121665 0.681158
vt 0.139636 0.661986
vt 0.106888 0.676067
vt 0.106713 0.689867
vt 0.106953 0.648708
vt 0.122809 0.620810
vt 0.122951 0.638397
vt 0.143851 0.629244
vt 0.107088 0.617598
vt 0.107478 0.583232
vt 0.064775 0.671029
vt 0.063559 0.704502
vt 0.029226 0.686482
vt 0.035878 0.636828
vt 0.022949 0.730004
vt 0.047171 0.592760
vt 0.056441 0.565186
vt 0.073351 0.616258
vt 0.084274 0.590685
vt 0.058880 0.557385
vt 0.059261 0.551680
vt 0.057875 0.545389
vt 0.055288 0.537962
vt 0.082881 0.569352
vt 0.170754 0.626804
vt 0.163275 0.623510
vt 0.170034 0.630221
vt 0.161487 0.632876
vt 0.141659 0.644724
vt 0.173046 0.606630
vt 0.164566 0.591588
vt 0.172676 0.617024
vt 0.164815 0.615187
vt 0.143589 0.599900
vt 0.142589 0.554130
vt 0.122164 0.521504
vt 0.122843 0.560344
vt 0.106525 0.544851
vt 0.105344 0.498928
vt 0.070982 0.530336
vt 0.050320 0.523664
vt 0.045495 0.507871
vt 0.033981 0.476536
vt 0.172817 0.536850
vt 0.164562 0.526082
vt 0.171873 0.547835
vt 0.163221 0.549072
vt 0.142576 0.521516
vt 0.142300 0.505837
vt 0.164697 0.515455
vt 0.167631 0.642866
vt 0.159487 0.645334
vt 0.166858 0.647629
vt 0.157534 0.660435
vt 0.137507 0.681892
vt 0.146899 0.681235
vt 0.135362 0.700232
vt 0.069931 0.751120
vt 0.090940 0.765556
vt 0.073479 0.785146
vt 0.106854 0.738380
vt 0.022666 0.795190
vt 0.018170 0.781215
vt 0.052101 0.805085
vt 0.029149 0.805560
vt 0.019313 0.756861
vt 0.120833 0.702623
vt 0.126888 0.712106
vt 0.120102 0.721348
vt 0.106943 0.715410
vt 0.114129 0.728310
vt 0.169273 0.633963
vt 0.168471 0.638136
vt 0.173680 0.508417
vt 0.173678 0.517710
vt 0.064454 0.484585
vt 0.121769 0.500896
vt 0.172166 0.570168
vt 0.172837 0.591826
vt 0.172074 0.620608
vt 0.171434 0.623625
vt 0.172007 0.474983
vt 0.172529 0.482061
vt 0.329434 0.435260
vt 0.337532 0.416947
vt 0.339590 0.433185
vt 0.222698 0.245909
vt 0.222627 0.230820
vt 0.227343 0.224421
vt 0.247362 0.239675
vt 0.247839 0.221648
vt 0.254187 0.226926
vt 0.292106 0.358660
vt 0.296690 0.322612
vt 0.312065 0.342954
vt 0.315741 0.394590
vt 0.326264 0.366596
vt 0.333631 0.393218
vt 0.293135 0.475417
vt 0.307351 0.432911
vt 0.314324 0.446849
vt 0.261478 0.439863
vt 0.277287 0.384032
vt 0.298898 0.417889
vt 0.235681 0.369888
vt 0.239770 0.307800
vt 0.249053 0.310034
vt 0.222935 0.328264
vt 0.222649 0.306358
vt 0.227469 0.305546
vt 0.212663 0.326073
vt 0.211448 0.311843
vt 0.217604 0.307982
vt 0.215239 0.357031
vt 0.213898 0.340267
vt 0.218780 0.344814
vt 0.219133 0.364402
vt 0.222979 0.347747
vt 0.227567 0.327543
vt 0.232832 0.303751
vt 0.222116 0.408752
vt 0.228245 0.355735
vt 0.229696 0.417836
vt 0.243328 0.381780
vt 0.257995 0.303915
vt 0.232341 0.440997
vt 0.242658 0.408565
vt 0.247523 0.474951
vt 0.279130 0.460310
vt 0.263114 0.491899
vt 0.303560 0.376449
vt 0.324146 0.417473
vt 0.260696 0.265294
vt 0.252468 0.243813
vt 0.252592 0.265539
vt 0.234628 0.235046
vt 0.234322 0.218500
vt 0.241447 0.217871
vt 0.234337 0.278462
vt 0.234599 0.256079
vt 0.240978 0.255723
vt 0.240273 0.275412
vt 0.245990 0.259355
vt 0.212938 0.257827
vt 0.213813 0.244465
vt 0.218334 0.237281
vt 0.210910 0.294578
vt 0.211496 0.275712
vt 0.216612 0.271552
vt 0.222103 0.286031
vt 0.222231 0.265880
vt 0.227983 0.260395
vt 0.320684 0.460149
vt 0.333704 0.449423
vt 0.216451 0.290641
vt 0.228016 0.281791
vt 0.206940 0.294875
vt 0.207861 0.277349
vt 0.206749 0.312055
vt 0.209267 0.261861
vt 0.210770 0.250472
vt 0.217862 0.251868
vt 0.227755 0.240096
vt 0.241321 0.235507
vt 0.211375 0.348140
vt 0.209414 0.336602
vt 0.212881 0.358955
vt 0.215311 0.373404
vt 0.207821 0.325205
vt 0.218373 0.325851
vt 0.357715 0.713672
vt 0.368334 0.737496
vt 0.364991 0.722390
vt 0.238670 0.878068
vt 0.242713 0.891059
vt 0.258493 0.882564
vt 0.298131 0.841784
vt 0.302169 0.859591
vt 0.319421 0.843191
vt 0.328241 0.779052
vt 0.341864 0.824091
vt 0.359741 0.803644
vt 0.355551 0.753407
vt 0.368462 0.778975
vt 0.370592 0.757377
vt 0.310348 0.661752
vt 0.330866 0.707069
vt 0.337589 0.694963
vt 0.280546 0.667397
vt 0.302635 0.724715
vt 0.319683 0.716157
vt 0.244755 0.702557
vt 0.267126 0.763461
vt 0.284549 0.736924
vt 0.213174 0.784337
vt 0.221425 0.814896
vt 0.237042 0.811418
vt 0.193664 0.808648
vt 0.197519 0.825051
vt 0.208879 0.817838
vt 0.189187 0.760367
vt 0.191162 0.788614
vt 0.196839 0.763080
vt 0.193767 0.723250
vt 0.204559 0.744906
vt 0.229559 0.787737
vt 0.251509 0.799876
vt 0.211070 0.659296
vt 0.221311 0.722102
vt 0.232154 0.643678
vt 0.263087 0.675025
vt 0.250066 0.634870
vt 0.268104 0.630463
vt 0.297495 0.665435
vt 0.285191 0.629194
vt 0.346578 0.773400
vt 0.358455 0.732385
vt 0.309430 0.832544
vt 0.305583 0.793850
vt 0.272677 0.860591
vt 0.275099 0.874827
vt 0.289368 0.867290
vt 0.262655 0.818677
vt 0.268328 0.839165
vt 0.281594 0.829642
vt 0.277250 0.807838
vt 0.291696 0.817016
vt 0.225603 0.874323
vt 0.214694 0.870425
vt 0.218990 0.882439
vt 0.202611 0.840034
vt 0.208325 0.854818
vt 0.219575 0.854220
vt 0.228611 0.838029
vt 0.233265 0.857426
vt 0.250552 0.851726
vt 0.344228 0.687777
vt 0.356575 0.700418
vt 0.214749 0.836416
vt 0.245228 0.833334
vt 0.195961 0.845414
vt 0.201941 0.858466
vt 0.190979 0.831740
vt 0.207824 0.870560
vt 0.212283 0.878874
vt 0.255428 0.870373
vt 0.286479 0.852263
vt 0.186271 0.784686
vt 0.186844 0.803030
vt 0.186158 0.765320
vt 0.187488 0.726496
vt 0.188195 0.817749
vt 0.202064 0.795011
vt 0.229528 0.889104
vt 0.486103 0.328050
vt 0.488975 0.312902
vt 0.490357 0.327335
vt 0.440500 0.111532
vt 0.441718 0.100082
vt 0.445867 0.108908
vt 0.462328 0.177124
vt 0.464272 0.163113
vt 0.470063 0.185198
vt 0.472983 0.242115
vt 0.476061 0.217198
vt 0.481078 0.246547
vt 0.481500 0.290408
vt 0.484603 0.271562
vt 0.487098 0.294047
vt 0.473995 0.328954
vt 0.477922 0.310873
vt 0.480139 0.329096
vt 0.467118 0.292656
vt 0.470432 0.269245
vt 0.475334 0.290853
vt 0.450524 0.231838
vt 0.452638 0.211069
vt 0.462378 0.244616
vt 0.436846 0.171815
vt 0.437346 0.158432
vt 0.442306 0.173834
vt 0.424227 0.136503
vt 0.424776 0.123919
vt 0.431539 0.142078
vt 0.425233 0.164762
vt 0.424466 0.150030
vt 0.430502 0.167514
vt 0.429786 0.178057
vt 0.435668 0.180304
vt 0.442079 0.186159
vt 0.446844 0.188523
vt 0.434645 0.217748
vt 0.441586 0.200220
vt 0.442550 0.250162
vt 0.459819 0.264494
vt 0.454488 0.278722
vt 0.462945 0.305965
vt 0.471672 0.311226
vt 0.467680 0.326562
vt 0.478488 0.267803
vt 0.483906 0.310925
vt 0.466988 0.194910
vt 0.465305 0.217116
vt 0.450644 0.138208
vt 0.451772 0.124440
vt 0.458197 0.143117
vt 0.447891 0.172133
vt 0.449084 0.154879
vt 0.454758 0.174040
vt 0.453046 0.189085
vt 0.459217 0.191861
vt 0.431992 0.092194
vt 0.433784 0.084750
vt 0.437876 0.092494
vt 0.426803 0.112125
vt 0.429385 0.101399
vt 0.433685 0.113379
vt 0.437310 0.141694
vt 0.438495 0.125692
vt 0.443456 0.138440
vt 0.482603 0.345961
vt 0.488242 0.342099
vt 0.431834 0.127142
vt 0.442583 0.156132
vt 0.423697 0.100409
vt 0.426413 0.091963
vt 0.421121 0.109559
vt 0.428810 0.084550
vt 0.430924 0.080396
vt 0.436288 0.101987
vt 0.444854 0.121821
vt 0.456653 0.157278
vt 0.420874 0.147109
vt 0.419779 0.132694
vt 0.422236 0.159677
vt 0.424785 0.174684
vt 0.419923 0.120502
vt 0.431264 0.156049
vt 0.464272 0.163114
vt 0.437346 0.158433
vt 0.478488 0.267804
vt 0.451772 0.124441
vt 0.419923 0.120503
vt 0.793534 0.304113
vt 0.797245 0.307550
vt 0.797015 0.315410
vt 0.770120 0.132097
vt 0.773029 0.131209
vt 0.777756 0.143345
vt 0.787262 0.206015
vt 0.791006 0.206621
vt 0.793687 0.226454
vt 0.789295 0.245013
vt 0.795187 0.249238
vt 0.796514 0.269012
vt 0.792422 0.279863
vt 0.797339 0.284585
vt 0.797475 0.297287
vt 0.777481 0.268816
vt 0.785385 0.273030
vt 0.787063 0.286856
vt 0.767873 0.240490
vt 0.778896 0.242196
vt 0.783439 0.259184
vt 0.754565 0.177762
vt 0.768530 0.189967
vt 0.773071 0.221574
vt 0.754446 0.129148
vt 0.758410 0.132499
vt 0.760489 0.148399
vt 0.750898 0.097782
vt 0.753053 0.098037
vt 0.756114 0.116817
vt 0.746228 0.098471
vt 0.748722 0.097783
vt 0.749824 0.111326
vt 0.746365 0.108849
vt 0.750719 0.124522
vt 0.756425 0.146277
vt 0.763982 0.165980
vt 0.741018 0.121147
vt 0.751105 0.142986
vt 0.742677 0.146839
vt 0.761091 0.215441
vt 0.748989 0.193251
vt 0.759694 0.234125
vt 0.773934 0.256537
vt 0.766234 0.254195
vt 0.791536 0.265485
vt 0.793102 0.292820
vt 0.790025 0.221219
vt 0.784699 0.223262
vt 0.780566 0.165463
vt 0.783437 0.163581
vt 0.787562 0.186391
vt 0.771715 0.168468
vt 0.776371 0.167284
vt 0.779431 0.188078
vt 0.775170 0.188063
vt 0.781391 0.204182
vt 0.762261 0.107548
vt 0.764917 0.109517
vt 0.768882 0.120563
vt 0.755827 0.100375
vt 0.758984 0.103952
vt 0.761745 0.117271
vt 0.761745 0.132366
vt 0.765769 0.131859
vt 0.770699 0.147591
vt 0.788663 0.299896
vt 0.793990 0.313980
vt 0.758674 0.116360
vt 0.765806 0.149302
vt 0.754069 0.089318
vt 0.757225 0.093893
vt 0.750928 0.085204
vt 0.759986 0.097849
vt 0.762366 0.101768
vt 0.765902 0.119843
vt 0.774873 0.145455
vt 0.784051 0.187158
vt 0.746151 0.089394
vt 0.747475 0.086535
vt 0.744865 0.091816
vt 0.743464 0.097389
vt 0.748948 0.084954
vt 0.753134 0.114845
vt 0.796514 0.269013
vt 0.797339 0.284586
vt 0.754565 0.177763
vt 0.754446 0.129149
vt 0.756114 0.116818
vt 0.750718 0.124522
vt 0.773933 0.256537
vt 0.766235 0.254195
vt 0.757225 0.093894
vt 0.748948 0.084955
vt 0.173399 0.527191
vt 0.303445 0.485216
vt 0.239498 0.423390
vt 0.252228 0.369733
vt 0.278333 0.506180
vt 0.261946 0.235797
vt 0.326258 0.471964
vt 0.217762 0.391139
vt 0.321778 0.669665
vt 0.296905 0.631924
vt 0.346954 0.681374
vt 0.193625 0.673545
vt 0.476147 0.346887
vt 0.470072 0.344148
vt 0.485456 0.359625
vt 0.427960 0.190330
vt 0.780616 0.281541
vt 0.770812 0.267099
vt 0.790154 0.311571
vt 0.741720 0.105223
s 0
f 1/1/1 2/2/1 3/3/1
f 4/4/2 5/5/2 6/6/2
f 7/7/3 8/8/3 9/9/3
f 10/10/4 11/11/4 12/12/4
f 13/13/5 14/14/5 15/15/5
f 16/16/6 17/17/6 18/18/6
f 19/19/7 20/20/7 21/21/7
f 22/22/8 23/23/8 24/24/8
f 25/25/9 26/26/9 27/27/9
f 28/28/10 29/29/10 30/30/10
f 31/16/11 32/17/11 33/18/11
f 34/19/12 35/20/12 36/21/12
f 37/31/13 38/23/13 39/24/13
f 40/25/14 41/26/14 42/32/14
f 43/28/15 44/29/15 45/30/15
f 46/1/16 47/2/16 48/3/16
f 49/4/17 50/5/17 51/6/17
f 52/7/18 53/8/18 54/9/18
f 55/10/19 56/11/19 57/33/19
f 58/13/20 59/14/20 60/15/20
s 1
f 86/34/21 109/35/22 85/36/23
f 87/37/24 108/38/25 84/39/26
f 88/40/27 107/41/28 83/42/29
f 89/43/30 106/44/31 82/45/32
f 105/46/33 81/47/34 63/48/35
f 91/49/36 104/50/37 80/51/38
f 101/52/39 97/53/40 70/54/41
f 100/55/42 99/56/43 71/57/44
f 96/58/45 70/54/41 99/56/43
f 73/59/46 62/60/47 97/53/40
f 69/61/48 95/62/49 102/63/50
f 95/62/49 68/64/51 92/65/52
f 68/64/51 93/66/53 103/67/54
f 93/66/53 62/60/47 80/51/38
f 67/68/55 85/36/23 104/50/37
f 116/69/56 117/70/57 105/46/33
f 63/48/35 81/47/34 106/44/31
f 64/71/58 82/45/32 107/41/28
f 65/72/59 83/42/29 108/38/25
f 66/73/60 84/39/26 109/35/22
f 77/74/61 66/73/60 86/34/21
f 110/75/62 86/34/21 67/68/55
f 76/76/63 65/72/59 87/37/24
f 111/77/64 87/37/24 66/73/60
f 75/78/65 64/71/58 88/40/27
f 112/79/66 88/40/27 65/72/59
f 74/80/67 63/48/35 89/43/30
f 113/81/68 89/43/30 64/71/58
f 118/82/69 116/69/56 90/83/70
f 114/84/71 90/83/70 63/48/35
f 67/68/55 91/49/36 115/85/72
f 91/49/36 62/60/47 73/59/46
f 79/86/73 61/87/74 116/69/56
f 61/87/74 72/88/75 117/70/57
f 143/36/76 167/35/77 144/34/78
f 142/39/79 166/38/80 145/37/81
f 141/42/82 165/41/83 146/40/84
f 140/45/85 164/44/86 147/43/87
f 163/46/88 148/83/89 121/48/90
f 138/51/91 162/50/92 149/49/93
f 159/52/94 154/58/95 128/54/96
f 158/55/97 156/89/98 129/57/99
f 154/58/95 158/55/97 157/56/100
f 131/59/101 159/52/94 155/53/102
f 160/63/103 153/62/104 127/61/105
f 150/65/106 126/64/107 153/62/104
f 161/67/108 151/66/109 126/64/107
f 138/51/91 120/60/110 151/66/109
f 162/50/92 143/36/76 125/68/111
f 163/46/88 175/70/112 174/69/113
f 164/44/86 139/47/114 121/48/90
f 165/41/83 140/45/85 122/71/115
f 166/38/80 141/42/82 123/72/116
f 167/35/77 142/39/79 124/73/117
f 144/34/78 124/73/117 135/74/118
f 125/68/111 144/34/78 168/75/119
f 145/37/81 123/72/116 134/76/120
f 124/73/117 145/37/81 169/77/121
f 146/40/84 122/71/115 133/78/122
f 123/72/116 146/40/84 170/79/123
f 147/43/87 121/48/90 132/80/124
f 122/71/115 147/43/87 171/81/125
f 148/83/89 174/69/113 176/82/126
f 121/48/90 148/83/89 172/84/127
f 125/68/111 136/90/128 173/85/129
f 149/49/93 173/85/129 131/59/101
f 174/69/113 119/87/130 137/86/131
f 175/70/112 130/88/132 119/87/130
f 99/56/43 157/56/100 129/57/99
f 62/60/47 120/60/110 155/53/102
f 72/88/75 61/87/74 119/87/130
f 71/57/44 129/57/99 156/89/98
f 61/87/74 79/86/73 137/86/131
f 62/60/47 93/66/53 151/66/109
f 70/54/41 128/54/96 157/56/100
f 69/61/48 94/91/133 152/91/134
f 68/64/51 95/62/49 153/62/104
f 93/66/53 68/64/51 126/64/107
f 95/62/49 69/61/48 127/61/105
f 97/53/40 155/53/102 128/54/96
f 214/92/135 213/93/136 180/94/137
f 182/95/138 246/96/139 245/97/140
f 185/98/141 218/99/142 217/100/143
f 187/101/144 220/102/145 219/103/146
f 222/104/147 221/105/148 190/106/149
f 224/107/150 223/108/151 192/109/152
f 226/110/153 225/111/154 194/112/155
f 195/113/156 228/114/157 227/115/158
f 197/116/159 230/117/160 229/118/161
f 232/119/162 231/120/163 200/121/164
f 234/122/165 233/123/166 202/124/167
f 236/125/168 235/126/169 204/127/170
f 238/128/171 237/129/172 206/130/173
f 240/131/174 239/132/175 207/133/176
f 242/134/177 241/135/178 184/136/179
f 209/137/180 244/138/181 243/139/182
f 193/140/183 194/112/155 213/93/136
f 203/141/184 204/127/170 216/142/185
f 248/143/186 247/144/187 217/100/143
f 220/102/145 185/98/141 186/145/188
f 222/104/147 187/101/144 188/146/189
f 189/147/190 190/106/149 223/108/151
f 191/148/191 192/109/152 225/111/154
f 228/114/157 183/149/192 184/136/179
f 230/117/160 195/113/156 196/150/193
f 197/116/159 198/151/194 231/120/163
f 199/152/195 200/121/164 233/123/166
f 201/153/196 202/124/167 235/126/169
f 179/154/197 180/94/137 237/129/172
f 205/155/198 206/130/173 239/132/175
f 242/134/177 209/137/180 210/156/199
f 244/138/181 211/157/200 212/158/201
f 246/96/139 215/159/202 216/142/185
f 177/160/203 178/161/204 247/144/187
f 251/94/205 286/93/206 285/92/207
f 318/97/208 317/96/209 253/95/210
f 290/100/211 289/99/212 258/98/213
f 292/103/214 291/102/215 260/101/216
f 261/106/217 294/105/218 293/104/219
f 263/109/220 296/108/221 295/107/222
f 265/112/223 298/111/224 297/110/225
f 300/115/226 299/114/227 268/113/228
f 302/118/229 301/117/230 270/116/231
f 271/121/232 304/120/233 303/119/234
f 273/124/235 306/123/236 305/122/237
f 275/127/238 308/126/239 307/125/240
f 277/130/241 310/129/242 309/128/243
f 280/133/244 312/132/245 311/131/246
f 255/136/247 314/135/248 313/134/249
f 316/139/250 315/138/251 282/137/252
f 286/93/206 265/112/223 266/140/253
f 287/142/254 275/127/238 276/141/255
f 290/100/211 320/144/256 319/143/257
f 257/145/258 258/98/213 291/102/215
f 259/146/259 260/101/216 293/104/219
f 296/108/221 261/106/217 262/147/260
f 298/111/224 263/109/220 264/148/261
f 255/136/247 256/149/262 299/114/227
f 267/150/263 268/113/228 301/117/230
f 304/120/233 269/151/264 270/116/231
f 306/123/236 271/121/232 272/152/265
f 308/126/239 273/124/235 274/153/266
f 310/129/242 251/94/205 252/154/267
f 312/132/245 277/130/241 278/155/268
f 281/156/269 282/137/252 313/134/249
f 283/158/270 284/157/271 315/138/251
f 287/142/254 288/159/272 317/96/209
f 320/144/256 249/161/273 250/160/274
f 177/160/203 130/88/132 249/161/273
f 72/88/75 177/160/203 248/143/186
f 178/161/204 249/161/273 320/144/256
f 213/93/136 286/93/206 251/94/205
f 104/50/37 214/92/135 179/154/197
f 80/51/38 179/154/197 238/128/171
f 180/94/137 251/94/205 310/129/242
f 181/162/275 245/97/140 318/97/208
f 79/86/73 118/82/69 246/96/139
f 182/95/138 254/162/276 137/86/131
f 183/149/192 73/59/46 101/52/39
f 227/115/158 184/136/179 255/136/247
f 184/136/179 241/135/178 314/135/248
f 115/85/72 73/59/46 183/149/192
f 217/100/143 290/100/211 257/145/258
f 218/99/142 185/98/141 81/47/34
f 186/145/188 257/145/258 292/103/214
f 185/98/141 220/102/145 106/44/31
f 219/103/146 292/103/214 259/146/259
f 220/102/145 187/101/144 82/45/32
f 188/146/189 259/146/259 294/105/218
f 187/101/144 222/104/147 107/41/28
f 221/105/148 294/105/218 261/106/217
f 107/41/28 222/104/147 189/147/190
f 190/106/149 261/106/217 296/108/221
f 83/42/29 189/147/190 224/107/150
f 223/108/151 296/108/221 263/109/220
f 108/38/25 224/107/150 191/148/191
f 192/109/152 263/109/220 298/111/224
f 84/39/26 191/148/191 226/110/153
f 225/111/154 298/111/224 265/112/223
f 109/35/22 226/110/153 193/140/183
f 194/112/155 265/112/223 286/93/206
f 85/36/23 193/140/183 214/92/135
f 196/150/193 227/115/158 300/115/226
f 78/90/277 115/85/72 228/114/157
f 110/75/62 78/90/277 195/113/156
f 229/118/161 196/150/193 267/150/263
f 198/151/194 229/118/161 302/118/229
f 77/74/61 110/75/62 230/117/160
f 232/119/162 111/77/64 77/74/61
f 231/120/163 198/151/194 269/151/264
f 200/121/164 231/120/163 304/120/233
f 199/152/195 76/76/63 111/77/64
f 234/122/165 112/79/66 76/76/63
f 233/123/166 200/121/164 271/121/232
f 202/124/167 233/123/166 306/123/236
f 201/153/196 75/78/65 112/79/66
f 236/125/168 113/81/68 75/78/65
f 235/126/169 202/124/167 273/124/235
f 204/127/170 235/126/169 308/126/239
f 203/141/184 74/80/67 113/81/68
f 114/84/71 74/80/67 203/141/184
f 216/142/185 204/127/170 275/127/238
f 237/129/172 310/129/242 277/130/241
f 103/67/54 238/128/171 205/155/198
f 92/65/52 205/155/198 240/131/174
f 206/130/173 277/130/241 312/132/245
f 239/132/175 312/132/245 280/133/244
f 102/63/50 240/131/174 208/163/278
f 208/163/278 280/133/244 152/91/134
f 209/137/180 242/134/177 101/52/39
f 244/138/181 209/137/180 96/58/45
f 241/135/178 210/156/199 281/156/269
f 210/156/199 243/139/182 316/139/250
f 211/157/200 156/89/98 283/158/270
f 211/157/200 244/138/181 100/55/42
f 243/139/182 212/158/201 283/158/270
f 118/82/69 114/84/71 215/159/202
f 245/97/140 216/142/185 287/142/254
f 117/70/57 248/143/186 218/99/142
f 247/144/187 320/144/256 290/100/211
f 319/143/257 250/160/274 130/88/132
f 252/154/267 285/92/207 162/50/92
f 138/51/91 161/67/108 309/128/243
f 137/86/131 253/95/210 317/96/209
f 256/149/262 313/134/249 159/52/94
f 173/85/129 299/114/227 256/149/262
f 258/98/213 139/47/114 164/44/86
f 289/99/212 163/46/88 139/47/114
f 260/101/216 140/45/85 165/41/83
f 291/102/215 164/44/86 140/45/85
f 295/107/222 262/147/260 141/42/82
f 262/147/260 293/104/219 165/41/83
f 297/110/225 264/148/261 142/39/79
f 264/148/261 295/107/222 166/38/80
f 285/92/207 266/140/253 143/36/76
f 266/140/253 297/110/225 167/35/77
f 136/90/128 268/113/228 299/114/227
f 168/75/119 301/117/230 268/113/228
f 135/74/118 270/116/231 301/117/230
f 135/74/118 169/77/121 303/119/234
f 169/77/121 134/76/120 272/152/265
f 134/76/120 170/79/123 305/122/237
f 170/79/123 133/78/122 274/153/266
f 133/78/122 171/81/125 307/125/240
f 171/81/125 132/80/124 276/141/255
f 172/84/127 288/159/272 276/141/255
f 161/67/108 150/65/106 278/155/268
f 150/65/106 160/63/103 311/131/246
f 160/63/103 152/91/134 279/163/279
f 159/52/94 313/134/249 282/137/252
f 154/58/95 282/137/252 315/138/251
f 158/55/97 315/138/251 284/157/271
f 176/82/126 317/96/209 288/159/272
f 289/99/212 319/143/257 175/70/112
s 0
f 571/164/280 422/165/280 326/166/280
f 570/167/281 426/168/281 325/169/281
f 400/170/282 569/171/282 435/172/282
f 401/173/283 568/174/283 436/175/283
f 567/176/284 437/177/284 329/178/284
f 566/179/285 438/180/285 330/181/285
f 563/182/286 444/183/286 334/184/286
f 562/185/287 445/186/287 333/187/287
f 415/188/288 559/189/288 451/190/288
f 416/191/289 558/192/289 452/193/289
f 453/194/290 557/195/290 419/196/290
f 454/197/291 556/198/291 455/199/291
f 449/200/292 555/201/292 456/202/292
f 457/203/293 554/204/293 418/205/293
f 458/206/294 553/207/294 459/208/294
f 448/209/295 552/210/295 460/211/295
f 461/212/296 551/213/296 417/214/296
f 462/215/297 550/216/297 463/217/297
f 548/218/298 413/219/298 365/220/298
f 466/221/299 547/222/299 467/223/299
f 545/224/300 412/225/300 364/226/300
f 544/227/301 471/228/301 376/229/301
f 543/230/302 472/231/302 360/232/302
f 542/233/303 411/234/303 363/235/303
f 474/236/304 541/237/304 475/238/304
f 442/239/305 540/240/305 476/241/305
f 477/242/306 539/243/306 407/244/306
f 478/245/307 538/246/307 479/247/307
f 481/248/308 536/249/308 406/250/308
f 482/251/309 535/252/309 483/253/309
f 533/254/310 405/255/310 357/256/310
f 532/257/311 487/258/311 380/259/311
f 531/260/312 488/261/312 351/262/312
f 530/263/313 404/264/313 356/265/313
f 529/266/314 491/267/314 381/268/314
f 528/269/315 492/270/315 350/271/315
f 493/272/316 527/273/316 403/274/316
f 526/275/317 495/276/317 382/277/317
f 434/278/318 525/279/318 496/280/318
f 497/281/319 524/282/319 402/283/319
f 498/284/320 523/285/320 499/286/320
f 433/287/321 522/288/321 500/289/321
f 521/290/322 393/291/322 345/292/322
f 520/293/323 503/294/323 384/295/323
f 519/296/324 504/297/324 347/298/324
f 518/299/325 389/300/325 341/301/325
f 517/302/326 507/303/326 385/304/326
f 516/305/327 508/306/327 346/307/327
f 515/308/328 392/309/328 344/310/328
f 514/311/329 511/312/329 386/313/329
f 510/314/330 386/313/330 512/315/330
f 365/220/331 510/314/331 513/316/331
f 428/317/332 347/298/332 511/312/332
f 334/184/333 428/317/333 514/311/333
f 413/219/334 514/311/334 510/314/334
f 395/318/335 325/169/335 392/309/335
f 347/298/336 395/318/336 515/308/336
f 511/312/337 515/308/337 509/319/337
f 506/320/338 385/304/338 508/306/338
f 364/226/339 506/320/339 516/305/339
f 445/186/340 516/305/340 427/321/340
f 410/322/341 362/323/341 507/303/341
f 335/324/342 410/322/342 517/302/342
f 412/225/343 517/302/343 506/320/343
f 443/325/344 322/326/344 389/300/344
f 362/323/345 443/325/345 518/299/345
f 507/303/346 518/299/346 505/327/346
f 502/328/347 384/295/347 504/297/347
f 363/235/348 502/328/348 519/296/348
f 444/183/349 519/296/349 428/317/349
f 427/321/350 346/307/350 503/294/350
f 333/187/351 427/321/351 520/293/351
f 411/234/352 520/293/352 502/328/352
f 394/329/353 326/166/353 393/291/353
f 346/307/323 394/329/323 521/290/323
f 503/294/354 521/290/354 501/330/354
f 522/288/355 498/284/355 383/331/355
f 452/193/356 371/332/356 498/284/356
f 338/333/357 452/193/357 522/288/357
f 523/285/358 431/334/358 350/271/358
f 419/196/359 337/335/359 431/334/359
f 371/332/360 419/196/360 523/285/360
f 398/336/316 329/178/316 402/283/316
f 350/271/361 398/336/361 524/282/361
f 383/331/362 499/286/362 524/282/362
f 525/279/363 494/337/363 382/277/363
f 435/172/364 354/338/364 494/337/364
f 331/339/365 435/172/365 525/279/365
f 432/340/366 351/262/366 495/276/366
f 329/178/367 432/340/367 526/275/367
f 402/283/368 526/275/368 494/337/368
f 527/273/369 399/341/369 330/181/369
f 495/276/370 351/262/370 399/341/370
f 382/277/371 495/276/371 527/273/371
f 490/342/372 381/268/372 492/270/372
f 370/343/373 490/342/373 528/269/373
f 337/335/374 451/190/374 528/269/374
f 529/266/375 414/344/375 366/345/375
f 418/205/376 336/346/376 414/344/376
f 370/343/377 418/205/377 529/266/377
f 447/347/378 328/348/378 404/264/378
f 491/267/379 366/345/379 447/347/379
f 491/267/380 530/263/380 489/349/380
f 486/350/381 380/259/381 488/261/381
f 356/265/382 486/350/382 531/260/382
f 437/177/383 531/260/383 432/340/383
f 397/351/384 349/352/384 487/258/384
f 328/348/385 397/351/385 532/257/385
f 404/264/386 532/257/386 486/350/386
f 430/353/387 327/354/387 405/255/387
f 349/352/388 430/353/388 533/254/388
f 487/258/389 533/254/389 485/355/389
f 534/356/390 482/251/390 379/357/390
f 450/358/391 369/359/391 482/251/391
f 535/252/392 433/287/392 352/360/392
f 417/214/393 338/333/393 433/287/393
f 369/359/394 417/214/394 535/252/394
f 536/249/395 400/170/395 331/339/395
f 483/253/396 352/360/396 400/170/396
f 379/357/397 483/253/397 536/249/397
f 537/361/398 478/245/398 378/362/398
f 439/363/399 358/364/399 478/245/399
f 538/246/400 434/278/400 353/365/400
f 406/250/401 331/339/401 434/278/401
f 358/364/402 406/250/402 538/246/402
f 539/243/403 401/173/403 332/366/403
f 479/247/404 353/365/404 401/173/404
f 378/362/405 479/247/405 539/243/405
f 540/240/406 474/236/406 377/367/406
f 436/175/407 355/368/407 474/236/407
f 332/366/408 436/175/408 540/240/408
f 541/237/409 441/369/409 360/232/409
f 403/274/410 330/181/410 441/369/410
f 355/368/411 403/274/411 541/237/411
f 408/370/412 333/187/412 411/234/412
f 475/238/413 360/232/413 408/370/413
f 377/367/414 475/238/414 542/233/414
f 470/371/415 376/229/415 472/231/415
f 357/256/416 470/371/416 543/230/416
f 330/181/417 438/180/417 543/230/417
f 544/227/418 396/372/418 348/373/418
f 327/354/419 396/372/419 544/227/419
f 405/255/420 544/227/420 470/371/420
f 429/374/421 335/324/421 412/225/421
f 348/373/422 429/374/422 545/224/422
f 376/229/423 471/228/423 545/224/423
f 546/375/424 466/221/424 375/376/424
f 440/377/425 359/378/425 466/221/425
f 547/222/426 442/239/426 361/379/426
f 407/244/427 332/366/427 442/239/427
f 359/378/428 407/244/428 547/222/428
f 409/380/429 334/184/429 413/219/429
f 361/379/430 409/380/430 548/218/430
f 467/223/431 548/218/431 465/381/431
f 549/382/432 462/215/432 374/383/432
f 388/384/433 340/385/433 462/215/433
f 550/216/434 449/200/434 368/386/434
f 421/387/435 324/388/435 449/200/435
f 340/385/436 421/387/436 550/216/436
f 551/213/437 416/191/437 338/333/437
f 463/217/438 368/386/438 416/191/438
f 374/383/439 463/217/439 551/213/439
f 552/210/440 458/206/440 373/389/440
f 390/390/441 342/391/441 458/206/441
f 323/392/442 390/390/442 552/210/442
f 553/207/443 387/393/443 339/394/443
f 423/395/444 321/396/444 387/393/444
f 342/391/445 423/395/445 553/207/445
f 554/204/446 420/397/446 336/346/446
f 459/208/447 339/394/447 420/397/447
f 373/389/448 459/208/448 554/204/448
f 555/201/449 454/197/449 372/398/449
f 391/399/450 343/400/450 454/197/450
f 324/388/451 391/399/451 555/201/451
f 556/198/452 448/209/452 367/401/452
f 424/402/442 323/392/442 448/209/442
f 343/400/453 424/402/453 556/198/453
f 557/195/454 415/188/454 337/335/454
f 455/199/455 367/401/455 415/188/455
f 372/398/456 455/199/456 557/195/456
f 558/192/457 453/194/457 371/332/457
f 456/202/458 372/398/458 453/194/458
f 368/386/459 456/202/459 558/192/459
f 559/189/460 457/203/460 370/343/460
f 460/211/461 373/389/461 457/203/461
f 367/401/462 460/211/462 559/189/462
f 560/403/463 461/212/463 369/359/463
f 464/404/464 374/383/464 461/212/464
f 465/381/465 365/220/465 446/405/465
f 375/376/466 465/381/466 561/406/466
f 562/185/467 469/407/467 364/226/467
f 376/229/468 469/407/468 562/185/468
f 472/231/469 562/185/469 408/370/469
f 473/408/470 363/235/470 444/183/470
f 476/241/471 377/367/471 473/408/471
f 476/241/472 563/182/472 409/380/472
f 564/409/473 477/242/473 359/378/473
f 480/410/474 378/362/474 477/242/474
f 565/411/475 481/248/475 358/364/475
f 484/412/476 379/357/476 481/248/476
f 485/355/477 357/256/477 438/180/477
f 380/259/478 485/355/478 566/179/478
f 488/261/479 566/179/479 399/341/479
f 489/349/308 356/265/308 437/177/308
f 381/268/480 489/349/480 567/176/480
f 492/270/481 567/176/481 398/336/481
f 568/174/482 493/272/482 355/368/482
f 496/280/483 382/277/483 493/272/483
f 353/365/484 496/280/484 568/174/484
f 569/171/485 497/281/485 354/338/485
f 500/289/486 383/331/486 497/281/486
f 352/360/487 500/289/487 569/171/487
f 501/330/488 345/292/488 426/168/488
f 384/295/489 501/330/489 570/167/489
f 504/297/490 570/167/490 395/318/490
f 505/327/491 341/301/491 422/165/491
f 385/304/492 505/327/492 571/164/492
f 508/306/493 571/164/493 394/329/493
f 509/319/494 344/310/494 425/413/494
f 386/313/495 509/319/495 572/414/495
f 622/415/496 596/416/496 575/417/496
f 660/418/497 633/419/497 582/420/497
f 659/421/498 635/422/498 581/423/498
f 619/424/499 598/425/499 580/426/499
f 618/427/500 597/428/500 579/429/500
f 617/430/501 609/431/501 588/432/501
f 616/433/502 610/434/502 587/435/502
f 615/436/503 611/437/503 586/438/503
f 658/439/504 638/440/504 585/441/504
f 657/442/505 631/443/505 612/444/505
f 656/445/506 641/446/506 614/447/506
f 640/448/507 614/447/507 642/449/507
f 629/450/508 585/441/508 630/451/508
f 576/452/509 605/453/509 615/436/509
f 593/454/510 615/436/510 606/455/510
f 606/455/511 586/438/511 610/456/511
f 577/457/512 606/458/512 616/433/512
f 594/459/513 616/433/513 607/460/513
f 607/460/514 587/435/514 609/431/514
f 578/461/515 607/460/515 617/430/515
f 602/462/516 580/426/516 597/428/516
f 587/435/517 602/462/517 618/427/517
f 609/431/518 618/427/518 603/463/518
f 619/464/519 627/465/519 581/423/519
f 586/438/520 601/466/520 619/464/520
f 610/434/521 619/424/521 602/462/521
f 655/467/522 625/468/522 599/469/522
f 654/470/523 645/471/523 620/472/523
f 644/473/524 620/472/524 646/474/524
f 653/475/525 624/476/525 591/477/525
f 652/478/526 649/479/526 621/480/526
f 651/481/527 650/482/527 600/483/527
f 603/463/528 579/429/528 596/416/528
f 588/432/529 603/463/529 622/415/529
f 613/484/530 622/415/530 590/485/530
f 648/486/531 621/480/531 650/482/531
f 612/444/532 648/486/532 651/481/532
f 638/440/533 651/481/533 636/487/533
f 628/488/407 604/489/407 649/479/407
f 583/490/534 628/488/534 652/478/534
f 631/443/535 652/478/535 648/486/535
f 637/491/536 574/492/536 624/476/536
f 604/489/537 637/491/537 653/475/537
f 649/479/538 653/475/538 647/493/538
f 586/438/539 644/473/539 646/474/539
f 636/487/540 600/483/540 645/471/540
f 585/441/541 636/487/541 654/470/541
f 630/451/542 654/470/542 644/473/542
f 626/494/543 582/420/543 625/468/543
f 600/483/544 626/494/544 655/467/544
f 645/471/545 655/467/545 643/495/545
f 615/436/546 629/450/546 630/451/546
f 576/452/547 640/448/547 642/449/547
f 623/496/548 589/497/548 641/446/548
f 573/498/549 623/496/549 656/445/549
f 634/499/550 656/445/550 640/448/550
f 632/500/551 583/490/551 631/443/551
f 589/497/552 632/500/552 657/442/552
f 641/446/553 657/442/553 639/501/553
f 639/501/554 612/444/554 638/440/554
f 614/447/555 639/501/555 658/439/555
f 642/449/556 658/439/556 629/450/556
f 643/495/557 599/469/557 635/422/557
f 620/472/558 643/495/558 659/421/558
f 646/474/559 659/421/559 627/465/559
f 647/493/560 591/477/560 633/419/560
f 621/480/561 647/493/561 660/418/561
f 650/482/562 660/418/562 626/494/562
f 710/502/563 684/503/563 663/504/563
f 748/505/564 721/506/564 670/507/564
f 747/508/565 723/509/565 669/510/565
f 707/511/566 686/512/566 668/513/566
f 706/514/567 685/515/567 667/516/567
f 705/517/568 697/518/568 676/519/568
f 704/520/569 698/521/569 675/522/569
f 703/523/570 699/524/570 674/525/570
f 746/526/571 726/527/571 673/528/571
f 745/529/572 719/530/572 700/531/572
f 744/532/573 729/533/573 702/534/573
f 728/535/574 702/534/574 730/536/574
f 717/537/575 673/528/575 718/538/575
f 664/539/576 693/540/576 703/523/576
f 681/541/577 703/523/577 694/542/577
f 694/542/578 674/525/578 698/521/578
f 665/543/579 694/542/579 704/520/579
f 682/544/580 704/520/580 695/545/580
f 695/545/581 675/522/581 697/518/581
f 666/546/582 695/545/582 705/517/582
f 690/547/583 668/513/583 685/515/583
f 675/522/584 690/547/584 706/514/584
f 697/518/585 706/514/585 691/548/585
f 707/511/586 715/549/586 669/510/586
f 674/525/587 689/550/587 707/511/587
f 698/521/588 707/511/588 690/547/588
f 743/551/589 713/552/589 687/553/589
f 742/554/590 733/555/590 708/556/590
f 732/557/591 708/556/591 734/558/591
f 735/559/592 741/560/592 712/561/592
f 740/562/593 737/563/593 709/564/593
f 739/565/594 738/566/594 688/567/594
f 691/548/595 667/516/595 684/503/595
f 676/519/596 691/548/596 710/502/596
f 701/568/597 710/502/597 678/569/597
f 736/570/598 709/564/598 738/566/598
f 700/531/599 736/570/599 739/565/599
f 726/527/600 739/565/600 724/571/600
f 716/572/601 692/573/601 737/563/601
f 671/574/602 716/572/602 740/562/602
f 719/530/603 740/562/603 736/570/603
f 741/560/604 725/575/604 662/576/604
f 692/573/605 725/575/605 741/560/605
f 737/563/606 741/560/606 735/559/606
f 674/525/607 732/557/607 734/558/607
f 724/571/608 688/567/608 733/555/608
f 673/528/609 724/571/609 742/554/609
f 718/538/610 742/554/610 732/557/610
f 714/577/611 670/507/611 713/552/611
f 688/567/612 714/577/612 743/551/612
f 733/555/613 743/551/613 731/578/613
f 703/523/614 717/537/614 718/538/614
f 664/539/615 728/535/615 730/536/615
f 711/579/616 677/580/616 729/533/616
f 661/581/617 711/579/617 744/532/617
f 722/582/618 744/532/618 728/535/618
f 720/583/619 671/574/619 719/530/619
f 677/580/620 720/583/620 745/529/620
f 729/533/621 745/529/621 727/584/621
f 727/584/622 700/531/622 726/527/622
f 702/534/623 727/584/623 746/526/623
f 730/536/624 746/526/624 717/537/624
f 731/578/625 687/553/625 723/509/625
f 708/556/626 731/578/626 747/508/626
f 734/558/627 747/508/627 715/549/627
f 748/505/628 735/559/628 679/585/628
f 738/566/629 709/564/629 735/559/629
f 738/566/630 748/505/630 714/577/630
f 798/586/631 772/587/631 751/588/631
f 836/589/632 809/590/632 758/591/632
f 835/592/633 811/593/633 757/594/633
f 795/595/634 774/596/634 756/597/634
f 794/598/635 773/599/635 755/600/635
f 793/601/636 785/602/636 764/603/636
f 792/604/637 786/605/637 763/606/637
f 791/607/638 787/608/638 762/609/638
f 834/610/639 814/611/639 761/612/639
f 833/613/640 807/614/640 788/615/640
f 832/616/641 817/617/641 790/618/641
f 816/619/642 790/618/642 818/620/642
f 805/621/643 761/612/643 806/622/643
f 752/623/644 781/624/644 791/607/644
f 769/625/645 791/607/645 782/626/645
f 782/626/646 762/609/646 786/605/646
f 753/627/647 782/626/647 792/604/647
f 770/628/648 792/604/648 783/629/648
f 783/629/649 763/606/649 785/602/649
f 754/630/650 783/629/650 793/601/650
f 778/631/651 756/597/651 773/599/651
f 763/606/652 778/631/652 794/598/652
f 785/602/653 794/598/653 779/632/653
f 795/595/654 803/633/654 757/594/654
f 762/609/655 777/634/655 795/595/655
f 786/605/656 795/595/656 778/631/656
f 831/635/657 801/636/657 775/637/657
f 830/638/658 821/639/658 796/640/658
f 820/641/659 796/640/659 822/642/659
f 829/643/660 800/644/660 767/645/660
f 828/646/661 825/647/661 797/648/661
f 827/649/662 826/650/662 776/651/662
f 779/632/663 755/600/663 772/587/663
f 764/603/664 779/632/664 798/586/664
f 789/652/665 798/586/665 766/653/665
f 824/654/666 797/648/666 826/650/666
f 788/615/667 824/654/667 827/649/667
f 814/611/668 827/649/668 812/655/668
f 804/656/669 780/657/669 825/647/669
f 759/658/670 804/656/670 828/646/670
f 807/614/671 828/646/671 824/654/671
f 813/659/672 750/660/672 800/644/672
f 780/657/673 813/659/673 829/643/673
f 825/647/674 829/643/674 823/661/674
f 762/609/675 820/641/675 822/642/675
f 812/655/676 776/651/676 821/639/676
f 761/612/677 812/655/677 830/638/677
f 806/622/678 830/638/678 820/641/678
f 802/662/679 758/591/679 801/636/679
f 776/651/680 802/662/680 831/635/680
f 821/639/681 831/635/681 819/663/681
f 791/607/682 805/621/682 806/622/682
f 752/623/683 816/619/683 818/620/683
f 799/664/684 765/665/684 817/617/684
f 749/666/685 799/664/685 832/616/685
f 810/667/686 832/616/686 816/619/686
f 808/668/687 759/658/687 807/614/687
f 765/665/688 808/668/688 833/613/688
f 817/617/689 833/613/689 815/669/689
f 815/669/690 788/615/690 814/611/690
f 790/618/677 815/669/677 834/610/677
f 818/620/691 834/610/691 805/621/691
f 819/663/692 775/637/692 811/593/692
f 796/640/693 819/663/693 835/592/693
f 822/642/694 835/592/694 803/633/694
f 823/661/695 767/645/695 809/590/695
f 797/648/696 823/661/696 836/589/696
f 826/650/697 836/589/697 802/662/697
f 886/586/698 860/587/698 839/588/698
f 924/589/699 897/590/699 846/591/699
f 923/592/700 899/670/700 845/594/700
f 883/595/701 862/596/701 844/597/701
f 882/598/702 861/599/702 843/600/702
f 881/601/703 873/602/703 852/603/703
f 880/604/704 874/605/704 851/606/704
f 879/607/705 875/608/705 850/609/705
f 922/610/706 902/671/706 849/612/706
f 921/613/707 895/614/707 876/615/707
f 920/616/708 905/617/708 878/618/708
f 904/619/709 878/618/709 906/620/709
f 893/621/710 849/612/710 894/622/710
f 840/623/711 869/624/711 879/607/711
f 857/625/712 879/607/712 870/626/712
f 870/626/713 850/609/713 874/605/713
f 841/627/714 870/626/714 880/604/714
f 858/628/715 880/604/715 871/629/715
f 871/629/716 851/606/716 873/602/716
f 842/630/717 871/629/717 881/601/717
f 866/672/718 844/597/718 861/599/718
f 851/606/719 866/672/719 882/598/719
f 873/602/720 882/598/720 867/632/720
f 883/595/721 891/633/721 845/594/721
f 850/609/722 865/634/722 883/595/722
f 874/605/723 883/595/723 866/672/723
f 919/635/724 889/673/724 863/637/724
f 918/638/725 909/639/725 884/640/725
f 908/641/726 884/640/726 910/642/726
f 917/643/727 888/644/727 855/645/727
f 916/646/728 913/647/728 885/648/728
f 915/649/729 914/650/729 864/651/729
f 867/632/730 843/600/730 860/587/730
f 852/603/731 867/632/731 886/586/731
f 877/652/732 886/586/732 854/653/732
f 912/654/733 885/648/733 914/650/733
f 876/615/734 912/654/734 915/649/734
f 902/671/735 915/649/735 900/655/735
f 892/656/736 868/657/736 913/647/736
f 847/658/737 892/656/737 916/646/737
f 895/614/738 916/646/738 912/654/738
f 901/659/739 838/660/739 888/644/739
f 868/657/740 901/659/740 917/643/740
f 913/647/741 917/643/741 911/661/741
f 850/609/742 908/641/742 910/642/742
f 900/655/743 864/651/743 909/639/743
f 849/612/744 900/655/744 918/638/744
f 894/622/745 918/638/745 908/641/745
f 890/662/746 846/591/746 889/673/746
f 864/651/747 890/662/747 919/635/747
f 909/639/748 919/635/748 907/663/748
f 879/607/749 893/621/749 894/622/749
f 840/623/750 904/619/750 906/620/750
f 887/664/751 853/665/751 905/617/751
f 837/666/752 887/664/752 920/616/752
f 898/667/753 920/616/753 904/619/753
f 896/674/754 847/658/754 895/614/754
f 853/665/755 896/674/755 921/613/755
f 905/617/756 921/613/756 903/669/756
f 903/669/757 876/615/757 902/671/757
f 878/618/744 903/669/744 922/610/744
f 906/620/758 922/610/758 893/621/758
f 907/663/759 863/637/759 899/670/759
f 884/640/760 907/663/760 923/592/760
f 910/642/761 923/592/761 891/633/761
f 911/661/762 855/645/762 897/590/762
f 885/648/763 911/661/763 924/589/763
f 914/650/764 924/589/764 890/662/764
f 974/675/631 948/676/631 927/677/631
f 1012/678/632 985/679/632 934/680/632
f 1011/681/633 987/682/633 933/683/633
f 971/684/634 950/685/634 932/686/634
f 970/687/635 949/688/635 931/689/635
f 969/690/636 961/691/636 940/692/636
f 968/693/637 962/694/637 939/695/637
f 967/696/638 963/697/638 938/698/638
f 1010/699/639 990/700/639 937/701/639
f 1009/702/640 983/703/640 964/704/640
f 1008/705/641 993/706/641 966/707/641
f 992/708/642 966/707/642 994/709/642
f 981/710/643 937/701/643 982/711/643
f 928/712/644 957/713/644 967/696/644
f 945/714/645 967/696/645 958/715/645
f 958/715/646 938/698/646 962/694/646
f 929/716/647 958/715/647 968/693/647
f 946/717/648 968/693/648 959/718/648
f 959/718/649 939/695/649 961/691/649
f 930/719/650 959/718/650 969/690/650
f 954/720/651 932/686/651 949/688/651
f 939/695/652 954/720/652 970/687/652
f 961/691/653 970/687/653 955/721/653
f 971/684/654 979/722/654 933/683/654
f 938/698/655 953/723/655 971/684/655
f 962/694/656 971/684/656 954/720/656
f 1007/724/657 977/725/657 951/726/657
f 1006/727/658 997/728/658 972/729/658
f 996/730/765 972/729/765 998/731/765
f 1005/732/766 976/733/766 943/734/766
f 1004/735/661 1001/736/661 973/737/661
f 1003/738/767 1002/739/767 952/740/767
f 955/721/663 931/689/663 948/676/663
f 940/692/664 955/721/664 974/675/664
f 965/741/665 974/675/665 942/742/665
f 1000/743/666 973/737/666 1002/739/666
f 964/704/667 1000/743/667 1003/738/667
f 990/700/768 1003/738/768 988/744/768
f 980/745/669 956/746/669 1001/736/669
f 935/747/670 980/745/670 1004/735/670
f 983/703/671 1004/735/671 1000/743/671
f 989/748/672 926/749/672 976/733/672
f 956/746/673 989/748/673 1005/732/673
f 1001/736/674 1005/732/674 999/750/674
f 938/698/675 996/730/675 998/731/675
f 988/744/676 952/740/676 997/728/676
f 937/701/677 988/744/677 1006/727/677
f 982/711/678 1006/727/678 996/730/678
f 978/751/679 934/680/679 977/725/679
f 952/740/680 978/751/680 1007/724/680
f 997/728/681 1007/724/681 995/752/681
f 967/696/682 981/710/682 982/711/682
f 928/712/683 992/708/683 994/709/683
f 975/753/684 941/754/684 993/706/684
f 925/755/685 975/753/685 1008/705/685
f 986/756/686 1008/705/686 992/708/686
f 984/757/687 935/747/687 983/703/687
f 941/754/688 984/757/688 1009/702/688
f 993/706/689 1009/702/689 991/758/689
f 991/758/690 964/704/690 990/700/690
f 966/707/677 991/758/677 1010/699/677
f 994/709/691 1010/699/691 981/710/691
f 995/752/692 951/726/692 987/682/692
f 972/729/769 995/752/769 1011/681/769
f 998/731/694 1011/681/694 979/722/694
f 999/750/695 943/734/695 985/679/695
f 973/737/696 999/750/696 1012/678/696
f 1002/739/697 1012/678/697 978/751/697
f 1062/675/698 1036/676/698 1015/677/698
f 1100/678/699 1073/679/699 1022/680/699
f 1099/681/770 1075/682/770 1021/683/770
f 1059/684/701 1038/685/701 1020/759/701
f 1058/687/702 1037/760/702 1019/689/702
f 1057/690/703 1049/691/703 1028/692/703
f 1056/693/704 1050/694/704 1027/695/704
f 1055/761/705 1051/697/705 1026/698/705
f 1098/762/706 1078/700/706 1025/701/706
f 1097/702/771 1071/703/771 1052/763/771
f 1096/705/708 1081/706/708 1054/707/708
f 1080/708/709 1054/707/709 1082/764/709
f 1069/710/710 1025/701/710 1070/711/710
f 1016/712/711 1045/713/711 1055/761/711
f 1033/714/712 1055/761/712 1046/715/712
f 1046/715/713 1026/698/713 1050/694/713
f 1017/716/714 1046/715/714 1056/693/714
f 1034/717/715 1056/693/715 1047/765/715
f 1047/765/716 1027/695/716 1049/691/716
f 1018/766/717 1047/765/717 1057/690/717
f 1042/720/718 1020/759/718 1037/760/718
f 1027/695/719 1042/720/719 1058/687/719
f 1049/691/720 1058/687/720 1043/721/720
f 1059/684/721 1067/722/721 1021/683/721
f 1026/698/722 1041/723/722 1059/684/722
f 1050/694/723 1059/684/723 1042/720/723
f 1095/724/724 1065/725/724 1039/726/724
f 1094/727/725 1085/728/725 1060/729/725
f 1084/730/726 1060/729/726 1086/731/726
f 1093/732/727 1064/733/727 1031/734/727
f 1092/735/728 1089/736/728 1061/737/728
f 1091/738/729 1090/739/729 1040/740/729
f 1043/721/730 1019/689/730 1036/676/730
f 1028/692/731 1043/721/731 1062/675/731
f 1053/741/772 1062/675/772 1030/742/772
f 1088/743/733 1061/737/733 1090/739/733
f 1052/763/734 1088/743/734 1091/738/734
f 1078/700/773 1091/738/773 1076/744/773
f 1068/745/736 1044/767/736 1089/736/736
f 1023/747/737 1068/745/737 1092/735/737
f 1071/703/738 1092/735/738 1088/743/738
f 1077/748/774 1014/749/774 1064/733/774
f 1044/767/740 1077/748/740 1093/732/740
f 1089/736/741 1093/732/741 1087/750/741
f 1026/698/742 1084/730/742 1086/731/742
f 1076/744/743 1040/740/743 1085/728/743
f 1025/701/775 1076/744/775 1094/727/775
f 1070/711/745 1094/727/745 1084/730/745
f 1066/751/746 1022/680/746 1065/725/746
f 1040/740/747 1066/751/747 1095/724/747
f 1085/728/776 1095/724/776 1083/752/776
f 1055/761/749 1069/710/749 1070/711/749
f 1016/712/750 1080/708/750 1082/764/750
f 1063/753/777 1029/754/777 1081/706/777
f 1013/755/778 1063/753/778 1096/705/778
f 1074/756/779 1096/705/779 1080/708/779
f 1072/768/754 1023/747/754 1071/703/754
f 1029/754/780 1072/768/780 1097/702/780
f 1081/706/781 1097/702/781 1079/758/781
f 1079/758/757 1052/763/757 1078/700/757
f 1054/707/782 1079/758/782 1098/762/782
f 1082/764/758 1098/762/758 1069/710/758
f 1083/752/783 1039/726/783 1075/682/783
f 1060/729/784 1083/752/784 1099/681/784
f 1086/731/761 1099/681/761 1067/722/761
f 1087/750/785 1031/734/785 1073/679/785
f 1061/737/763 1087/750/763 1100/678/763
f 1090/739/764 1100/678/764 1066/751/764
s 1
f 86/34/21 85/36/23 67/68/55
f 87/37/24 84/39/26 66/73/60
f 88/40/27 83/42/29 65/72/59
f 89/43/30 82/45/32 64/71/58
f 105/46/33 63/48/35 90/83/70
f 91/49/36 80/51/38 62/60/47
f 101/52/39 70/54/41 96/58/45
f 100/55/42 71/57/44 98/89/786
f 96/58/45 99/56/43 100/55/42
f 73/59/46 97/53/40 101/52/39
f 69/61/48 102/63/50 94/91/133
f 95/62/49 92/65/52 102/63/50
f 68/64/51 103/67/54 92/65/52
f 93/66/53 80/51/38 103/67/54
f 67/68/55 104/50/37 91/49/36
f 116/69/56 105/46/33 90/83/70
f 63/48/35 106/44/31 89/43/30
f 64/71/58 107/41/28 88/40/27
f 65/72/59 108/38/25 87/37/24
f 66/73/60 109/35/22 86/34/21
f 77/74/61 86/34/21 110/75/62
f 110/75/62 67/68/55 78/90/277
f 76/76/63 87/37/24 111/77/64
f 111/77/64 66/73/60 77/74/61
f 75/78/65 88/40/27 112/79/66
f 112/79/66 65/72/59 76/76/63
f 74/80/67 89/43/30 113/81/68
f 113/81/68 64/71/58 75/78/65
f 118/82/69 90/83/70 114/84/71
f 114/84/71 63/48/35 74/80/67
f 67/68/55 115/85/72 78/90/277
f 91/49/36 73/59/46 115/85/72
f 79/86/73 116/69/56 118/82/69
f 61/87/74 117/70/57 116/69/56
f 143/36/76 144/34/78 125/68/111
f 142/39/79 145/37/81 124/73/117
f 141/42/82 146/40/84 123/72/116
f 140/45/85 147/43/87 122/71/115
f 163/46/88 121/48/90 139/47/114
f 138/51/91 149/49/93 120/60/110
f 159/52/94 128/54/96 155/53/102
f 158/55/97 129/57/99 157/56/100
f 154/58/95 157/56/100 128/54/96
f 131/59/101 155/53/102 120/60/110
f 160/63/103 127/61/105 152/91/134
f 150/65/106 153/62/104 160/63/103
f 161/67/108 126/64/107 150/65/106
f 138/51/91 151/66/109 161/67/108
f 162/50/92 125/68/111 149/49/93
f 163/46/88 174/69/113 148/83/89
f 164/44/86 121/48/90 147/43/87
f 165/41/83 122/71/115 146/40/84
f 166/38/80 123/72/116 145/37/81
f 167/35/77 124/73/117 144/34/78
f 144/34/78 135/74/118 168/75/119
f 125/68/111 168/75/119 136/90/128
f 145/37/81 134/76/120 169/77/121
f 124/73/117 169/77/121 135/74/118
f 146/40/84 133/78/122 170/79/123
f 123/72/116 170/79/123 134/76/120
f 147/43/87 132/80/124 171/81/125
f 122/71/115 171/81/125 133/78/122
f 148/83/89 176/82/126 172/84/127
f 121/48/90 172/84/127 132/80/124
f 125/68/111 173/85/129 149/49/93
f 149/49/93 131/59/101 120/60/110
f 174/69/113 137/86/131 176/82/126
f 175/70/112 119/87/130 174/69/113
f 99/56/43 129/57/99 71/57/44
f 62/60/47 155/53/102 97/53/40
f 72/88/75 119/87/130 130/88/132
f 71/57/44 156/89/98 98/89/786
f 61/87/74 137/86/131 119/87/130
f 62/60/47 151/66/109 120/60/110
f 70/54/41 157/56/100 99/56/43
f 69/61/48 152/91/134 127/61/105
f 68/64/51 153/62/104 126/64/107
f 93/66/53 126/64/107 151/66/109
f 95/62/49 127/61/105 153/62/104
f 97/53/40 128/54/96 70/54/41
f 214/92/135 180/94/137 179/154/197
f 182/95/138 245/97/140 181/162/275
f 185/98/141 217/100/143 186/145/188
f 187/101/144 219/103/146 188/146/189
f 222/104/147 190/106/149 189/147/190
f 224/107/150 192/109/152 191/148/191
f 226/110/153 194/112/155 193/140/183
f 195/113/156 227/115/158 196/150/193
f 197/116/159 229/118/161 198/151/194
f 232/119/162 200/121/164 199/152/195
f 234/122/165 202/124/167 201/153/196
f 236/125/168 204/127/170 203/141/184
f 238/128/171 206/130/173 205/155/198
f 240/131/174 207/133/176 208/163/278
f 242/134/177 184/136/179 183/149/192
f 209/137/180 243/139/182 210/156/199
f 193/140/183 213/93/136 214/92/135
f 203/141/184 216/142/185 215/159/202
f 248/143/186 217/100/143 218/99/142
f 220/102/145 186/145/188 219/103/146
f 222/104/147 188/146/189 221/105/148
f 189/147/190 223/108/151 224/107/150
f 191/148/191 225/111/154 226/110/153
f 228/114/157 184/136/179 227/115/158
f 230/117/160 196/150/193 229/118/161
f 197/116/159 231/120/163 232/119/162
f 199/152/195 233/123/166 234/122/165
f 201/153/196 235/126/169 236/125/168
f 179/154/197 237/129/172 238/128/171
f 205/155/198 239/132/175 240/131/174
f 242/134/177 210/156/199 241/135/178
f 244/138/181 212/158/201 243/139/182
f 246/96/139 216/142/185 245/97/140
f 177/160/203 247/144/187 248/143/186
f 251/94/205 285/92/207 252/154/267
f 318/97/208 253/95/210 254/162/276
f 290/100/211 258/98/213 257/145/258
f 292/103/214 260/101/216 259/146/259
f 261/106/217 293/104/219 262/147/260
f 263/109/220 295/107/222 264/148/261
f 265/112/223 297/110/225 266/140/253
f 300/115/226 268/113/228 267/150/263
f 302/118/229 270/116/231 269/151/264
f 271/121/232 303/119/234 272/152/265
f 273/124/235 305/122/237 274/153/266
f 275/127/238 307/125/240 276/141/255
f 277/130/241 309/128/243 278/155/268
f 280/133/244 311/131/246 279/163/279
f 255/136/247 313/134/249 256/149/262
f 316/139/250 282/137/252 281/156/269
f 286/93/206 266/140/253 285/92/207
f 287/142/254 276/141/255 288/159/272
f 290/100/211 319/143/257 289/99/212
f 257/145/258 291/102/215 292/103/214
f 259/146/259 293/104/219 294/105/218
f 296/108/221 262/147/260 295/107/222
f 298/111/224 264/148/261 297/110/225
f 255/136/247 299/114/227 300/115/226
f 267/150/263 301/117/230 302/118/229
f 304/120/233 270/116/231 303/119/234
f 306/123/236 272/152/265 305/122/237
f 308/126/239 274/153/266 307/125/240
f 310/129/242 252/154/267 309/128/243
f 312/132/245 278/155/268 311/131/246
f 281/156/269 313/134/249 314/135/248
f 283/158/270 315/138/251 316/139/250
f 287/142/254 317/96/209 318/97/208
f 320/144/256 250/160/274 319/143/257
f 130/88/132 177/160/203 72/88/75
f 177/160/203 249/161/273 178/161/204
f 249/161/273 130/88/132 250/160/274
f 72/88/75 248/143/186 117/70/57
f 178/161/204 320/144/256 247/144/187
f 213/93/136 251/94/205 180/94/137
f 104/50/37 179/154/197 80/51/38
f 80/51/38 238/128/171 103/67/54
f 180/94/137 310/129/242 237/129/172
f 181/162/275 318/97/208 254/162/276
f 79/86/73 246/96/139 182/95/138
f 254/162/276 182/95/138 181/162/275
f 182/95/138 137/86/131 79/86/73
f 137/86/131 254/162/276 253/95/210
f 183/149/192 101/52/39 242/134/177
f 227/115/158 255/136/247 300/115/226
f 184/136/179 314/135/248 255/136/247
f 115/85/72 183/149/192 228/114/157
f 217/100/143 257/145/258 186/145/188
f 218/99/142 81/47/34 105/46/33
f 186/145/188 292/103/214 219/103/146
f 185/98/141 106/44/31 81/47/34
f 219/103/146 259/146/259 188/146/189
f 220/102/145 82/45/32 106/44/31
f 188/146/189 294/105/218 221/105/148
f 187/101/144 107/41/28 82/45/32
f 221/105/148 261/106/217 190/106/149
f 107/41/28 189/147/190 83/42/29
f 190/106/149 296/108/221 223/108/151
f 83/42/29 224/107/150 108/38/25
f 223/108/151 263/109/220 192/109/152
f 108/38/25 191/148/191 84/39/26
f 192/109/152 298/111/224 225/111/154
f 84/39/26 226/110/153 109/35/22
f 225/111/154 265/112/223 194/112/155
f 109/35/22 193/140/183 85/36/23
f 194/112/155 286/93/206 213/93/136
f 85/36/23 214/92/135 104/50/37
f 196/150/193 300/115/226 267/150/263
f 78/90/277 228/114/157 195/113/156
f 110/75/62 195/113/156 230/117/160
f 229/118/161 267/150/263 302/118/229
f 198/151/194 302/118/229 269/151/264
f 77/74/61 230/117/160 197/116/159
f 232/119/162 77/74/61 197/116/159
f 231/120/163 269/151/264 304/120/233
f 200/121/164 304/120/233 271/121/232
f 199/152/195 111/77/64 232/119/162
f 234/122/165 76/76/63 199/152/195
f 233/123/166 271/121/232 306/123/236
f 202/124/167 306/123/236 273/124/235
f 201/153/196 112/79/66 234/122/165
f 236/125/168 75/78/65 201/153/196
f 235/126/169 273/124/235 308/126/239
f 204/127/170 308/126/239 275/127/238
f 203/141/184 113/81/68 236/125/168
f 114/84/71 203/141/184 215/159/202
f 216/142/185 275/127/238 287/142/254
f 237/129/172 277/130/241 206/130/173
f 103/67/54 205/155/198 92/65/52
f 92/65/52 240/131/174 102/63/50
f 206/130/173 312/132/245 239/132/175
f 239/132/175 280/133/244 207/133/176
f 102/63/50 208/163/278 94/91/133
f 280/133/244 208/163/278 207/133/176
f 208/163/278 152/91/134 94/91/133
f 152/91/134 280/133/244 279/163/279
f 209/137/180 101/52/39 96/58/45
f 244/138/181 96/58/45 100/55/42
f 241/135/178 281/156/269 314/135/248
f 210/156/199 316/139/250 281/156/269
f 156/89/98 211/157/200 98/89/786
f 211/157/200 283/158/270 212/158/201
f 283/158/270 156/89/98 284/157/271
f 211/157/200 100/55/42 98/89/786
f 243/139/182 283/158/270 316/139/250
f 118/82/69 215/159/202 246/96/139
f 245/97/140 287/142/254 318/97/208
f 117/70/57 218/99/142 105/46/33
f 247/144/187 290/100/211 217/100/143
f 319/143/257 130/88/132 175/70/112
f 252/154/267 162/50/92 138/51/91
f 138/51/91 309/128/243 252/154/267
f 137/86/131 317/96/209 176/82/126
f 256/149/262 159/52/94 131/59/101
f 173/85/129 256/149/262 131/59/101
f 258/98/213 164/44/86 291/102/215
f 289/99/212 139/47/114 258/98/213
f 260/101/216 165/41/83 293/104/219
f 291/102/215 140/45/85 260/101/216
f 295/107/222 141/42/82 166/38/80
f 262/147/260 165/41/83 141/42/82
f 297/110/225 142/39/79 167/35/77
f 264/148/261 166/38/80 142/39/79
f 285/92/207 143/36/76 162/50/92
f 266/140/253 167/35/77 143/36/76
f 136/90/128 299/114/227 173/85/129
f 168/75/119 268/113/228 136/90/128
f 135/74/118 301/117/230 168/75/119
f 135/74/118 303/119/234 270/116/231
f 169/77/121 272/152/265 303/119/234
f 134/76/120 305/122/237 272/152/265
f 170/79/123 274/153/266 305/122/237
f 133/78/122 307/125/240 274/153/266
f 171/81/125 276/141/255 307/125/240
f 172/84/127 276/141/255 132/80/124
f 161/67/108 278/155/268 309/128/243
f 150/65/106 311/131/246 278/155/268
f 160/63/103 279/163/279 311/131/246
f 159/52/94 282/137/252 154/58/95
f 154/58/95 315/138/251 158/55/97
f 158/55/97 284/157/271 156/89/98
f 176/82/126 288/159/272 172/84/127
f 289/99/212 175/70/112 163/46/88
s 0
f 571/164/787 326/166/787 394/329/787
f 570/167/788 325/169/788 395/318/788
f 400/170/789 435/172/789 331/339/789
f 401/173/790 436/175/790 332/366/790
f 567/176/791 329/178/791 398/336/791
f 566/179/792 330/181/792 399/341/792
f 563/182/793 334/184/793 409/380/793
f 562/185/794 333/187/794 408/370/794
f 415/188/795 451/190/795 337/335/795
f 416/191/796 452/193/796 338/333/796
f 453/194/797 419/196/797 371/332/797
f 454/197/798 455/199/798 372/398/798
f 449/200/799 456/202/799 368/386/799
f 457/203/800 418/205/800 370/343/800
f 458/206/801 459/208/801 373/389/801
f 448/209/802 460/211/802 367/401/802
f 461/212/803 417/214/803 369/359/803
f 462/215/804 463/217/804 374/383/804
f 548/218/805 365/220/805 465/381/805
f 466/221/806 467/223/806 375/376/806
f 545/224/807 364/226/807 469/407/807
f 544/227/808 376/229/808 470/371/808
f 543/230/809 360/232/809 441/369/809
f 542/233/810 363/235/810 473/408/810
f 474/236/811 475/238/811 377/367/811
f 442/239/812 476/241/812 361/379/812
f 477/242/813 407/244/813 359/378/813
f 478/245/307 479/247/307 378/362/307
f 481/248/814 406/250/814 358/364/814
f 482/251/815 483/253/815 379/357/815
f 533/254/816 357/256/816 485/355/816
f 532/257/817 380/259/817 486/350/817
f 531/260/818 351/262/818 432/340/818
f 530/263/819 356/265/819 489/349/819
f 529/266/820 381/268/820 490/342/820
f 528/269/821 350/271/821 431/334/821
f 493/272/822 403/274/822 355/368/822
f 526/275/823 382/277/823 494/337/823
f 434/278/824 496/280/824 353/365/824
f 497/281/825 402/283/825 354/338/825
f 498/284/826 499/286/826 383/331/826
f 433/287/827 500/289/827 352/360/827
f 521/290/828 345/292/828 501/330/828
f 520/293/829 384/295/829 502/328/829
f 519/296/830 347/298/830 428/317/830
f 518/299/831 341/301/831 505/327/831
f 517/302/832 385/304/832 506/320/832
f 516/305/833 346/307/833 427/321/833
f 515/308/834 344/310/834 509/319/834
f 514/311/835 386/313/835 510/314/835
f 510/314/836 512/315/836 513/316/836
f 365/220/837 513/316/837 446/405/837
f 428/317/838 511/312/838 514/311/838
f 334/184/839 514/311/839 413/219/839
f 413/219/840 510/314/840 365/220/840
f 395/318/841 392/309/841 515/308/841
f 347/298/842 515/308/842 511/312/842
f 511/312/843 509/319/843 386/313/843
f 506/320/844 508/306/844 516/305/844
f 364/226/845 516/305/845 445/186/845
f 445/186/846 427/321/846 333/187/846
f 410/322/847 507/303/847 517/302/847
f 335/324/421 517/302/421 412/225/421
f 412/225/848 506/320/848 364/226/848
f 443/325/849 389/300/849 518/299/849
f 362/323/850 518/299/850 507/303/850
f 507/303/851 505/327/851 385/304/851
f 502/328/852 504/297/852 519/296/852
f 363/235/853 519/296/853 444/183/853
f 444/183/854 428/317/854 334/184/854
f 427/321/855 503/294/855 520/293/855
f 333/187/856 520/293/856 411/234/856
f 411/234/857 502/328/857 363/235/857
f 394/329/858 393/291/858 521/290/858
f 346/307/829 521/290/829 503/294/829
f 503/294/859 501/330/859 384/295/859
f 522/288/860 383/331/860 500/289/860
f 452/193/356 498/284/356 522/288/356
f 338/333/861 522/288/861 433/287/861
f 523/285/862 350/271/862 499/286/862
f 419/196/863 431/334/863 523/285/863
f 371/332/362 523/285/362 498/284/362
f 398/336/864 402/283/864 524/282/864
f 350/271/865 524/282/865 499/286/865
f 383/331/866 524/282/866 497/281/866
f 525/279/867 382/277/867 496/280/867
f 435/172/868 494/337/868 525/279/868
f 331/339/869 525/279/869 434/278/869
f 432/340/870 495/276/870 526/275/870
f 329/178/871 526/275/871 402/283/871
f 402/283/872 494/337/872 354/338/872
f 527/273/873 330/181/873 403/274/873
f 495/276/874 399/341/874 527/273/874
f 382/277/875 527/273/875 493/272/875
f 490/342/876 492/270/876 528/269/876
f 370/343/877 528/269/877 451/190/877
f 337/335/878 528/269/878 431/334/878
f 529/266/879 366/345/879 491/267/879
f 418/205/880 414/344/880 529/266/880
f 370/343/881 529/266/881 490/342/881
f 447/347/882 404/264/882 530/263/882
f 491/267/883 447/347/883 530/263/883
f 491/267/884 489/349/884 381/268/884
f 486/350/885 488/261/885 531/260/885
f 356/265/886 531/260/886 437/177/886
f 437/177/887 432/340/887 329/178/887
f 397/351/888 487/258/888 532/257/888
f 328/348/889 532/257/889 404/264/889
f 404/264/890 486/350/890 356/265/890
f 430/353/891 405/255/891 533/254/891
f 349/352/389 533/254/389 487/258/389
f 487/258/892 485/355/892 380/259/892
f 534/356/893 379/357/893 484/412/893
f 450/358/894 482/251/894 534/356/894
f 535/252/895 352/360/895 483/253/895
f 417/214/896 433/287/896 535/252/896
f 369/359/897 535/252/897 482/251/897
f 536/249/401 331/339/401 406/250/401
f 483/253/395 400/170/395 536/249/395
f 379/357/898 536/249/898 481/248/898
f 537/361/899 378/362/899 480/410/899
f 439/363/900 478/245/900 537/361/900
f 538/246/901 353/365/901 479/247/901
f 406/250/902 434/278/902 538/246/902
f 358/364/903 538/246/903 478/245/903
f 539/243/904 332/366/904 407/244/904
f 479/247/905 401/173/905 539/243/905
f 378/362/906 539/243/906 477/242/906
f 540/240/907 377/367/907 476/241/907
f 436/175/908 474/236/908 540/240/908
f 332/366/427 540/240/427 442/239/427
f 541/237/909 360/232/909 475/238/909
f 403/274/910 441/369/910 541/237/910
f 355/368/911 541/237/911 474/236/911
f 408/370/912 411/234/912 542/233/912
f 475/238/913 408/370/913 542/233/913
f 377/367/414 542/233/414 473/408/414
f 470/371/914 472/231/914 543/230/914
f 357/256/915 543/230/915 438/180/915
f 330/181/916 543/230/916 441/369/916
f 544/227/917 348/373/917 471/228/917
f 327/354/918 544/227/918 405/255/918
f 405/255/919 470/371/919 357/256/919
f 429/374/920 412/225/920 545/224/920
f 348/373/921 545/224/921 471/228/921
f 376/229/922 545/224/922 469/407/922
f 546/375/923 375/376/923 468/769/923
f 440/377/924 466/221/924 546/375/924
f 547/222/925 361/379/925 467/223/925
f 407/244/926 442/239/926 547/222/926
f 359/378/927 547/222/927 466/221/927
f 409/380/928 413/219/928 548/218/928
f 361/379/929 548/218/929 467/223/929
f 467/223/930 465/381/930 375/376/930
f 549/382/931 374/383/931 464/404/931
f 388/384/932 462/215/932 549/382/932
f 550/216/933 368/386/933 463/217/933
f 421/387/934 449/200/934 550/216/934
f 340/385/935 550/216/935 462/215/935
f 551/213/936 338/333/936 417/214/936
f 463/217/937 416/191/937 551/213/937
f 374/383/938 551/213/938 461/212/938
f 552/210/370 373/389/370 460/211/370
f 390/390/939 458/206/939 552/210/939
f 323/392/442 552/210/442 448/209/442
f 553/207/940 339/394/940 459/208/940
f 423/395/941 387/393/941 553/207/941
f 342/391/942 553/207/942 458/206/942
f 554/204/943 336/346/943 418/205/943
f 459/208/944 420/397/944 554/204/944
f 373/389/945 554/204/945 457/203/945
f 555/201/946 372/398/946 456/202/946
f 391/399/947 454/197/947 555/201/947
f 324/388/948 555/201/948 449/200/948
f 556/198/949 367/401/949 455/199/949
f 424/402/950 448/209/950 556/198/950
f 343/400/951 556/198/951 454/197/951
f 557/195/952 337/335/952 419/196/952
f 455/199/953 415/188/953 557/195/953
f 372/398/954 557/195/954 453/194/954
f 558/192/955 371/332/955 452/193/955
f 456/202/956 453/194/956 558/192/956
f 368/386/957 558/192/957 416/191/957
f 559/189/958 370/343/958 451/190/958
f 460/211/959 457/203/959 559/189/959
f 367/401/960 559/189/960 415/188/960
f 560/403/961 369/359/961 450/358/961
f 464/404/962 461/212/962 560/403/962
f 465/381/963 446/405/963 561/406/963
f 375/376/964 561/406/964 468/769/964
f 562/185/965 364/226/965 445/186/965
f 376/229/966 562/185/966 472/231/966
f 472/231/967 408/370/967 360/232/967
f 473/408/968 444/183/968 563/182/968
f 476/241/969 473/408/969 563/182/969
f 476/241/472 409/380/472 361/379/472
f 564/409/970 359/378/970 440/377/970
f 480/410/971 477/242/971 564/409/971
f 565/411/972 358/364/972 439/363/972
f 484/412/973 481/248/973 565/411/973
f 485/355/974 438/180/974 566/179/974
f 380/259/975 566/179/975 488/261/975
f 488/261/976 399/341/976 351/262/976
f 489/349/977 437/177/977 567/176/977
f 381/268/978 567/176/978 492/270/978
f 492/270/979 398/336/979 350/271/979
f 568/174/980 355/368/980 436/175/980
f 496/280/981 493/272/981 568/174/981
f 353/365/982 568/174/982 401/173/982
f 569/171/983 354/338/983 435/172/983
f 500/289/984 497/281/984 569/171/984
f 352/360/985 569/171/985 400/170/985
f 501/330/986 426/168/986 570/167/986
f 384/295/987 570/167/987 504/297/987
f 504/297/988 395/318/988 347/298/988
f 505/327/989 422/165/989 571/164/989
f 385/304/990 571/164/990 508/306/990
f 508/306/991 394/329/991 346/307/991
f 509/319/992 425/413/992 572/414/992
f 386/313/495 572/414/495 512/315/495
f 622/415/993 575/417/993 590/485/993
f 660/418/994 582/420/994 626/494/994
f 659/421/995 581/423/995 627/465/995
f 619/424/996 580/426/996 602/462/996
f 618/427/997 579/429/997 603/463/997
f 617/430/998 588/432/998 608/770/998
f 616/433/999 587/435/999 607/460/999
f 615/436/1000 586/438/1000 606/455/1000
f 658/439/1001 585/441/1001 629/450/1001
f 657/442/1002 612/444/1002 639/501/1002
f 656/445/1003 614/447/1003 640/448/1003
f 576/452/1004 615/436/1004 593/454/1004
f 593/454/1005 606/455/1005 577/771/1005
f 606/455/1006 610/456/1006 616/772/1006
f 577/457/1007 616/433/1007 594/459/1007
f 594/459/1008 607/460/1008 578/461/1008
f 607/460/1009 609/431/1009 617/430/1009
f 578/461/1010 617/430/1010 595/773/1010
f 602/462/1011 597/428/1011 618/427/1011
f 587/435/1012 618/427/1012 609/431/1012
f 609/431/1013 603/463/1013 588/432/1013
f 627/465/1014 619/464/1014 601/466/1014
f 619/464/1015 581/423/1015 598/774/1015
f 586/438/1016 619/464/1016 610/456/1016
f 610/434/1017 602/462/1017 587/435/1017
f 655/467/1018 599/469/1018 643/495/1018
f 654/470/1019 620/472/1019 644/473/1019
f 653/475/1020 591/477/1020 647/493/1020
f 652/478/1021 621/480/1021 648/486/1021
f 651/481/533 600/483/533 636/487/533
f 603/463/1022 596/416/1022 622/415/1022
f 588/432/1023 622/415/1023 613/484/1023
f 613/484/1024 590/485/1024 584/775/1024
f 648/486/1025 650/482/1025 651/481/1025
f 612/444/482 651/481/482 638/440/482
f 638/440/1026 636/487/1026 585/441/1026
f 628/488/1027 649/479/1027 652/478/1027
f 583/490/1028 652/478/1028 631/443/1028
f 631/443/1029 648/486/1029 612/444/1029
f 637/491/1030 624/476/1030 653/475/1030
f 604/489/1031 653/475/1031 649/479/1031
f 649/479/1032 647/493/1032 621/480/1032
f 644/473/1033 586/438/1033 611/437/1033
f 586/438/1034 646/474/1034 601/466/1034
f 636/487/1035 645/471/1035 654/470/1035
f 585/441/1036 654/470/1036 630/451/1036
f 630/451/1037 644/473/1037 611/437/1037
f 626/494/1038 625/468/1038 655/467/1038
f 600/483/1039 655/467/1039 645/471/1039
f 645/471/1040 643/495/1040 620/472/1040
f 629/450/1041 615/436/1041 605/453/1041
f 615/436/1042 630/451/1042 611/437/1042
f 640/448/1043 576/452/1043 592/776/1043
f 576/452/1044 642/449/1044 605/453/1044
f 623/496/548 641/446/548 656/445/548
f 573/498/1045 656/445/1045 634/499/1045
f 634/499/1046 640/448/1046 592/776/1046
f 632/500/1047 631/443/1047 657/442/1047
f 589/497/1048 657/442/1048 641/446/1048
f 641/446/1049 639/501/1049 614/447/1049
f 639/501/929 638/440/929 658/439/929
f 614/447/1050 658/439/1050 642/449/1050
f 642/449/1051 629/450/1051 605/453/1051
f 643/495/1052 635/422/1052 659/421/1052
f 620/472/1053 659/421/1053 646/474/1053
f 646/474/1054 627/465/1054 601/466/1054
f 647/493/1055 633/419/1055 660/418/1055
f 621/480/1056 660/418/1056 650/482/1056
f 650/482/544 626/494/544 600/483/544
f 710/502/1057 663/504/1057 678/569/1057
f 748/505/1058 670/507/1058 714/577/1058
f 747/508/1059 669/510/1059 715/549/1059
f 707/511/1060 668/513/1060 690/547/1060
f 706/514/1061 667/516/1061 691/548/1061
f 705/517/1062 676/519/1062 696/777/1062
f 704/520/1063 675/522/1063 695/545/1063
f 703/523/1064 674/525/1064 694/542/1064
f 746/526/1065 673/528/1065 717/537/1065
f 745/529/1066 700/531/1066 727/584/1066
f 744/532/1067 702/534/1067 728/535/1067
f 664/539/1068 703/523/1068 681/541/1068
f 681/541/1069 694/542/1069 665/543/1069
f 694/542/1070 698/521/1070 704/520/1070
f 665/543/1071 704/520/1071 682/544/1071
f 682/544/1072 695/545/1072 666/546/1072
f 695/545/1073 697/518/1073 705/517/1073
f 666/546/1074 705/517/1074 683/778/1074
f 690/547/1075 685/515/1075 706/514/1075
f 675/522/1076 706/514/1076 697/518/1076
f 697/518/1077 691/548/1077 676/519/1077
f 715/549/1078 707/511/1078 689/550/1078
f 707/511/1079 669/510/1079 686/512/1079
f 674/525/1080 707/511/1080 698/521/1080
f 698/521/1081 690/547/1081 675/522/1081
f 743/551/1082 687/553/1082 731/578/1082
f 742/554/610 708/556/610 732/557/610
f 735/559/1083 712/561/1083 679/585/1083
f 740/562/593 709/564/593 736/570/593
f 739/565/1084 688/567/1084 724/571/1084
f 691/548/1085 684/503/1085 710/502/1085
f 676/519/1086 710/502/1086 701/568/1086
f 701/568/1087 678/569/1087 672/779/1087
f 736/570/1088 738/566/1088 739/565/1088
f 700/531/1089 739/565/1089 726/527/1089
f 726/527/1090 724/571/1090 673/528/1090
f 716/572/1091 737/563/1091 740/562/1091
f 671/574/1092 740/562/1092 719/530/1092
f 719/530/1093 736/570/1093 700/531/1093
f 741/560/1094 662/576/1094 712/561/1094
f 692/573/1095 741/560/1095 737/563/1095
f 737/563/1096 735/559/1096 709/564/1096
f 732/557/1097 674/525/1097 699/524/1097
f 674/525/1098 734/558/1098 689/550/1098
f 724/571/1099 733/555/1099 742/554/1099
f 673/528/1100 742/554/1100 718/538/1100
f 718/538/1101 732/557/1101 699/524/1101
f 714/577/1102 713/552/1102 743/551/1102
f 688/567/1103 743/551/1103 733/555/1103
f 733/555/1104 731/578/1104 708/556/1104
f 717/537/1105 703/523/1105 693/540/1105
f 703/523/1106 718/538/1106 699/524/1106
f 728/535/1107 664/539/1107 680/780/1107
f 664/539/1108 730/536/1108 693/540/1108
f 711/579/1109 729/533/1109 744/532/1109
f 661/581/1110 744/532/1110 722/582/1110
f 722/582/1111 728/535/1111 680/780/1111
f 720/583/1112 719/530/1112 745/529/1112
f 677/580/1113 745/529/1113 729/533/1113
f 729/533/1114 727/584/1114 702/534/1114
f 727/584/1115 726/527/1115 746/526/1115
f 702/534/1116 746/526/1116 730/536/1116
f 730/536/1117 717/537/1117 693/540/1117
f 731/578/1118 723/509/1118 747/508/1118
f 708/556/1119 747/508/1119 734/558/1119
f 734/558/1120 715/549/1120 689/550/1120
f 748/505/1121 679/585/1121 721/506/1121
f 738/566/1122 735/559/1122 748/505/1122
f 738/566/1123 714/577/1123 688/567/1123
f 798/586/1124 751/588/1124 766/653/1124
f 836/589/1125 758/591/1125 802/662/1125
f 835/592/1126 757/594/1126 803/633/1126
f 795/595/1127 756/597/1127 778/631/1127
f 794/598/1128 755/600/1128 779/632/1128
f 793/601/1129 764/603/1129 784/781/1129
f 792/604/637 763/606/637 783/629/637
f 791/607/645 762/609/645 782/626/645
f 834/610/1130 761/612/1130 805/621/1130
f 833/613/1131 788/615/1131 815/669/1131
f 832/616/1132 790/618/1132 816/619/1132
f 752/623/1133 791/607/1133 769/625/1133
f 769/625/1134 782/626/1134 753/627/1134
f 782/626/1135 786/605/1135 792/604/1135
f 753/627/1136 792/604/1136 770/628/1136
f 770/628/1137 783/629/1137 754/630/1137
f 783/629/1138 785/602/1138 793/601/1138
f 754/630/1139 793/601/1139 771/782/1139
f 778/631/1140 773/599/1140 794/598/1140
f 763/606/1141 794/598/1141 785/602/1141
f 785/602/1142 779/632/1142 764/603/1142
f 803/633/1143 795/595/1143 777/634/1143
f 795/595/1144 757/594/1144 774/596/1144
f 762/609/1145 795/595/1145 786/605/1145
f 786/605/1146 778/631/1146 763/606/1146
f 831/635/1147 775/637/1147 819/663/1147
f 830/638/1148 796/640/1148 820/641/1148
f 829/643/1149 767/645/1149 823/661/1149
f 828/646/1150 797/648/1150 824/654/1150
f 827/649/1151 776/651/1151 812/655/1151
f 779/632/1152 772/587/1152 798/586/1152
f 764/603/1153 798/586/1153 789/652/1153
f 789/652/1154 766/653/1154 760/783/1154
f 824/654/1155 826/650/1155 827/649/1155
f 788/615/1156 827/649/1156 814/611/1156
f 814/611/1157 812/655/1157 761/612/1157
f 804/656/1158 825/647/1158 828/646/1158
f 759/658/1159 828/646/1159 807/614/1159
f 807/614/1160 824/654/1160 788/615/1160
f 813/659/1161 800/644/1161 829/643/1161
f 780/657/1162 829/643/1162 825/647/1162
f 825/647/1163 823/661/1163 797/648/1163
f 820/641/1164 762/609/1164 787/608/1164
f 762/609/1165 822/642/1165 777/634/1165
f 812/655/1166 821/639/1166 830/638/1166
f 761/612/1167 830/638/1167 806/622/1167
f 806/622/1168 820/641/1168 787/608/1168
f 802/662/1169 801/636/1169 831/635/1169
f 776/651/1170 831/635/1170 821/639/1170
f 821/639/1171 819/663/1171 796/640/1171
f 805/621/1172 791/607/1172 781/624/1172
f 791/607/1173 806/622/1173 787/608/1173
f 816/619/1174 752/623/1174 768/784/1174
f 752/623/1175 818/620/1175 781/624/1175
f 799/664/1176 817/617/1176 832/616/1176
f 749/666/1177 832/616/1177 810/667/1177
f 810/667/1178 816/619/1178 768/784/1178
f 808/668/1179 807/614/1179 833/613/1179
f 765/665/1180 833/613/1180 817/617/1180
f 817/617/1181 815/669/1181 790/618/1181
f 815/669/1182 814/611/1182 834/610/1182
f 790/618/1183 834/610/1183 818/620/1183
f 818/620/1184 805/621/1184 781/624/1184
f 819/663/1185 811/593/1185 835/592/1185
f 796/640/1186 835/592/1186 822/642/1186
f 822/642/1187 803/633/1187 777/634/1187
f 823/661/1188 809/590/1188 836/589/1188
f 797/648/1189 836/589/1189 826/650/1189
f 826/650/1190 802/662/1190 776/651/1190
f 886/586/1191 839/588/1191 854/653/1191
f 924/589/1192 846/591/1192 890/662/1192
f 923/592/1193 845/594/1193 891/633/1193
f 883/595/1194 844/597/1194 866/672/1194
f 882/598/1195 843/600/1195 867/632/1195
f 881/601/1196 852/603/1196 872/781/1196
f 880/604/1197 851/606/1197 871/629/1197
f 879/607/712 850/609/712 870/626/712
f 922/610/1198 849/612/1198 893/621/1198
f 921/613/1199 876/615/1199 903/669/1199
f 920/616/1200 878/618/1200 904/619/1200
f 840/623/1201 879/607/1201 857/625/1201
f 857/625/1202 870/626/1202 841/627/1202
f 870/626/1203 874/605/1203 880/604/1203
f 841/627/1204 880/604/1204 858/628/1204
f 858/628/1205 871/629/1205 842/630/1205
f 871/629/1206 873/602/1206 881/601/1206
f 842/630/1207 881/601/1207 859/782/1207
f 866/672/1208 861/599/1208 882/598/1208
f 851/606/1209 882/598/1209 873/602/1209
f 873/602/1210 867/632/1210 852/603/1210
f 891/633/1211 883/595/1211 865/634/1211
f 883/595/1212 845/594/1212 862/596/1212
f 850/609/1213 883/595/1213 874/605/1213
f 874/605/1214 866/672/1214 851/606/1214
f 919/635/1215 863/637/1215 907/663/1215
f 918/638/1216 884/640/1216 908/641/1216
f 917/643/1217 855/645/1217 911/661/1217
f 916/646/1218 885/648/1218 912/654/1218
f 915/649/1219 864/651/1219 900/655/1219
f 867/632/1220 860/587/1220 886/586/1220
f 852/603/1221 886/586/1221 877/652/1221
f 877/652/1222 854/653/1222 848/783/1222
f 912/654/1223 914/650/1223 915/649/1223
f 876/615/1224 915/649/1224 902/671/1224
f 902/671/1225 900/655/1225 849/612/1225
f 892/656/1226 913/647/1226 916/646/1226
f 847/658/1227 916/646/1227 895/614/1227
f 895/614/1228 912/654/1228 876/615/1228
f 901/659/1229 888/644/1229 917/643/1229
f 868/657/1230 917/643/1230 913/647/1230
f 913/647/1231 911/661/1231 885/648/1231
f 908/641/1232 850/609/1232 875/608/1232
f 850/609/1233 910/642/1233 865/634/1233
f 900/655/1234 909/639/1234 918/638/1234
f 849/612/1235 918/638/1235 894/622/1235
f 894/622/1236 908/641/1236 875/608/1236
f 890/662/1237 889/673/1237 919/635/1237
f 864/651/1238 919/635/1238 909/639/1238
f 909/639/1239 907/663/1239 884/640/1239
f 893/621/1240 879/607/1240 869/624/1240
f 879/607/1241 894/622/1241 875/608/1241
f 904/619/1242 840/623/1242 856/784/1242
f 840/623/1243 906/620/1243 869/624/1243
f 887/664/1244 905/617/1244 920/616/1244
f 837/666/1245 920/616/1245 898/667/1245
f 898/667/1246 904/619/1246 856/784/1246
f 896/674/1247 895/614/1247 921/613/1247
f 853/665/1248 921/613/1248 905/617/1248
f 905/617/1249 903/669/1249 878/618/1249
f 903/669/1250 902/671/1250 922/610/1250
f 878/618/1251 922/610/1251 906/620/1251
f 906/620/1252 893/621/1252 869/624/1252
f 907/663/1253 899/670/1253 923/592/1253
f 884/640/1254 923/592/1254 910/642/1254
f 910/642/1255 891/633/1255 865/634/1255
f 911/661/1256 897/590/1256 924/589/1256
f 885/648/1257 924/589/1257 914/650/1257
f 914/650/1258 890/662/1258 864/651/1258
f 974/675/1124 927/677/1124 942/742/1124
f 1012/678/1125 934/680/1125 978/751/1125
f 1011/681/1126 933/683/1126 979/722/1126
f 971/684/1127 932/686/1127 954/720/1127
f 970/687/1128 931/689/1128 955/721/1128
f 969/690/1129 940/692/1129 960/785/1129
f 968/693/1259 939/695/1259 959/718/1259
f 967/696/645 938/698/645 958/715/645
f 1010/699/1130 937/701/1130 981/710/1130
f 1009/702/1131 964/704/1131 991/758/1131
f 1008/705/1132 966/707/1132 992/708/1132
f 928/712/1133 967/696/1133 945/714/1133
f 945/714/1134 958/715/1134 929/716/1134
f 958/715/1135 962/694/1135 968/693/1135
f 929/716/1136 968/693/1136 946/717/1136
f 946/717/1137 959/718/1137 930/719/1137
f 959/718/1138 961/691/1138 969/690/1138
f 930/719/1139 969/690/1139 947/786/1139
f 954/720/1140 949/688/1140 970/687/1140
f 939/695/1141 970/687/1141 961/691/1141
f 961/691/1142 955/721/1142 940/692/1142
f 979/722/1143 971/684/1143 953/723/1143
f 971/684/1144 933/683/1144 950/685/1144
f 938/698/1145 971/684/1145 962/694/1145
f 962/694/1146 954/720/1146 939/695/1146
f 1007/724/1147 951/726/1147 995/752/1147
f 1006/727/1148 972/729/1148 996/730/1148
f 1005/732/1149 943/734/1149 999/750/1149
f 1004/735/1150 973/737/1150 1000/743/1150
f 1003/738/1151 952/740/1151 988/744/1151
f 955/721/1152 948/676/1152 974/675/1152
f 940/692/1153 974/675/1153 965/741/1153
f 965/741/1154 942/742/1154 936/787/1154
f 1000/743/1155 1002/739/1155 1003/738/1155
f 964/704/1156 1003/738/1156 990/700/1156
f 990/700/1157 988/744/1157 937/701/1157
f 980/745/1158 1001/736/1158 1004/735/1158
f 935/747/1159 1004/735/1159 983/703/1159
f 983/703/1160 1000/743/1160 964/704/1160
f 989/748/1161 976/733/1161 1005/732/1161
f 956/746/1162 1005/732/1162 1001/736/1162
f 1001/736/1163 999/750/1163 973/737/1163
f 996/730/1164 938/698/1164 963/697/1164
f 938/698/1165 998/731/1165 953/723/1165
f 988/744/1166 997/728/1166 1006/727/1166
f 937/701/1167 1006/727/1167 982/711/1167
f 982/711/1168 996/730/1168 963/697/1168
f 978/751/1169 977/725/1169 1007/724/1169
f 952/740/1170 1007/724/1170 997/728/1170
f 997/728/1171 995/752/1171 972/729/1171
f 981/710/1172 967/696/1172 957/713/1172
f 967/696/1173 982/711/1173 963/697/1173
f 992/708/1174 928/712/1174 944/788/1174
f 928/712/1175 994/709/1175 957/713/1175
f 975/753/1176 993/706/1176 1008/705/1176
f 925/755/1177 1008/705/1177 986/756/1177
f 986/756/1178 992/708/1178 944/788/1178
f 984/757/1179 983/703/1179 1009/702/1179
f 941/754/1180 1009/702/1180 993/706/1180
f 993/706/1181 991/758/1181 966/707/1181
f 991/758/1182 990/700/1182 1010/699/1182
f 966/707/1183 1010/699/1183 994/709/1183
f 994/709/1184 981/710/1184 957/713/1184
f 995/752/1185 987/682/1185 1011/681/1185
f 972/729/1186 1011/681/1186 998/731/1186
f 998/731/1187 979/722/1187 953/723/1187
f 999/750/1188 985/679/1188 1012/678/1188
f 973/737/1189 1012/678/1189 1002/739/1189
f 1002/739/1190 978/751/1190 952/740/1190
f 1062/675/1191 1015/677/1191 1030/742/1191
f 1100/678/1260 1022/680/1260 1066/751/1260
f 1099/681/1193 1021/683/1193 1067/722/1193
f 1059/684/1194 1020/759/1194 1042/720/1194
f 1058/687/1195 1019/689/1195 1043/721/1195
f 1057/690/1196 1028/692/1196 1048/785/1196
f 1056/693/1197 1027/695/1197 1047/765/1197
f 1055/761/712 1026/698/712 1046/715/712
f 1098/762/1198 1025/701/1198 1069/710/1198
f 1097/702/1199 1052/763/1199 1079/758/1199
f 1096/705/1200 1054/707/1200 1080/708/1200
f 1016/712/1201 1055/761/1201 1033/714/1201
f 1033/714/1202 1046/715/1202 1017/716/1202
f 1046/715/1203 1050/694/1203 1056/693/1203
f 1017/716/1204 1056/693/1204 1034/717/1204
f 1034/717/1205 1047/765/1205 1018/766/1205
f 1047/765/1206 1049/691/1206 1057/690/1206
f 1018/766/1207 1057/690/1207 1035/786/1207
f 1042/720/1208 1037/760/1208 1058/687/1208
f 1027/695/1209 1058/687/1209 1049/691/1209
f 1049/691/1210 1043/721/1210 1028/692/1210
f 1067/722/1211 1059/684/1211 1041/723/1211
f 1059/684/1212 1021/683/1212 1038/685/1212
f 1026/698/1213 1059/684/1213 1050/694/1213
f 1050/694/1214 1042/720/1214 1027/695/1214
f 1095/724/1215 1039/726/1215 1083/752/1215
f 1094/727/1216 1060/729/1216 1084/730/1216
f 1093/732/1261 1031/734/1261 1087/750/1261
f 1092/735/1218 1061/737/1218 1088/743/1218
f 1091/738/1219 1040/740/1219 1076/744/1219
f 1043/721/1220 1036/676/1220 1062/675/1220
f 1028/692/1221 1062/675/1221 1053/741/1221
f 1053/741/1222 1030/742/1222 1024/787/1222
f 1088/743/1223 1090/739/1223 1091/738/1223
f 1052/763/1224 1091/738/1224 1078/700/1224
f 1078/700/1225 1076/744/1225 1025/701/1225
f 1068/745/1226 1089/736/1226 1092/735/1226
f 1023/747/1227 1092/735/1227 1071/703/1227
f 1071/703/1228 1088/743/1228 1052/763/1228
f 1077/748/1229 1064/733/1229 1093/732/1229
f 1044/767/1262 1093/732/1262 1089/736/1262
f 1089/736/1263 1087/750/1263 1061/737/1263
f 1084/730/1264 1026/698/1264 1051/697/1264
f 1026/698/1233 1086/731/1233 1041/723/1233
f 1076/744/1234 1085/728/1234 1094/727/1234
f 1025/701/1235 1094/727/1235 1070/711/1235
f 1070/711/1236 1084/730/1236 1051/697/1236
f 1066/751/1237 1065/725/1237 1095/724/1237
f 1040/740/1238 1095/724/1238 1085/728/1238
f 1085/728/1239 1083/752/1239 1060/729/1239
f 1069/710/1240 1055/761/1240 1045/713/1240
f 1055/761/1241 1070/711/1241 1051/697/1241
f 1080/708/1242 1016/712/1242 1032/788/1242
f 1016/712/1243 1082/764/1243 1045/713/1243
f 1063/753/1244 1081/706/1244 1096/705/1244
f 1013/755/1265 1096/705/1265 1074/756/1265
f 1074/756/1246 1080/708/1246 1032/788/1246
f 1072/768/1266 1071/703/1266 1097/702/1266
f 1029/754/1267 1097/702/1267 1081/706/1267
f 1081/706/1249 1079/758/1249 1054/707/1249
f 1079/758/1250 1078/700/1250 1098/762/1250
f 1054/707/1251 1098/762/1251 1082/764/1251
f 1082/764/1252 1069/710/1252 1045/713/1252
f 1083/752/1268 1075/682/1268 1099/681/1268
f 1060/729/1269 1099/681/1269 1086/731/1269
f 1086/731/1255 1067/722/1255 1041/723/1255
f 1087/750/1256 1073/679/1256 1100/678/1256
f 1061/737/1270 1100/678/1270 1090/739/1270
f 1090/739/1271 1066/751/1271 1040/740/1271
