# Blender 4.2.1 LTS
# www.blender.org
o barbodes
v 0.015403 -0.002354 0.004732
v 0.028984 -0.000547 0.001640
v 0.017279 -0.005641 0.003988
v 0.030446 -0.003170 0.001054
v 0.016792 -0.000312 0.004582
v 0.020838 -0.000154 0.003627
v 0.024396 -0.000631 0.002731
v 0.026863 -0.000578 0.002145
v 0.029039 -0.003780 0.001337
v 0.026873 -0.004390 0.001801
v 0.024233 -0.005086 0.002372
v 0.019957 -0.005706 0.003341
v 0.015548 -0.003972 0.004552
v 0.029789 -0.001845 0.001331
v 0.018946 -0.003249 0.003803
v 0.022718 -0.002614 0.002956
v 0.025647 -0.002512 0.002263
v 0.027957 -0.002179 0.001740
v 0.015341 -0.003163 0.004674
v 0.028045 -0.000534 0.001866
v 0.030188 -0.002578 0.001169
v 0.018567 -0.005728 0.003671
v 0.015950 -0.001102 0.004713
v 0.018287 0.000133 0.004263
v 0.022851 -0.000474 0.003116
v 0.025655 -0.000623 0.002430
v 0.029865 -0.003464 0.001167
v 0.028001 -0.004085 0.001558
v 0.025530 -0.004700 0.002095
v 0.022040 -0.005424 0.002867
v 0.019500 -0.004545 0.003554
v 0.023506 -0.003830 0.002658
v 0.026320 -0.003533 0.002011
v 0.028551 -0.003050 0.001519
v 0.016460 -0.004919 0.004249
v 0.029382 -0.001113 0.001494
v 0.018363 -0.001810 0.004071
v 0.021933 -0.001308 0.003261
v 0.024974 -0.001490 0.002516
v 0.027362 -0.001308 0.001960
v 0.026830 -0.002355 0.001994
v 0.024224 -0.002558 0.002600
v 0.020966 -0.002832 0.003356
v 0.017312 -0.003629 0.004160
v 0.028961 -0.001998 0.001515
v 0.028466 -0.001200 0.001705
v 0.016635 -0.002522 0.004422
v 0.020116 -0.001535 0.003676
v 0.023513 -0.001400 0.002874
v 0.026191 -0.001413 0.002231
v 0.027468 -0.003296 0.001757
v 0.024933 -0.003717 0.002326
v 0.021492 -0.004234 0.003104
v 0.017811 -0.004722 0.003943
v 0.029457 -0.002796 0.001325
v 0.015374 -0.002741 0.004704
v 0.017822 -0.005704 0.003852
v 0.020966 -0.005577 0.003110
v 0.019744 -0.005181 0.003439
v 0.023722 -0.004583 0.002539
v 0.015985 -0.004445 0.004405
v 0.018689 -0.002668 0.003916
v 0.019839 -0.003110 0.003601
v 0.016272 -0.003796 0.004394
v 0.015385 -0.003559 0.004628
v 0.019242 -0.005731 0.003509
v 0.015600 -0.001801 0.004734
v 0.023120 -0.005269 0.002622
v 0.019257 -0.003903 0.003670
v 0.016888 -0.005344 0.004108
v 0.018147 -0.003439 0.003977
v 0.017003 -0.003090 0.004282
v 0.016338 -0.001894 0.004549
v 0.015927 -0.002868 0.004560
v 0.017369 -0.002245 0.004271
v 0.021791 -0.004880 0.002975
v 0.021235 -0.003652 0.003218
v 0.020487 -0.004392 0.003331
v 0.022391 -0.004089 0.002902
v 0.018267 -0.005282 0.003783
v 0.017504 -0.004163 0.004066
v 0.017033 -0.004821 0.004120
v 0.018648 -0.004638 0.003750
v 0.018391 -0.004038 0.003865
v 0.016599 -0.004297 0.004271
v 0.017494 -0.005318 0.003965
v 0.020223 -0.003747 0.003452
v 0.020746 -0.005037 0.003211
v 0.015802 -0.002312 0.004640
v 0.016087 -0.003336 0.004480
v 0.017767 -0.002828 0.004123
v 0.022827 -0.004724 0.002741
v 0.018997 -0.005240 0.003612
v 0.015403 -0.002354 -0.004712
v 0.028984 -0.000547 -0.001620
v 0.017279 -0.005641 -0.003968
v 0.030446 -0.003170 -0.001035
v 0.016792 -0.000312 -0.004562
v 0.020838 -0.000154 -0.003607
v 0.024396 -0.000632 -0.002712
v 0.026863 -0.000578 -0.002125
v 0.029039 -0.003780 -0.001317
v 0.026873 -0.004390 -0.001782
v 0.024233 -0.005086 -0.002352
v 0.019957 -0.005706 -0.003321
v 0.015548 -0.003972 -0.004532
v 0.029789 -0.001845 -0.001311
v 0.018946 -0.003249 -0.003783
v 0.022718 -0.002614 -0.002936
v 0.025647 -0.002512 -0.002244
v 0.027957 -0.002179 -0.001720
v 0.015341 -0.003163 -0.004655
v 0.028045 -0.000534 -0.001846
v 0.030188 -0.002578 -0.001150
v 0.018567 -0.005728 -0.003652
v 0.015950 -0.001102 -0.004693
v 0.018287 0.000133 -0.004244
v 0.022851 -0.000474 -0.003096
v 0.025655 -0.000623 -0.002411
v 0.029865 -0.003464 -0.001148
v 0.028001 -0.004085 -0.001539
v 0.025530 -0.004700 -0.002076
v 0.022040 -0.005424 -0.002847
v 0.019500 -0.004545 -0.003534
v 0.023506 -0.003830 -0.002639
v 0.026320 -0.003533 -0.001991
v 0.028551 -0.003050 -0.001500
v 0.016460 -0.004919 -0.004229
v 0.029382 -0.001113 -0.001474
v 0.018363 -0.001810 -0.004052
v 0.021933 -0.001308 -0.003241
v 0.024974 -0.001490 -0.002496
v 0.027362 -0.001308 -0.001941
v 0.026830 -0.002355 -0.001974
v 0.024224 -0.002558 -0.002581
v 0.020966 -0.002832 -0.003337
v 0.017312 -0.003629 -0.004141
v 0.028961 -0.001998 -0.001496
v 0.028466 -0.001200 -0.001686
v 0.016635 -0.002522 -0.004402
v 0.020116 -0.001535 -0.003656
v 0.023513 -0.001400 -0.002855
v 0.026191 -0.001413 -0.002212
v 0.027468 -0.003296 -0.001737
v 0.024933 -0.003717 -0.002307
v 0.021492 -0.004234 -0.003085
v 0.017811 -0.004722 -0.003923
v 0.029457 -0.002796 -0.001305
v 0.015374 -0.002741 -0.004685
v 0.017822 -0.005704 -0.003833
v 0.020966 -0.005577 -0.003091
v 0.019744 -0.005181 -0.003419
v 0.023722 -0.004583 -0.002519
v 0.015985 -0.004445 -0.004385
v 0.018689 -0.002668 -0.003897
v 0.019839 -0.003110 -0.003582
v 0.016272 -0.003796 -0.004375
v 0.015385 -0.003559 -0.004609
v 0.019242 -0.005731 -0.003490
v 0.015600 -0.001801 -0.004714
v 0.023120 -0.005269 -0.002602
v 0.019257 -0.003903 -0.003650
v 0.016888 -0.005344 -0.004089
v 0.018147 -0.003439 -0.003958
v 0.017003 -0.003090 -0.004263
v 0.016338 -0.001894 -0.004529
v 0.015927 -0.002868 -0.004541
v 0.017369 -0.002245 -0.004251
v 0.021791 -0.004880 -0.002955
v 0.021235 -0.003652 -0.003199
v 0.020487 -0.004392 -0.003312
v 0.022391 -0.004089 -0.002882
v 0.018267 -0.005282 -0.003764
v 0.017504 -0.004163 -0.004047
v 0.017033 -0.004821 -0.004101
v 0.018648 -0.004638 -0.003730
v 0.018391 -0.004038 -0.003845
v 0.016599 -0.004297 -0.004252
v 0.017494 -0.005318 -0.003946
v 0.020223 -0.003747 -0.003433
v 0.020746 -0.005037 -0.003192
v 0.015802 -0.002312 -0.004620
v 0.016087 -0.003336 -0.004460
v 0.017767 -0.002828 -0.004103
v 0.022827 -0.004724 -0.002721
v 0.018997 -0.005240 -0.003593
v 0.044069 0.000618 0.000435
v -0.010559 0.005984 0.000453
v 0.041745 0.001763 0.000959
v -0.002298 0.004551 0.001830
v 0.009448 0.005364 0.002440
v 0.020111 0.003622 0.002440
v 0.031315 0.002692 0.002440
v -0.015865 0.005752 0.000117
v 0.044069 0.002072 0.000616
v 0.042907 -0.000523 0.000582
v 0.042907 0.001917 0.000712
v -0.013212 0.005868 0.000193
v 0.025713 0.003157 0.002440
v 0.014780 0.004493 0.002440
v 0.003575 0.004958 0.002402
v -0.006429 0.005268 0.001197
v 0.036530 0.002227 0.002380
v 0.044069 0.000618 -0.000441
v -0.010559 0.005984 -0.000458
v 0.041745 0.001763 -0.000964
v -0.002298 0.004551 -0.001835
v 0.009448 0.005364 -0.002445
v 0.020111 0.003622 -0.002445
v 0.031315 0.002692 -0.002445
v -0.015865 0.005752 -0.000123
v 0.044069 0.002072 -0.000622
v 0.042907 -0.000523 -0.000588
v 0.042907 0.001917 -0.000717
v -0.013212 0.005868 -0.000199
v 0.025713 0.003157 -0.002445
v 0.014780 0.004493 -0.002445
v 0.003575 0.004958 -0.002407
v -0.006429 0.005268 -0.001203
v 0.036530 0.002227 -0.002386
v -0.010559 0.008736 0.000350
v -0.010559 0.010762 0.000207
v 0.041745 0.003026 0.000963
v 0.041745 0.005188 0.000104
v -0.010559 0.001969 0.000268
v -0.010559 0.000819 0.000103
v 0.041745 -0.000475 0.000809
v 0.041745 -0.001663 0.000204
v 0.042365 -0.000953 0.000234
v -0.002298 0.009817 0.001208
v -0.002298 0.011856 0.000208
v 0.009978 0.013480 0.001533
v 0.009991 0.015537 0.000252
v 0.020111 0.012477 0.001533
v 0.020111 0.014549 0.000252
v 0.031315 0.008651 0.001554
v 0.031315 0.010760 0.000252
v 0.031315 -0.004592 0.001197
v 0.031315 -0.005763 0.000399
v 0.020111 -0.006140 0.001188
v 0.020111 -0.007306 0.000399
v 0.008918 -0.004105 0.001189
v 0.008906 -0.005273 0.000399
v -0.002298 -0.000808 0.001003
v -0.002298 -0.001979 0.000345
v -0.016200 0.008662 0.000103
v -0.016214 0.010684 0.000072
v -0.015517 0.000819 0.000041
v -0.015531 0.001966 0.000094
v 0.044069 0.003527 0.000022
v 0.044069 0.003173 0.000480
v 0.036530 0.008168 0.000252
v 0.036530 0.006037 0.001577
v -0.006429 0.000272 0.000235
v -0.006429 0.001426 0.000663
v -0.006429 0.011115 0.000149
v -0.006429 0.009084 0.000827
v 0.003846 0.013774 0.000252
v 0.003839 0.011724 0.001536
v 0.015051 0.015508 0.000252
v 0.015045 0.013447 0.001531
v 0.025713 0.013080 0.000252
v 0.025713 0.010994 0.001539
v 0.036530 -0.003713 0.000399
v 0.036530 -0.002534 0.001211
v 0.025713 -0.006534 0.000399
v 0.025713 -0.005367 0.001192
v 0.014509 -0.006677 0.000399
v 0.014514 -0.005510 0.001188
v 0.003304 -0.003858 0.000399
v 0.003311 -0.002688 0.001195
v -0.013387 0.010684 0.000104
v -0.013380 0.008661 0.000158
v -0.013038 0.001052 0.000055
v -0.013046 0.002199 0.000134
v 0.042907 0.004358 0.000134
v 0.042907 0.004003 0.000571
v -0.010559 0.010762 -0.000213
v -0.010559 0.008736 -0.000355
v 0.041745 0.005188 -0.000109
v 0.041745 0.003026 -0.000968
v -0.010559 0.000819 -0.000108
v -0.010559 0.001969 -0.000274
v 0.041745 -0.001663 -0.000210
v 0.041745 -0.000475 -0.000815
v 0.042365 -0.000953 -0.000240
v -0.002298 0.011856 -0.000213
v -0.002298 0.009817 -0.001213
v 0.009991 0.015537 -0.000258
v 0.009978 0.013480 -0.001539
v 0.020111 0.014549 -0.000258
v 0.020111 0.012477 -0.001538
v 0.031315 0.010760 -0.000258
v 0.031315 0.008651 -0.001559
v 0.031315 -0.005763 -0.000405
v 0.031315 -0.004592 -0.001202
v 0.020111 -0.007306 -0.000405
v 0.020111 -0.006140 -0.001194
v 0.008906 -0.005273 -0.000405
v 0.008918 -0.004105 -0.001194
v -0.002298 -0.001979 -0.000350
v -0.002298 -0.000808 -0.001008
v -0.016214 0.010684 -0.000077
v -0.016200 0.008662 -0.000108
v -0.015531 0.001966 -0.000100
v -0.015517 0.000819 -0.000046
v 0.044069 0.003173 -0.000485
v 0.044069 0.003527 -0.000027
v 0.036530 0.006037 -0.001582
v 0.036530 0.008168 -0.000258
v -0.006429 0.001426 -0.000668
v -0.006429 0.000272 -0.000240
v -0.006429 0.009084 -0.000832
v -0.006429 0.011115 -0.000154
v 0.003839 0.011724 -0.001541
v 0.003846 0.013774 -0.000258
v 0.015045 0.013447 -0.001536
v 0.015051 0.015508 -0.000258
v 0.025713 0.010994 -0.001545
v 0.025713 0.013080 -0.000258
v 0.036530 -0.002534 -0.001216
v 0.036530 -0.003713 -0.000405
v 0.025713 -0.005367 -0.001197
v 0.025713 -0.006534 -0.000405
v 0.014514 -0.005510 -0.001193
v 0.014509 -0.006677 -0.000405
v 0.003311 -0.002688 -0.001200
v 0.003304 -0.003858 -0.000405
v -0.013380 0.008661 -0.000163
v -0.013387 0.010684 -0.000110
v -0.013046 0.002199 -0.000140
v -0.013038 0.001052 -0.000060
v 0.042907 0.004003 -0.000577
v 0.042907 0.004358 -0.000140
v -0.001499 0.021368 -0.000002
v 0.009491 0.020311 -0.000002
v -0.004694 0.013763 -0.000002
v 0.015154 0.015288 -0.000002
v 0.002084 0.026564 -0.000002
v 0.005815 0.024063 -0.000002
v 0.008260 0.012439 -0.000002
v 0.003182 0.012402 -0.000002
v -0.002489 0.018394 -0.000002
v 0.011866 0.017585 -0.000002
v 0.002977 0.018443 -0.000002
v 0.006371 0.018438 -0.000002
v -0.003411 0.012067 -0.000002
v -0.000240 0.024352 -0.000002
v -0.000299 0.018450 -0.000002
v -0.001735 0.019994 -0.000002
v 0.007888 0.022222 -0.000002
v 0.013274 0.016454 -0.000002
v -0.004605 0.012540 -0.000002
v 0.000803 0.025672 -0.000002
v 0.004034 0.025648 -0.000002
v 0.011459 0.013781 -0.000002
v 0.005723 0.012407 -0.000002
v 0.003084 0.015390 -0.000002
v 0.007318 0.015401 -0.000002
v -0.003656 0.016012 -0.000002
v 0.010791 0.018775 -0.000002
v 0.002714 0.021295 -0.000002
v 0.006080 0.021262 -0.000002
v 0.004661 0.018445 -0.000002
v -0.001516 0.018452 -0.000002
v 0.009169 0.018127 -0.000002
v -0.000130 0.012229 -0.000002
v -0.000936 0.022866 -0.000002
v 0.001302 0.018445 -0.000002
v 0.000154 0.021191 -0.000002
v -0.001931 0.015222 -0.000002
v -0.002892 0.015643 -0.000002
v -0.000905 0.020758 -0.000002
v 0.008521 0.020196 -0.000002
v 0.001350 0.021309 -0.000002
v 0.004232 0.021392 -0.000002
v 0.005197 0.015392 -0.000002
v 0.000566 0.015302 -0.000002
v 0.010316 0.015930 -0.000002
v 0.001494 0.026459 -0.000002
v 0.001526 0.012316 -0.000002
v 0.002140 0.018444 -0.000002
v 0.002032 0.021302 -0.000002
v 0.001825 0.015346 -0.000002
v 0.004452 0.012405 -0.000002
v 0.003819 0.018444 -0.000002
v 0.003059 0.026344 -0.000002
v 0.003473 0.021344 -0.000002
v 0.004141 0.015391 -0.000002
v -0.036586 0.017648 -0.000002
v -0.015144 0.010586 -0.000002
v -0.034743 -0.007466 -0.000002
v -0.014622 0.001259 -0.000002
v -0.024929 0.013601 -0.000002
v -0.020585 0.011969 -0.000002
v -0.020161 -0.000916 -0.000002
v -0.025469 -0.003177 -0.000002
v -0.029238 0.004102 -0.000002
v -0.029044 0.006477 -0.000002
v -0.014601 0.008378 -0.000002
v -0.014593 0.004386 -0.000002
v -0.024838 0.008375 -0.000002
v -0.024850 0.004316 -0.000002
v -0.019661 0.008416 -0.000002
v -0.019656 0.004341 -0.000002
v -0.014565 0.002767 -0.000002
v -0.025268 0.000464 -0.000002
v -0.019912 0.001657 -0.000002
v -0.036828 -0.004521 -0.000002
v -0.037438 0.014057 -0.000002
v -0.014832 0.009539 -0.000002
v -0.024966 0.011079 -0.000002
v -0.020131 0.010244 -0.000002
v -0.038224 0.016678 -0.000002
v -0.017766 0.011252 -0.000002
v -0.014550 0.001997 -0.000002
v -0.030047 -0.005528 -0.000002
v -0.030614 0.015853 -0.000002
v -0.022670 0.012736 -0.000002
v -0.017273 0.000209 -0.000002
v -0.022765 -0.002008 -0.000002
v -0.025363 -0.001396 -0.000002
v -0.020043 0.000332 -0.000002
v -0.033134 -0.000223 -0.000002
v -0.028676 0.005322 -0.000002
v -0.014713 0.009004 -0.000002
v -0.014594 0.006388 -0.000002
v -0.024903 0.009744 -0.000002
v -0.024842 0.006359 -0.000002
v -0.019891 0.009356 -0.000002
v -0.019650 0.006388 -0.000002
v -0.022258 0.008425 -0.000002
v -0.022260 0.004329 -0.000002
v -0.027137 0.007212 -0.000002
v -0.027230 0.004216 -0.000002
v -0.017054 0.008408 -0.000002
v -0.017049 0.004354 -0.000002
v -0.014579 0.003538 -0.000002
v -0.025056 0.002386 -0.000002
v -0.019781 0.002983 -0.000002
v -0.037082 -0.006794 -0.000002
v -0.022513 0.001104 -0.000002
v -0.031244 -0.001937 -0.000002
v -0.017161 0.002229 -0.000002
v -0.033304 0.010050 -0.000002
v -0.014952 0.010075 -0.000002
v -0.024920 0.012361 -0.000002
v -0.020372 0.011132 -0.000002
v -0.017411 0.009881 -0.000002
v -0.031231 0.012593 -0.000002
v -0.022465 0.010634 -0.000002
v -0.022571 0.011717 -0.000002
v -0.031047 0.014264 -0.000002
v -0.017594 0.010587 -0.000002
v -0.017104 0.003269 -0.000002
v -0.029256 0.001144 -0.000002
v -0.022384 0.002706 -0.000002
v -0.017046 0.006388 -0.000002
v -0.017229 0.009174 -0.000002
v -0.027079 0.005723 -0.000002
v -0.029196 0.009890 -0.000002
v -0.022254 0.006388 -0.000002
v -0.022360 0.009551 -0.000002
v -0.022643 -0.000499 -0.000002
v -0.030849 -0.003767 -0.000002
v -0.017219 0.001189 -0.000002
v -0.037495 0.017284 -0.000002
v -0.016331 0.010895 -0.000002
v -0.014542 0.001612 -0.000002
v -0.032562 -0.006607 -0.000002
v -0.027643 0.014694 -0.000002
v -0.021653 0.012351 -0.000002
v -0.018727 -0.000354 -0.000002
v -0.024058 -0.002553 -0.000002
v -0.025405 -0.002332 -0.000002
v -0.020108 -0.000331 -0.000002
v -0.031080 0.002042 -0.000002
v -0.028712 0.005818 -0.000002
v -0.014654 0.008736 -0.000002
v -0.014594 0.005348 -0.000002
v -0.024872 0.009077 -0.000002
v -0.024843 0.005333 -0.000002
v -0.019770 0.008912 -0.000002
v -0.019650 0.005348 -0.000002
v -0.023557 0.008429 -0.000002
v -0.023561 0.004323 -0.000002
v -0.028119 0.006789 -0.000002
v -0.028270 0.004186 -0.000002
v -0.018358 0.008412 -0.000002
v -0.018352 0.004348 -0.000002
v -0.014572 0.003153 -0.000002
v -0.025162 0.001425 -0.000002
v -0.019846 0.002320 -0.000002
v -0.037151 -0.005771 -0.000002
v -0.023810 0.000827 -0.000002
v -0.034244 -0.003321 -0.000002
v -0.018540 0.001943 -0.000002
v -0.035484 0.012084 -0.000002
v -0.014892 0.009807 -0.000002
v -0.024943 0.011720 -0.000002
v -0.020251 0.010688 -0.000002
v -0.018780 0.010062 -0.000002
v -0.034553 0.013383 -0.000002
v -0.023623 0.010829 -0.000002
v -0.038015 0.015462 -0.000002
v -0.019200 0.011609 -0.000002
v -0.014557 0.002382 -0.000002
v -0.027688 -0.004326 -0.000002
v -0.033837 0.016863 -0.000002
v -0.023688 0.013122 -0.000002
v -0.015820 0.000773 -0.000002
v -0.021473 -0.001463 -0.000002
v -0.025315 -0.000466 -0.000002
v -0.019977 0.000995 -0.000002
v -0.035098 -0.002441 -0.000002
v -0.028828 0.004819 -0.000002
v -0.014773 0.009272 -0.000002
v -0.014594 0.007428 -0.000002
v -0.024935 0.010411 -0.000002
v -0.024841 0.007384 -0.000002
v -0.020011 0.009800 -0.000002
v -0.019650 0.007428 -0.000002
v -0.020960 0.008420 -0.000002
v -0.020958 0.004335 -0.000002
v -0.026005 0.007812 -0.000002
v -0.026054 0.004266 -0.000002
v -0.015751 0.008404 -0.000002
v -0.015745 0.004360 -0.000002
v -0.014587 0.003923 -0.000002
v -0.024950 0.003347 -0.000002
v -0.019715 0.003646 -0.000002
v -0.035953 -0.007235 -0.000002
v -0.021216 0.001380 -0.000002
v -0.028181 -0.000687 -0.000002
v -0.015783 0.002515 -0.000002
v -0.031048 0.008169 -0.000002
v -0.015011 0.010343 -0.000002
v -0.024896 0.013007 -0.000002
v -0.020492 0.011576 -0.000002
v -0.016042 0.009700 -0.000002
v -0.028002 0.011810 -0.000002
v -0.021307 0.010438 -0.000002
v -0.022518 0.011175 -0.000002
v -0.022624 0.012258 -0.000002
v -0.023657 0.012010 -0.000002
v -0.021485 0.011424 -0.000002
v -0.031195 0.013450 -0.000002
v -0.030815 0.015109 -0.000002
v -0.034848 0.015545 -0.000002
v -0.027859 0.013266 -0.000002
v -0.017502 0.010234 -0.000002
v -0.017685 0.010940 -0.000002
v -0.018996 0.010859 -0.000002
v -0.016191 0.010315 -0.000002
v -0.017133 0.002749 -0.000002
v -0.017075 0.003789 -0.000002
v -0.018444 0.003126 -0.000002
v -0.015763 0.003412 -0.000002
v -0.030309 -0.000428 -0.000002
v -0.028198 0.002718 -0.000002
v -0.031320 0.000421 -0.000002
v -0.027123 0.001791 -0.000002
v -0.022448 0.001905 -0.000002
v -0.022319 0.003507 -0.000002
v -0.023683 0.002568 -0.000002
v -0.021084 0.002844 -0.000002
v -0.017046 0.005348 -0.000002
v -0.017046 0.007428 -0.000002
v -0.018348 0.006388 -0.000002
v -0.015744 0.006388 -0.000002
v -0.017137 0.008821 -0.000002
v -0.017320 0.009528 -0.000002
v -0.018564 0.009265 -0.000002
v -0.015893 0.009084 -0.000002
v -0.027110 0.005007 -0.000002
v -0.027061 0.006438 -0.000002
v -0.027935 0.005505 -0.000002
v -0.025982 0.006050 -0.000002
v -0.028119 0.008522 -0.000002
v -0.030268 0.011267 -0.000002
v -0.031379 0.009971 -0.000002
v -0.027007 0.009818 -0.000002
v -0.022254 0.005348 -0.000002
v -0.022254 0.007428 -0.000002
v -0.023556 0.006388 -0.000002
v -0.020952 0.006388 -0.000002
v -0.022307 0.009010 -0.000002
v -0.022412 0.010092 -0.000002
v -0.023589 0.009649 -0.000002
v -0.021130 0.009453 -0.000002
v -0.022708 -0.001300 -0.000002
v -0.022578 0.000302 -0.000002
v -0.023938 -0.000914 -0.000002
v -0.021348 -0.000084 -0.000002
v -0.030427 -0.004703 -0.000002
v -0.031111 -0.002878 -0.000002
v -0.034159 -0.005369 -0.000002
v -0.028013 -0.002526 -0.000002
v -0.017248 0.000669 -0.000002
v -0.017190 0.001709 -0.000002
v -0.018636 0.000760 -0.000002
v -0.015802 0.001618 -0.000002
v -0.015792 0.002066 -0.000002
v -0.018588 0.001351 -0.000002
v -0.018684 0.000168 -0.000002
v -0.028129 -0.001619 -0.000002
v -0.034307 -0.004401 -0.000002
v -0.033344 -0.006041 -0.000002
v -0.021282 0.000648 -0.000002
v -0.023874 -0.000043 -0.000002
v -0.024001 -0.001784 -0.000002
v -0.021219 0.009946 -0.000002
v -0.023606 0.010239 -0.000002
v -0.023573 0.009059 -0.000002
v -0.020952 0.007428 -0.000002
v -0.023556 0.007428 -0.000002
v -0.023556 0.005348 -0.000002
v -0.027532 0.010827 -0.000002
v -0.033036 0.011701 -0.000002
v -0.029678 0.008330 -0.000002
v -0.025970 0.006925 -0.000002
v -0.027948 0.006102 -0.000002
v -0.028032 0.004904 -0.000002
v -0.015968 0.009392 -0.000002
v -0.018672 0.009663 -0.000002
v -0.018456 0.008867 -0.000002
v -0.015744 0.007428 -0.000002
v -0.018348 0.007428 -0.000002
v -0.018348 0.005348 -0.000002
v -0.021018 0.003576 -0.000002
v -0.023620 0.003438 -0.000002
v -0.023747 0.001697 -0.000002
v -0.026564 0.003045 -0.000002
v -0.029733 0.002360 -0.000002
v -0.032856 -0.001492 -0.000002
v -0.015754 0.003860 -0.000002
v -0.018396 0.003717 -0.000002
v -0.018492 0.002534 -0.000002
v -0.016265 0.010623 -0.000002
v -0.019105 0.011257 -0.000002
v -0.018888 0.010460 -0.000002
v -0.027745 0.014022 -0.000002
v -0.034339 0.016261 -0.000002
v -0.034798 0.014510 -0.000002
v -0.021574 0.011916 -0.000002
v -0.023674 0.012600 -0.000002
v -0.023640 0.011420 -0.000002
v -0.021396 0.010931 -0.000002
v -0.027959 0.012549 -0.000002
v -0.016116 0.010007 -0.000002
v -0.015773 0.002963 -0.000002
v -0.027681 0.000537 -0.000002
v -0.021150 0.002112 -0.000002
v -0.015744 0.005348 -0.000002
v -0.015819 0.008776 -0.000002
v -0.025994 0.005174 -0.000002
v -0.026483 0.008809 -0.000002
v -0.020952 0.005348 -0.000002
v -0.021041 0.008961 -0.000002
v -0.021414 -0.000816 -0.000002
v -0.027843 -0.003479 -0.000002
v -0.015811 0.001169 -0.000002
v -0.010874 -0.005298 0.001124
v -0.001362 0.001074 0.000683
v -0.009175 -0.008991 0.001379
v -0.000032 -0.001882 0.000888
v -0.010103 -0.002245 0.000913
v -0.007228 -0.000839 0.000816
v -0.004632 -0.000398 0.000785
v -0.002875 0.000404 0.000730
v -0.000971 -0.003089 0.000971
v -0.002453 -0.004523 0.001070
v -0.004265 -0.006207 0.001187
v -0.007254 -0.008279 0.001330
v -0.010594 -0.007348 0.001266
v -0.000646 -0.000364 0.000783
v -0.008244 -0.005403 0.001131
v -0.005616 -0.003460 0.000997
v -0.003534 -0.002458 0.000928
v -0.001919 -0.001342 0.000850
v -0.010830 -0.006363 0.001198
v -0.002035 0.000812 0.000701
v -0.000281 -0.001194 0.000840
v -0.008245 -0.008721 0.001361
v -0.010619 -0.003516 0.001001
v -0.009082 -0.001226 0.000842
v -0.005754 -0.000653 0.000803
v -0.003734 -0.000013 0.000759
v -0.000415 -0.002435 0.000926
v -0.001680 -0.003793 0.001020
v -0.003380 -0.005321 0.001126
v -0.005796 -0.007296 0.001262
v -0.007707 -0.006913 0.001236
v -0.004921 -0.004799 0.001089
v -0.002942 -0.003578 0.001005
v -0.001399 -0.002291 0.000916
v -0.009839 -0.008301 0.001332
v -0.001016 0.000461 0.000726
v -0.008817 -0.003715 0.001014
v -0.006319 -0.002005 0.000896
v -0.004126 -0.001337 0.000850
v -0.002439 -0.000392 0.000785
v -0.002706 -0.001903 0.000889
v -0.004546 -0.002940 0.000961
v -0.006845 -0.004262 0.001052
v -0.009371 -0.006379 0.001199
v -0.001221 -0.000808 0.000814
v -0.001661 0.000076 0.000752
v -0.009975 -0.005149 0.001114
v -0.007594 -0.002838 0.000954
v -0.005180 -0.001654 0.000872
v -0.003264 -0.000876 0.000818
v -0.002147 -0.002931 0.000960
v -0.003913 -0.004229 0.001050
v -0.006317 -0.005920 0.001167
v -0.008895 -0.007645 0.001286
v -0.000780 -0.001693 0.000875
v -0.010853 -0.005807 0.001159
v -0.008780 -0.008911 0.001374
v -0.006547 -0.007812 0.001298
v -0.007464 -0.007663 0.001288
v -0.004685 -0.005709 0.001152
v -0.010230 -0.007829 0.001299
v -0.008490 -0.004728 0.001085
v -0.007621 -0.004957 0.001100
v -0.010096 -0.006904 0.001235
v -0.010756 -0.006862 0.001232
v -0.007762 -0.008524 0.001347
v -0.010793 -0.004524 0.001070
v -0.005040 -0.006774 0.001226
v -0.007951 -0.006155 0.001183
v -0.009487 -0.008723 0.001361
v -0.008794 -0.005886 0.001165
v -0.009650 -0.005774 0.001157
v -0.010256 -0.004426 0.001064
v -0.010444 -0.005807 0.001159
v -0.009480 -0.004573 0.001074
v -0.006032 -0.006666 0.001219
v -0.006564 -0.005244 0.001120
v -0.007018 -0.006423 0.001202
v -0.005690 -0.005464 0.001135
v -0.008508 -0.008233 0.001327
v -0.009176 -0.007013 0.001242
v -0.009440 -0.008003 0.001311
v -0.008306 -0.007288 0.001262
v -0.008554 -0.006587 0.001213
v -0.009807 -0.007455 0.001273
v -0.009057 -0.008509 0.001346
v -0.007277 -0.005667 0.001149
v -0.006762 -0.007179 0.001254
v -0.010593 -0.005126 0.001112
v -0.010278 -0.006364 0.001198
v -0.009132 -0.005208 0.001118
v -0.005309 -0.006157 0.001183
v -0.007991 -0.007962 0.001308
v -0.010874 -0.005450 -0.001128
v -0.001362 0.000922 -0.000688
v -0.009175 -0.009142 -0.001383
v -0.000032 -0.002033 -0.000892
v -0.010103 -0.002396 -0.000917
v -0.007228 -0.000990 -0.000820
v -0.004632 -0.000550 -0.000789
v -0.002875 0.000252 -0.000734
v -0.000971 -0.003240 -0.000975
v -0.002453 -0.004674 -0.001074
v -0.004265 -0.006358 -0.001191
v -0.007254 -0.008431 -0.001334
v -0.010594 -0.007499 -0.001270
v -0.000646 -0.000516 -0.000787
v -0.008244 -0.005554 -0.001135
v -0.005616 -0.003612 -0.001001
v -0.003534 -0.002609 -0.000932
v -0.001919 -0.001493 -0.000855
v -0.010830 -0.006515 -0.001202
v -0.002035 0.000661 -0.000706
v -0.000281 -0.001346 -0.000844
v -0.008245 -0.008872 -0.001365
v -0.010619 -0.003668 -0.001005
v -0.009083 -0.001377 -0.000847
v -0.005754 -0.000805 -0.000807
v -0.003734 -0.000164 -0.000763
v -0.000415 -0.002587 -0.000930
v -0.001680 -0.003944 -0.001024
v -0.003380 -0.005473 -0.001130
v -0.005796 -0.007447 -0.001266
v -0.007707 -0.007065 -0.001240
v -0.004921 -0.004950 -0.001094
v -0.002942 -0.003730 -0.001009
v -0.001399 -0.002442 -0.000920
v -0.009839 -0.008453 -0.001336
v -0.001016 0.000310 -0.000730
v -0.008817 -0.003866 -0.001019
v -0.006319 -0.002156 -0.000900
v -0.004126 -0.001488 -0.000854
v -0.002439 -0.000544 -0.000789
v -0.002706 -0.002055 -0.000893
v -0.004546 -0.003092 -0.000965
v -0.006845 -0.004414 -0.001056
v -0.009371 -0.006530 -0.001203
v -0.001221 -0.000960 -0.000818
v -0.001661 -0.000075 -0.000756
v -0.009975 -0.005301 -0.001118
v -0.007594 -0.002989 -0.000958
v -0.005180 -0.001805 -0.000876
v -0.003264 -0.001027 -0.000822
v -0.002147 -0.003082 -0.000964
v -0.003913 -0.004380 -0.001054
v -0.006317 -0.006071 -0.001171
v -0.008895 -0.007796 -0.001290
v -0.000780 -0.001844 -0.000879
v -0.010853 -0.005958 -0.001163
v -0.008780 -0.009062 -0.001378
v -0.006547 -0.007964 -0.001302
v -0.007464 -0.007814 -0.001292
v -0.004685 -0.005860 -0.001157
v -0.010230 -0.007980 -0.001303
v -0.008490 -0.004879 -0.001089
v -0.007621 -0.005108 -0.001105
v -0.010096 -0.007055 -0.001239
v -0.010756 -0.007013 -0.001236
v -0.007762 -0.008675 -0.001351
v -0.010793 -0.004675 -0.001075
v -0.005040 -0.006926 -0.001230
v -0.007951 -0.006307 -0.001187
v -0.009487 -0.008874 -0.001365
v -0.008794 -0.006037 -0.001169
v -0.009650 -0.005926 -0.001161
v -0.010256 -0.004577 -0.001068
v -0.010444 -0.005958 -0.001163
v -0.009480 -0.004725 -0.001078
v -0.006033 -0.006817 -0.001223
v -0.006564 -0.005395 -0.001124
v -0.007018 -0.006574 -0.001206
v -0.005690 -0.005616 -0.001140
v -0.008508 -0.008385 -0.001331
v -0.009176 -0.007164 -0.001247
v -0.009440 -0.008154 -0.001315
v -0.008306 -0.007439 -0.001266
v -0.008554 -0.006739 -0.001217
v -0.009807 -0.007607 -0.001277
v -0.009057 -0.008660 -0.001350
v -0.007277 -0.005819 -0.001154
v -0.006762 -0.007331 -0.001258
v -0.010594 -0.005277 -0.001116
v -0.010278 -0.006516 -0.001202
v -0.009132 -0.005359 -0.001122
v -0.005309 -0.006308 -0.001188
v -0.007991 -0.008114 -0.001312
v 0.002319 -0.010471 0.001482
v 0.010479 -0.002452 0.000927
v 0.004675 -0.013786 0.001711
v 0.012337 -0.005110 0.001111
v 0.002507 -0.007328 0.001264
v 0.005071 -0.005415 0.001132
v 0.007540 -0.004502 0.001069
v 0.009117 -0.003390 0.000992
v 0.011638 -0.006470 0.001205
v 0.010448 -0.008153 0.001321
v 0.008982 -0.010142 0.001459
v 0.006431 -0.012731 0.001638
v 0.002975 -0.012433 0.001617
v 0.011451 -0.003733 0.001016
v 0.004923 -0.010087 0.001455
v 0.007143 -0.007693 0.001290
v 0.009003 -0.006323 0.001195
v 0.010381 -0.004928 0.001098
v 0.002560 -0.011509 0.001553
v 0.009867 -0.002833 0.000953
v 0.011964 -0.004481 0.001067
v 0.005539 -0.013348 0.001681
v 0.002237 -0.008672 0.001357
v 0.003321 -0.006138 0.001182
v 0.006485 -0.004960 0.001101
v 0.008351 -0.003958 0.001031
v 0.012063 -0.005725 0.001153
v 0.011073 -0.007293 0.001262
v 0.009687 -0.009109 0.001387
v 0.007681 -0.011495 0.001552
v 0.005731 -0.011473 0.001551
v 0.008075 -0.008880 0.001372
v 0.009793 -0.007315 0.001263
v 0.011069 -0.005765 0.001156
v 0.003894 -0.013230 0.001672
v 0.010933 -0.002990 0.000964
v 0.004045 -0.008535 0.001348
v 0.006181 -0.006393 0.001200
v 0.008212 -0.005331 0.001126
v 0.009694 -0.004091 0.001040
v 0.009713 -0.005625 0.001147
v 0.008098 -0.006984 0.001241
v 0.006085 -0.008708 0.001360
v 0.003997 -0.011255 0.001536
v 0.010969 -0.004275 0.001053
v 0.010371 -0.003487 0.000999
v 0.003174 -0.010158 0.001460
v 0.005084 -0.007447 0.001272
v 0.007235 -0.005837 0.001161
v 0.008973 -0.004719 0.001084
v 0.010453 -0.006532 0.001209
v 0.008960 -0.008133 0.001320
v 0.006913 -0.010240 0.001466
v 0.004700 -0.012411 0.001616
v 0.011566 -0.005063 0.001108
v 0.002434 -0.010966 0.001516
v 0.005048 -0.013633 0.001700
v 0.007039 -0.012141 0.001597
v 0.006110 -0.012164 0.001599
v 0.008477 -0.009730 0.001430
v 0.003422 -0.012838 0.001645
v 0.004555 -0.009470 0.001412
v 0.005452 -0.009534 0.001417
v 0.003382 -0.011904 0.001581
v 0.002726 -0.011985 0.001586
v 0.005977 -0.013065 0.001661
v 0.002254 -0.009695 0.001428
v 0.008326 -0.010843 0.001507
v 0.005351 -0.010773 0.001502
v 0.004319 -0.013580 0.001697
v 0.004471 -0.010664 0.001495
v 0.003610 -0.010712 0.001498
v 0.002764 -0.009499 0.001414
v 0.002836 -0.010891 0.001511
v 0.003553 -0.009501 0.001415
v 0.007331 -0.010920 0.001513
v 0.006544 -0.009621 0.001423
v 0.006317 -0.010863 0.001509
v 0.007444 -0.009676 0.001427
v 0.005190 -0.012918 0.001651
v 0.004307 -0.011841 0.001576
v 0.004231 -0.012864 0.001647
v 0.005213 -0.011951 0.001584
v 0.004838 -0.011309 0.001540
v 0.003768 -0.012393 0.001615
v 0.004702 -0.013290 0.001676
v 0.005922 -0.010169 0.001461
v 0.006709 -0.011559 0.001557
v 0.002562 -0.010249 0.001466
v 0.003103 -0.011408 0.001546
v 0.004013 -0.010060 0.001453
v 0.007947 -0.010286 0.001469
v 0.005648 -0.012556 0.001626
v 0.002319 -0.010622 -0.001486
v 0.010479 -0.002603 -0.000931
v 0.004675 -0.013937 -0.001715
v 0.012337 -0.005262 -0.001115
v 0.002507 -0.007479 -0.001268
v 0.005071 -0.005566 -0.001136
v 0.007540 -0.004654 -0.001073
v 0.009117 -0.003541 -0.000996
v 0.011638 -0.006621 -0.001209
v 0.010449 -0.008304 -0.001326
v 0.008982 -0.010293 -0.001463
v 0.006431 -0.012882 -0.001642
v 0.002975 -0.012584 -0.001621
v 0.011451 -0.003884 -0.001020
v 0.004923 -0.010239 -0.001459
v 0.007143 -0.007845 -0.001294
v 0.009003 -0.006474 -0.001199
v 0.010381 -0.005079 -0.001103
v 0.002560 -0.011660 -0.001558
v 0.009867 -0.002984 -0.000958
v 0.011964 -0.004632 -0.001072
v 0.005539 -0.013500 -0.001685
v 0.002237 -0.008824 -0.001361
v 0.003321 -0.006289 -0.001186
v 0.006485 -0.005111 -0.001105
v 0.008351 -0.004109 -0.001035
v 0.012063 -0.005876 -0.001158
v 0.011073 -0.007444 -0.001266
v 0.009687 -0.009260 -0.001392
v 0.007681 -0.011647 -0.001557
v 0.005731 -0.011624 -0.001555
v 0.008075 -0.009032 -0.001376
v 0.009793 -0.007466 -0.001268
v 0.011069 -0.005916 -0.001160
v 0.003894 -0.013382 -0.001677
v 0.010933 -0.003141 -0.000968
v 0.004045 -0.008686 -0.001352
v 0.006181 -0.006544 -0.001204
v 0.008212 -0.005482 -0.001130
v 0.009694 -0.004243 -0.001045
v 0.009713 -0.005777 -0.001151
v 0.008098 -0.007136 -0.001245
v 0.006085 -0.008860 -0.001364
v 0.003997 -0.011406 -0.001540
v 0.010969 -0.004426 -0.001057
v 0.010371 -0.003638 -0.001003
v 0.003174 -0.010309 -0.001464
v 0.005084 -0.007598 -0.001277
v 0.007235 -0.005989 -0.001165
v 0.008973 -0.004870 -0.001088
v 0.010453 -0.006683 -0.001213
v 0.008960 -0.008285 -0.001324
v 0.006913 -0.010391 -0.001470
v 0.004700 -0.012562 -0.001620
v 0.011566 -0.005214 -0.001112
v 0.002434 -0.011118 -0.001520
v 0.005048 -0.013785 -0.001704
v 0.007039 -0.012293 -0.001601
v 0.006110 -0.012316 -0.001603
v 0.008477 -0.009882 -0.001435
v 0.003422 -0.012990 -0.001650
v 0.004555 -0.009621 -0.001417
v 0.005452 -0.009685 -0.001421
v 0.003382 -0.012056 -0.001585
v 0.002726 -0.012136 -0.001590
v 0.005977 -0.013216 -0.001665
v 0.002254 -0.009846 -0.001432
v 0.008326 -0.010995 -0.001512
v 0.005351 -0.010924 -0.001507
v 0.004319 -0.013731 -0.001701
v 0.004471 -0.010815 -0.001499
v 0.003610 -0.010863 -0.001502
v 0.002764 -0.009650 -0.001419
v 0.002836 -0.011042 -0.001515
v 0.003553 -0.009652 -0.001419
v 0.007331 -0.011071 -0.001517
v 0.006544 -0.009772 -0.001427
v 0.006317 -0.011015 -0.001513
v 0.007444 -0.009827 -0.001431
v 0.005190 -0.013069 -0.001655
v 0.004307 -0.011993 -0.001581
v 0.004231 -0.013015 -0.001651
v 0.005213 -0.012102 -0.001588
v 0.004838 -0.011460 -0.001544
v 0.003768 -0.012545 -0.001619
v 0.004702 -0.013441 -0.001681
v 0.005922 -0.010320 -0.001465
v 0.006709 -0.011711 -0.001561
v 0.002562 -0.010400 -0.001470
v 0.003103 -0.011560 -0.001551
v 0.004013 -0.010211 -0.001457
v 0.007947 -0.010437 -0.001473
v 0.005648 -0.012707 -0.001630
vn -0.2322 0.0867 -0.9688
vn -0.2320 0.0869 -0.9688
vn -0.2322 0.0868 -0.9688
vn -0.2321 0.0868 -0.9688
vn -0.2320 0.0870 -0.9688
vn -0.2321 0.0867 -0.9688
vn -0.2321 0.0869 -0.9688
vn -0.2320 0.0868 -0.9688
vn -0.2321 0.0864 -0.9689
vn -0.2321 0.0866 -0.9688
vn -0.2321 0.0872 -0.9688
vn -0.2321 0.0865 -0.9688
vn -0.2321 0.0871 -0.9688
vn -0.2321 0.0870 -0.9688
vn -0.2322 0.0866 -0.9688
vn 0.2321 -0.0868 -0.9688
vn 0.2321 -0.0867 -0.9688
vn 0.2322 -0.0867 -0.9688
vn 0.2321 -0.0869 -0.9688
vn 0.2320 -0.0870 -0.9688
vn 0.2321 -0.0872 -0.9688
vn 0.2321 -0.0870 -0.9688
vn 0.2321 -0.0871 -0.9688
vn 0.2322 -0.0868 -0.9688
vn 0.2320 -0.0865 -0.9689
vn 0.2322 -0.0869 -0.9688
vn 0.2321 -0.0865 -0.9688
vn 0.2320 -0.0868 -0.9688
vn 0.8487 -0.3474 0.3988
vn 0.1568 -0.0473 0.9865
vn 0.3535 -0.7547 0.5527
vn 0.1640 -0.0300 -0.9860
vn 0.8087 -0.3713 -0.4562
vn 0.5843 -0.6915 -0.4247
vn 0.8743 0.0272 -0.4846
vn 0.8759 0.0270 0.4818
vn 0.4266 -0.1857 0.8852
vn 0.5151 -0.8096 0.2813
vn 0.6651 -0.6707 0.3283
vn 0.5047 -0.7887 -0.3511
vn 0.2135 -0.3699 -0.9042
vn 0.5972 -0.7156 -0.3622
vn 0.2138 0.3432 0.9146
vn 0.5176 0.8324 0.1978
vn 0.4558 0.8696 0.1898
vn -0.0774 -0.1085 0.9911
vn -0.2831 -0.9203 0.2699
vn -0.1621 -0.1991 0.9665
vn -0.1146 0.2666 0.9570
vn -0.1327 0.9504 0.2814
vn -0.1015 0.1702 0.9802
vn -0.0694 0.3736 0.9250
vn -0.2732 0.9138 0.3005
vn -0.1147 0.3469 0.9309
vn 0.0784 0.3526 0.9325
vn 0.0873 0.9762 0.1983
vn 0.0309 0.3690 0.9289
vn 0.1237 0.3622 0.9238
vn 0.3982 0.8990 0.1823
vn 0.2974 0.9391 0.1724
vn 0.1137 -0.3888 0.9143
vn 0.3541 -0.8963 0.2670
vn 0.1625 -0.3831 0.9093
vn 0.0118 -0.3957 0.9183
vn 0.1326 -0.9637 0.2319
vn 0.0488 -0.3680 0.9286
vn -0.0702 -0.3894 0.9184
vn -0.2402 -0.9539 0.1800
vn -0.1912 -0.9675 0.1656
vn -0.1249 -0.3844 0.9147
vn -0.4091 -0.8950 0.1776
vn -0.2859 -0.9429 0.1706
vn -0.0967 0.0589 0.9936
vn -0.0204 0.9647 0.2627
vn -0.0455 0.0226 0.9987
vn -0.7169 -0.0623 0.6944
vn 0.0022 -0.9564 0.2920
vn -0.0330 -0.0494 0.9982
vn 0.3330 0.5316 0.7788
vn 0.7335 0.6627 0.1512
vn 0.5734 0.8003 0.1755
vn 0.1598 0.3534 0.9217
vn -0.1932 -0.3367 0.9216
vn -0.0638 0.9597 0.2737
vn -0.2356 0.9236 0.3023
vn -0.1174 0.9613 0.2492
vn 0.2095 0.9601 0.1852
vn 0.2171 -0.9490 0.2287
vn -0.0242 -0.9840 0.1767
vn -0.0921 -0.3736 0.9230
vn -0.4283 0.8328 0.3508
vn -0.8757 -0.0430 0.4809
vn -0.1137 -0.9662 0.2312
vn 0.2460 0.1468 0.9581
vn 0.5348 0.8170 -0.2156
vn 0.2169 0.3431 -0.9139
vn 0.4661 0.8621 -0.1989
vn -0.3550 -0.8992 -0.2557
vn -0.0771 -0.1087 -0.9911
vn -0.1634 -0.2016 -0.9657
vn -0.1409 0.9536 -0.2660
vn -0.1156 0.2607 -0.9585
vn -0.1027 0.1703 -0.9800
vn -0.2756 0.9253 -0.2605
vn -0.0616 0.3597 -0.9310
vn -0.1096 0.3304 -0.9375
vn 0.1192 0.9782 -0.1699
vn 0.0783 0.3486 -0.9340
vn 0.0329 0.3615 -0.9318
vn 0.4121 0.8918 -0.1867
vn 0.1253 0.3611 -0.9241
vn 0.3273 0.9298 -0.1684
vn 0.3488 -0.8832 -0.3135
vn 0.1242 -0.4049 -0.9059
vn 0.1705 -0.3995 -0.9007
vn 0.1316 -0.9561 -0.2617
vn 0.0170 -0.4069 -0.9133
vn 0.0508 -0.3815 -0.9230
vn -0.1645 -0.9690 -0.1844
vn -0.0928 -0.3769 -0.9216
vn -0.0691 -0.3951 -0.9160
vn -0.3724 -0.9123 -0.1705
vn -0.1244 -0.3876 -0.9134
vn -0.2694 -0.9466 -0.1772
vn -0.0246 0.9653 -0.2601
vn -0.0962 0.0583 -0.9937
vn -0.0452 0.0225 -0.9987
vn -0.0274 -0.9634 -0.2666
vn -0.2426 -0.0456 -0.9691
vn -0.0329 -0.0493 -0.9982
vn 0.7676 0.6019 -0.2204
vn 0.3636 0.5515 -0.7508
vn 0.5705 0.7981 -0.1937
vn 0.1616 0.3550 -0.9208
vn -0.1908 -0.3371 -0.9219
vn -0.0714 0.9603 -0.2696
vn -0.2436 0.9296 -0.2764
vn -0.0921 0.9752 -0.2014
vn 0.2243 0.9589 -0.1739
vn 0.2267 -0.9331 -0.2791
vn 0.0088 -0.9761 -0.2174
vn -0.2394 -0.9528 -0.1869
vn -0.3944 0.8811 -0.2608
vn -0.8803 -0.0534 -0.4715
vn -0.1214 -0.9663 -0.2268
vn 0.2468 0.1427 -0.9585
vn -0.1659 -0.0306 0.9857
vn -0.1332 -0.0251 0.9908
vn 0.1169 -0.0001 0.9931
vn 0.2530 -0.0838 0.9638
vn -0.0599 -0.0147 0.9981
vn -0.1206 -0.0390 0.9919
vn -0.0532 -0.0059 0.9986
vn -0.0084 0.0153 0.9998
vn -0.0020 -0.0097 1.0000
vn -0.0006 -0.0234 0.9997
vn 0.0030 -0.0188 0.9998
vn 0.0127 -0.0163 0.9998
vn -0.3060 -0.9411 -0.1436
vn -0.8736 -0.0935 0.4776
vn -0.8749 -0.0910 -0.4757
vn 0.8787 0.1651 0.4479
vn -0.1657 -0.0312 -0.9857
vn -0.1322 -0.0241 -0.9909
vn 0.1255 -0.0099 -0.9920
vn 0.2377 -0.0377 -0.9706
vn -0.0595 -0.0143 -0.9981
vn -0.0509 -0.0115 -0.9986
vn -0.1198 -0.0419 -0.9919
vn -0.0026 -0.0108 -0.9999
vn -0.0084 0.0127 -0.9999
vn 0.0028 -0.0214 -0.9998
vn -0.0008 -0.0253 -0.9997
vn 0.0126 -0.0217 -0.9997
vn 0.8780 0.1496 -0.4547
vn -0.0000 -0.0000 -1.0000
vn -0.0000 -0.0690 -0.9976
vn -0.0000 -0.0689 -0.9976
vn -0.0000 -0.0691 -0.9976
vn 0.0001 -0.0689 -0.9976
vn 0.0001 -0.0690 -0.9976
vn -0.0001 -0.0689 -0.9976
vn -0.0001 -0.0690 -0.9976
vn 0.0001 -0.0687 -0.9976
vn -0.0001 -0.0691 -0.9976
vn -0.0002 -0.0689 -0.9976
vn -0.0000 0.0689 -0.9976
vn 0.0001 0.0691 -0.9976
vn -0.0000 0.0690 -0.9976
vn 0.0001 0.0690 -0.9976
vn -0.0001 0.0689 -0.9976
vn -0.0001 0.0690 -0.9976
vn -0.0000 0.0691 -0.9976
vn -0.0001 0.0687 -0.9976
vn 0.0001 0.0689 -0.9976
vn -0.0000 0.0687 -0.9976
vn -0.2321 0.0864 -0.9688
vn 0.2322 -0.0864 -0.9688
vn -0.4916 -0.8541 0.1702
vn 0.0001 -0.0691 -0.9976
vn 0.0002 0.0689 -0.9976
vt 0.378263 0.787902
vt 0.393558 0.785865
vt 0.390102 0.795204
vt 0.311787 0.914511
vt 0.320573 0.921326
vt 0.315182 0.927582
vt 0.337565 0.865742
vt 0.352767 0.864783
vt 0.343275 0.878757
vt 0.346882 0.828251
vt 0.370085 0.831318
vt 0.361603 0.846721
vt 0.363548 0.808760
vt 0.384887 0.806335
vt 0.377534 0.818731
vt 0.335474 0.781528
vt 0.356517 0.788642
vt 0.348387 0.797089
vt 0.317863 0.787016
vt 0.340896 0.803720
vt 0.331920 0.807789
vt 0.297789 0.800170
vt 0.324344 0.813494
vt 0.315075 0.826340
vt 0.288602 0.852315
vt 0.302589 0.854752
vt 0.296782 0.868870
vt 0.352785 0.766125
vt 0.371766 0.769943
vt 0.364944 0.778349
vt 0.343867 0.775058
vt 0.334184 0.761545
vt 0.344079 0.753539
vt 0.361202 0.757649
vt 0.276209 0.880437
vt 0.290166 0.882514
vt 0.281005 0.894539
vt 0.265196 0.846166
vt 0.275263 0.850035
vt 0.270961 0.864910
vt 0.266942 0.830828
vt 0.280091 0.836061
vt 0.295840 0.837719
vt 0.308783 0.841777
vt 0.254120 0.796397
vt 0.285208 0.816724
vt 0.288749 0.772337
vt 0.261743 0.780627
vt 0.308277 0.789438
vt 0.307424 0.768621
vt 0.318400 0.768437
vt 0.327596 0.786191
vt 0.326109 0.766104
vt 0.355914 0.818214
vt 0.371666 0.798435
vt 0.344514 0.855302
vt 0.337229 0.837745
vt 0.323536 0.892813
vt 0.334931 0.892792
vt 0.327280 0.907946
vt 0.314775 0.859139
vt 0.324962 0.862793
vt 0.319706 0.876148
vt 0.320877 0.847822
vt 0.330527 0.851665
vt 0.297643 0.929432
vt 0.309138 0.932647
vt 0.301840 0.938478
vt 0.286005 0.907788
vt 0.298940 0.909882
vt 0.291554 0.919168
vt 0.302779 0.885266
vt 0.313677 0.889913
vt 0.307030 0.899908
vt 0.383983 0.778873
vt 0.294466 0.896660
vt 0.309234 0.872753
vt 0.280705 0.915551
vt 0.286191 0.926477
vt 0.274939 0.902922
vt 0.296578 0.940867
vt 0.291670 0.935277
vt 0.305291 0.921384
vt 0.317515 0.906732
vt 0.330127 0.878576
vt 0.264341 0.861881
vt 0.267352 0.876720
vt 0.261560 0.848212
vt 0.258658 0.831554
vt 0.270830 0.890057
vt 0.283359 0.867412
vt 0.376062 0.788053
vt 0.391742 0.786047
vt 0.388163 0.795346
vt 0.307915 0.912769
vt 0.317353 0.919638
vt 0.311421 0.925729
vt 0.334343 0.864632
vt 0.349665 0.863867
vt 0.340158 0.877763
vt 0.343971 0.827218
vt 0.367529 0.830865
vt 0.358788 0.845933
vt 0.360890 0.808538
vt 0.382726 0.806378
vt 0.375146 0.818539
vt 0.332884 0.780290
vt 0.353947 0.788488
vt 0.345736 0.796510
vt 0.314940 0.785114
vt 0.338183 0.802703
vt 0.329153 0.806262
vt 0.293021 0.798520
vt 0.321494 0.811772
vt 0.311631 0.824313
vt 0.282876 0.850049
vt 0.297805 0.853233
vt 0.291413 0.867227
vt 0.350364 0.765782
vt 0.369750 0.769795
vt 0.362613 0.778310
vt 0.341345 0.774372
vt 0.331528 0.760643
vt 0.341537 0.753026
vt 0.359106 0.757268
vt 0.269758 0.875297
vt 0.284644 0.880222
vt 0.275253 0.890474
vt 0.258274 0.840971
vt 0.268832 0.845568
vt 0.264277 0.859084
vt 0.260061 0.827723
vt 0.274011 0.832896
vt 0.290528 0.836254
vt 0.304763 0.839660
vt 0.247288 0.795243
vt 0.279439 0.815038
vt 0.255239 0.779727
vt 0.304666 0.787770
vt 0.304186 0.766573
vt 0.283968 0.771228
vt 0.324907 0.784546
vt 0.315759 0.766276
vt 0.323527 0.764455
vt 0.353133 0.817605
vt 0.369241 0.798502
vt 0.341307 0.854181
vt 0.334281 0.836386
vt 0.320621 0.891632
vt 0.331901 0.891727
vt 0.324371 0.906690
vt 0.311433 0.857568
vt 0.322107 0.861599
vt 0.316885 0.875031
vt 0.317935 0.846298
vt 0.327582 0.850335
vt 0.292791 0.927992
vt 0.304891 0.930992
vt 0.297263 0.936754
vt 0.280992 0.905138
vt 0.294041 0.908838
vt 0.286659 0.917465
vt 0.298141 0.884150
vt 0.310247 0.888760
vt 0.302773 0.898668
vt 0.382057 0.778979
vt 0.289445 0.894955
vt 0.305349 0.871452
vt 0.275860 0.912038
vt 0.281203 0.924442
vt 0.269270 0.898008
vt 0.291766 0.939025
vt 0.286523 0.933493
vt 0.300854 0.919823
vt 0.314395 0.905375
vt 0.327038 0.877410
vt 0.257343 0.855419
vt 0.260481 0.870280
vt 0.254328 0.843115
vt 0.251500 0.827962
vt 0.264144 0.884204
vt 0.277327 0.863902
vt 0.931892 0.448922
vt 0.920976 0.472115
vt 0.920483 0.431285
vt 0.920220 0.472818
vt 0.932010 0.471790
vt 0.909158 0.432882
vt 0.908308 0.409644
vt 0.914978 0.423612
vt 0.908343 0.433515
vt 0.914979 0.423610
vt 0.853927 0.546301
vt 0.907371 0.522427
vt 0.852190 0.579375
vt 0.372651 0.463612
vt 0.412795 0.434930
vt 0.415190 0.454697
vt 0.460201 0.588912
vt 0.416689 0.610049
vt 0.417083 0.577304
vt 0.588063 0.647354
vt 0.523436 0.652586
vt 0.524237 0.619269
vt 0.693335 0.631304
vt 0.639841 0.680325
vt 0.640707 0.646820
vt 0.751627 0.607705
vt 0.808791 0.605365
vt 0.750612 0.641489
vt 0.809499 0.358154
vt 0.854235 0.372837
vt 0.855363 0.391907
vt 0.693252 0.333383
vt 0.750612 0.327699
vt 0.751456 0.345747
vt 0.635004 0.343458
vt 0.573987 0.344651
vt 0.634208 0.325419
vt 0.516573 0.385381
vt 0.454087 0.399537
vt 0.514493 0.365451
vt 0.373938 0.571879
vt 0.344404 0.603158
vt 0.344562 0.570740
vt 0.322049 0.466417
vt 0.346226 0.448887
vt 0.347387 0.467364
vt 0.920395 0.502562
vt 0.931809 0.492970
vt 0.919770 0.508214
vt 0.809278 0.573504
vt 0.456637 0.418697
vt 0.373777 0.604397
vt 0.459601 0.621898
vt 0.587272 0.680796
vt 0.692410 0.664984
vt 0.808790 0.340042
vt 0.692410 0.315357
vt 0.575550 0.364074
vt 0.315031 0.603158
vt 0.315182 0.570805
vt 0.370824 0.444632
vt 0.909084 0.490893
vt 0.852073 0.547499
vt 0.372330 0.463840
vt 0.414417 0.455208
vt 0.458756 0.589833
vt 0.416123 0.577912
vt 0.586050 0.648635
vt 0.522260 0.620513
vt 0.691485 0.632554
vt 0.638784 0.648087
vt 0.749714 0.608824
vt 0.808029 0.359179
vt 0.853902 0.392881
vt 0.691692 0.334424
vt 0.749912 0.346782
vt 0.574167 0.365072
vt 0.633525 0.344469
vt 0.515089 0.386328
vt 0.373546 0.572131
vt 0.344377 0.570858
vt 0.347228 0.467479
vt 0.931803 0.492973
vt 0.919672 0.503043
vt 0.807580 0.574346
vt 0.455393 0.419517
vt 0.315183 0.570805
vt 0.907972 0.491823
vt 0.417261 0.516048
vt 0.373999 0.527798
vt 0.856206 0.477865
vt 0.909344 0.471636
vt 0.346320 0.526035
vt 0.460604 0.504292
vt 0.522076 0.510532
vt 0.583110 0.517052
vt 0.638519 0.503109
vt 0.693950 0.489148
vt 0.752161 0.481742
vt 0.810230 0.476298
vt 0.321716 0.449174
vt 0.318652 0.524248
vt 0.931885 0.487876
vt 0.415841 0.517007
vt 0.373471 0.528149
vt 0.853275 0.479807
vt 0.908237 0.472577
vt 0.346090 0.526183
vt 0.518964 0.512579
vt 0.458319 0.505825
vt 0.635517 0.505108
vt 0.580066 0.519074
vt 0.749127 0.483724
vt 0.690923 0.491157
vt 0.807398 0.478109
vt 0.590651 0.687071
vt 0.640910 0.676803
vt 0.602530 0.652696
vt 0.502439 0.677736
vt 0.516538 0.630645
vt 0.499333 0.629261
vt 0.537472 0.678466
vt 0.569289 0.631226
vt 0.542931 0.630712
vt 0.527450 0.774461
vt 0.549664 0.727200
vt 0.531901 0.727313
vt 0.504590 0.773019
vt 0.514408 0.727279
vt 0.505708 0.727295
vt 0.595586 0.732586
vt 0.578741 0.722224
vt 0.572000 0.755327
vt 0.474073 0.764316
vt 0.480368 0.727392
vt 0.467726 0.727417
vt 0.463417 0.675747
vt 0.435633 0.632838
vt 0.453432 0.682480
vt 0.434710 0.652413
vt 0.445499 0.688385
vt 0.457623 0.726493
vt 0.465458 0.752091
vt 0.467902 0.774067
vt 0.473749 0.798045
vt 0.485074 0.771236
vt 0.546648 0.772369
vt 0.565428 0.787737
vt 0.543886 0.817193
vt 0.582081 0.757160
vt 0.497008 0.727311
vt 0.480984 0.821803
vt 0.497508 0.773136
vt 0.498996 0.855519
vt 0.511673 0.772902
vt 0.519561 0.773682
vt 0.523155 0.727296
vt 0.525382 0.842543
vt 0.515255 0.853680
vt 0.526497 0.678453
vt 0.529734 0.630678
vt 0.559510 0.678615
vt 0.482128 0.627876
vt 0.448044 0.625281
vt 0.489357 0.677032
vt 0.515522 0.678441
vt 0.606756 0.713555
vt 0.491825 0.842934
vt 0.505127 0.857204
vt 0.318962 0.455083
vt 0.330842 0.454147
vt 0.318696 0.449114
vt 0.182841 0.375651
vt 0.211572 0.384775
vt 0.184451 0.362109
vt 0.261005 0.434009
vt 0.274024 0.432036
vt 0.260399 0.423612
vt 0.264885 0.575586
vt 0.279220 0.566872
vt 0.265727 0.566941
vt 0.265808 0.517834
vt 0.279272 0.503210
vt 0.265748 0.502487
vt 0.204801 0.583408
vt 0.223632 0.571406
vt 0.210891 0.563326
vt 0.207869 0.509438
vt 0.219840 0.495721
vt 0.205117 0.492878
vt 0.319138 0.572631
vt 0.331791 0.566257
vt 0.319844 0.566682
vt 0.319911 0.517797
vt 0.331872 0.502397
vt 0.319903 0.502323
vt 0.263749 0.473390
vt 0.276614 0.467829
vt 0.263063 0.464229
vt 0.184526 0.438599
vt 0.213064 0.440025
vt 0.179333 0.420324
vt 0.319612 0.481522
vt 0.332136 0.477090
vt 0.319512 0.474949
vt 0.316044 0.592328
vt 0.329384 0.584844
vt 0.316817 0.587404
vt 0.221475 0.628007
vt 0.187442 0.635933
vt 0.187894 0.647759
vt 0.273086 0.603221
vt 0.262115 0.599225
vt 0.261192 0.607105
vt 0.236534 0.618815
vt 0.249796 0.603189
vt 0.236682 0.609451
vt 0.248164 0.629132
vt 0.236476 0.627922
vt 0.236493 0.636813
vt 0.270588 0.617427
vt 0.260269 0.614985
vt 0.259345 0.622864
vt 0.154275 0.662181
vt 0.119386 0.661105
vt 0.116844 0.679141
vt 0.158220 0.688725
vt 0.116319 0.695696
vt 0.121610 0.707141
vt 0.222291 0.647662
vt 0.188929 0.659238
vt 0.190115 0.671336
vt 0.287246 0.599573
vt 0.302593 0.590302
vt 0.288369 0.593200
vt 0.299748 0.607249
vt 0.286123 0.605947
vt 0.285000 0.612321
vt 0.327526 0.597696
vt 0.315271 0.597253
vt 0.314497 0.602177
vt 0.291362 0.478343
vt 0.305188 0.472932
vt 0.290864 0.470452
vt 0.292361 0.494578
vt 0.305787 0.487537
vt 0.291861 0.486393
vt 0.319812 0.494776
vt 0.332013 0.489002
vt 0.319711 0.488118
vt 0.130770 0.407450
vt 0.147510 0.400324
vt 0.116340 0.378178
vt 0.163206 0.464252
vt 0.168163 0.447102
vt 0.146716 0.436688
vt 0.197201 0.473099
vt 0.215079 0.465646
vt 0.190327 0.455496
vt 0.232275 0.460178
vt 0.248202 0.457844
vt 0.231728 0.448522
vt 0.234542 0.484935
vt 0.249848 0.478636
vt 0.233224 0.472179
vt 0.265121 0.492020
vt 0.277974 0.484665
vt 0.264435 0.482557
vt 0.292860 0.518113
vt 0.306359 0.503024
vt 0.292816 0.503450
vt 0.292860 0.551070
vt 0.306386 0.534433
vt 0.292860 0.534433
vt 0.319911 0.551070
vt 0.331861 0.534433
vt 0.319911 0.534433
vt 0.291737 0.574080
vt 0.306303 0.566746
vt 0.292761 0.566809
vt 0.289491 0.586827
vt 0.304489 0.579004
vt 0.290614 0.580453
vt 0.317591 0.582479
vt 0.330622 0.576275
vt 0.318365 0.577555
vt 0.185489 0.504853
vt 0.192167 0.491949
vt 0.181551 0.491901
vt 0.188016 0.529782
vt 0.196838 0.520918
vt 0.187463 0.516966
vt 0.211047 0.545052
vt 0.223518 0.533246
vt 0.209790 0.526913
vt 0.170576 0.577261
vt 0.198196 0.552668
vt 0.186661 0.544743
vt 0.163908 0.627255
vt 0.152363 0.606515
vt 0.135150 0.634203
vt 0.192328 0.620211
vt 0.222017 0.596035
vt 0.198236 0.602758
vt 0.237397 0.516362
vt 0.251838 0.501472
vt 0.236113 0.498916
vt 0.238496 0.551821
vt 0.252282 0.534433
vt 0.238429 0.534123
vt 0.265808 0.551070
vt 0.279334 0.534433
vt 0.265808 0.534433
vt 0.237636 0.579879
vt 0.252220 0.567050
vt 0.238067 0.569022
vt 0.236921 0.599820
vt 0.251030 0.585473
vt 0.237245 0.589946
vt 0.263038 0.591346
vt 0.276835 0.581912
vt 0.263961 0.583466
vt 0.231491 0.412243
vt 0.246597 0.412739
vt 0.230431 0.399290
vt 0.231598 0.436836
vt 0.247207 0.436176
vt 0.231802 0.425328
vt 0.262376 0.454793
vt 0.275254 0.450432
vt 0.261691 0.444810
vt 0.125691 0.334664
vt 0.159952 0.342869
vt 0.133818 0.325609
vt 0.115686 0.360910
vt 0.151611 0.371051
vt 0.117226 0.345417
vt 0.179872 0.405405
vt 0.213753 0.414399
vt 0.181078 0.390901
vt 0.289367 0.446134
vt 0.303961 0.443436
vt 0.288926 0.438355
vt 0.290365 0.462557
vt 0.304589 0.458044
vt 0.289866 0.454503
vt 0.319398 0.468369
vt 0.332019 0.465297
vt 0.319213 0.461756
vt 0.304888 0.465554
vt 0.332110 0.471186
vt 0.275933 0.459309
vt 0.274573 0.440988
vt 0.304280 0.450366
vt 0.148894 0.385274
vt 0.213568 0.427898
vt 0.086141 0.338991
vt 0.086859 0.322624
vt 0.089495 0.358985
vt 0.111161 0.311873
vt 0.098593 0.315575
vt 0.155999 0.356078
vt 0.247615 0.447283
vt 0.212865 0.398959
vt 0.246948 0.424156
vt 0.250405 0.594357
vt 0.275586 0.589015
vt 0.221440 0.607432
vt 0.221048 0.618290
vt 0.222750 0.584192
vt 0.251658 0.576585
vt 0.252282 0.551070
vt 0.279334 0.551070
vt 0.224141 0.553062
vt 0.221881 0.513860
vt 0.252236 0.517749
vt 0.175047 0.605219
vt 0.153901 0.648465
vt 0.132362 0.607780
vt 0.109713 0.640333
vt 0.089421 0.671888
vt 0.156531 0.574201
vt 0.175967 0.537210
vt 0.187193 0.580382
vt 0.198194 0.536228
vt 0.178788 0.522716
vt 0.178473 0.512035
vt 0.175936 0.501957
vt 0.170107 0.489476
vt 0.195106 0.506157
vt 0.303541 0.584653
vt 0.330003 0.580559
vt 0.274336 0.596118
vt 0.278084 0.574809
vt 0.305437 0.573355
vt 0.306385 0.551070
vt 0.331861 0.551070
vt 0.279334 0.518054
vt 0.306386 0.517923
vt 0.250847 0.489513
vt 0.278654 0.493435
vt 0.217178 0.479873
vt 0.213693 0.452511
vt 0.248955 0.468189
vt 0.180602 0.470032
vt 0.149211 0.459821
vt 0.127875 0.426499
vt 0.107472 0.392263
vt 0.157229 0.424472
vt 0.306086 0.494889
vt 0.331937 0.495040
vt 0.277294 0.476207
vt 0.305487 0.480239
vt 0.300697 0.601600
vt 0.313814 0.606527
vt 0.298911 0.612239
vt 0.326142 0.601584
vt 0.271837 0.610324
vt 0.284008 0.617951
vt 0.269617 0.623716
vt 0.301645 0.595951
vt 0.155811 0.675203
vt 0.191177 0.682082
vt 0.160316 0.700621
vt 0.221775 0.657659
vt 0.088826 0.723507
vt 0.081249 0.713811
vt 0.098270 0.729343
vt 0.126828 0.716773
vt 0.083421 0.694361
vt 0.248674 0.620583
vt 0.258530 0.629825
vt 0.247736 0.636620
vt 0.222057 0.637276
vt 0.236270 0.645352
vt 0.249218 0.611936
vt 0.328765 0.589128
vt 0.332090 0.483024
vt 0.331861 0.517797
vt 0.331241 0.571990
vt 0.331870 0.459408
vt 0.472193 0.403707
vt 0.480307 0.400203
vt 0.475087 0.390826
vt 0.388166 0.293307
vt 0.395830 0.288226
vt 0.390563 0.284312
vt 0.415740 0.321448
vt 0.426268 0.320253
vt 0.418366 0.311098
vt 0.431842 0.355546
vt 0.447851 0.352411
vt 0.436289 0.336399
vt 0.454426 0.382228
vt 0.467689 0.379859
vt 0.458156 0.366971
vt 0.445774 0.417700
vt 0.460041 0.410040
vt 0.450160 0.400280
vt 0.422567 0.400856
vt 0.439614 0.389248
vt 0.427339 0.378813
vt 0.394476 0.377098
vt 0.414367 0.367361
vt 0.400337 0.352617
vt 0.376202 0.337439
vt 0.385438 0.334315
vt 0.379730 0.326573
vt 0.464749 0.433179
vt 0.475537 0.425948
vt 0.468588 0.418706
vt 0.455616 0.425666
vt 0.451859 0.438430
vt 0.461419 0.444981
vt 0.472222 0.439353
vt 0.364337 0.318908
vt 0.373766 0.318673
vt 0.366255 0.310267
vt 0.361020 0.338759
vt 0.367445 0.338378
vt 0.362595 0.327846
vt 0.364746 0.349967
vt 0.372780 0.347616
vt 0.383006 0.345127
vt 0.392075 0.341459
vt 0.369355 0.388126
vt 0.380466 0.362161
vt 0.382446 0.407691
vt 0.409293 0.392549
vt 0.402422 0.413787
vt 0.418495 0.418393
vt 0.435220 0.408664
vt 0.431326 0.424438
vt 0.442003 0.431701
vt 0.443950 0.369184
vt 0.464239 0.393804
vt 0.422168 0.328710
vt 0.420333 0.344281
vt 0.400890 0.305778
vt 0.410816 0.303365
vt 0.403157 0.295556
vt 0.395486 0.330075
vt 0.405464 0.325906
vt 0.398204 0.317956
vt 0.402881 0.336843
vt 0.411928 0.333014
vt 0.377114 0.284552
vt 0.385556 0.281149
vt 0.380001 0.278113
vt 0.369271 0.301429
vt 0.378760 0.298395
vt 0.373109 0.292654
vt 0.382253 0.315338
vt 0.391070 0.310112
vt 0.384865 0.304114
vt 0.478539 0.412008
vt 0.375817 0.308522
vt 0.388509 0.322258
vt 0.364893 0.295444
vt 0.368973 0.287874
vt 0.361096 0.303152
vt 0.372651 0.281118
vt 0.375901 0.276823
vt 0.382801 0.288964
vt 0.393631 0.298092
vt 0.408400 0.313704
vt 0.358352 0.327840
vt 0.358599 0.318927
vt 0.358128 0.335991
vt 0.359106 0.348401
vt 0.359396 0.310941
vt 0.370841 0.328366
vt 0.470862 0.401877
vt 0.478959 0.398359
vt 0.473681 0.389020
vt 0.386575 0.291876
vt 0.394213 0.286813
vt 0.388925 0.282910
vt 0.414327 0.319975
vt 0.424815 0.318635
vt 0.416915 0.309702
vt 0.430334 0.353545
vt 0.446249 0.350361
vt 0.434770 0.334555
vt 0.452913 0.380201
vt 0.466172 0.377982
vt 0.456552 0.364921
vt 0.444509 0.415766
vt 0.458739 0.408203
vt 0.448748 0.398246
vt 0.421188 0.398662
vt 0.438139 0.387070
vt 0.425869 0.376616
vt 0.393134 0.375235
vt 0.412969 0.365470
vt 0.398998 0.351002
vt 0.374841 0.335864
vt 0.384062 0.332750
vt 0.378314 0.325033
vt 0.463650 0.431334
vt 0.474377 0.424066
vt 0.467365 0.416856
vt 0.454452 0.423837
vt 0.450777 0.436562
vt 0.460399 0.443092
vt 0.471185 0.437483
vt 0.362880 0.317394
vt 0.372308 0.317159
vt 0.364753 0.308781
vt 0.359675 0.337180
vt 0.366089 0.336800
vt 0.361184 0.326303
vt 0.363415 0.348376
vt 0.371425 0.346008
vt 0.381655 0.343546
vt 0.390692 0.339874
vt 0.367989 0.386095
vt 0.379095 0.360372
vt 0.381155 0.405628
vt 0.407931 0.390434
vt 0.401145 0.411615
vt 0.417201 0.416163
vt 0.433882 0.406559
vt 0.430063 0.422317
vt 0.440847 0.429787
vt 0.442410 0.367090
vt 0.462820 0.391958
vt 0.420748 0.327063
vt 0.418884 0.342485
vt 0.399371 0.304341
vt 0.409300 0.301977
vt 0.401581 0.294145
vt 0.394093 0.328527
vt 0.404054 0.324404
vt 0.396744 0.316461
vt 0.401528 0.335290
vt 0.410553 0.331474
vt 0.375477 0.283150
vt 0.383902 0.279758
vt 0.378331 0.276731
vt 0.367723 0.299971
vt 0.377195 0.296947
vt 0.371515 0.291224
vt 0.380778 0.313835
vt 0.389567 0.308627
vt 0.383330 0.302647
vt 0.477269 0.410141
vt 0.374306 0.307041
vt 0.387070 0.320732
vt 0.363314 0.294006
vt 0.367354 0.286460
vt 0.359557 0.301689
vt 0.370996 0.279727
vt 0.374224 0.275446
vt 0.381188 0.287547
vt 0.392065 0.296653
vt 0.406940 0.312276
vt 0.356937 0.326297
vt 0.357143 0.317413
vt 0.356791 0.334420
vt 0.357750 0.346792
vt 0.357898 0.309452
vt 0.369433 0.326820
vt 0.603914 0.350469
vt 0.612168 0.350029
vt 0.609111 0.339905
vt 0.537441 0.220640
vt 0.545639 0.217936
vt 0.540879 0.212475
vt 0.561841 0.258155
vt 0.573327 0.261904
vt 0.565975 0.249570
vt 0.573751 0.295509
vt 0.590424 0.297524
vt 0.581501 0.280191
vt 0.591161 0.324860
vt 0.604278 0.327292
vt 0.597749 0.312918
vt 0.575751 0.353893
vt 0.591062 0.351783
vt 0.583385 0.339274
vt 0.556022 0.332705
vt 0.575136 0.326429
vt 0.564723 0.313838
vt 0.531796 0.303281
vt 0.553848 0.300571
vt 0.542047 0.282699
vt 0.520347 0.260621
vt 0.529804 0.260182
vt 0.525139 0.250944
vt 0.591479 0.375754
vt 0.602944 0.372127
vt 0.597668 0.363083
vt 0.583943 0.365237
vt 0.578062 0.376652
vt 0.586298 0.386327
vt 0.597569 0.384050
vt 0.510936 0.239020
vt 0.520236 0.241475
vt 0.513875 0.231069
vt 0.504794 0.257593
vt 0.511441 0.259048
vt 0.508009 0.247313
vt 0.506702 0.269607
vt 0.515367 0.269580
vt 0.525954 0.270076
vt 0.535288 0.269061
vt 0.503239 0.304990
vt 0.520492 0.285073
vt 0.513124 0.325224
vt 0.544199 0.322174
vt 0.532780 0.338056
vt 0.548424 0.347237
vt 0.567029 0.342517
vt 0.560311 0.356303
vt 0.569477 0.366399
vt 0.583436 0.310662
vt 0.598273 0.338447
vt 0.567796 0.267972
vt 0.563631 0.281667
vt 0.548535 0.236803
vt 0.558948 0.238436
vt 0.552064 0.227630
vt 0.540196 0.258898
vt 0.550655 0.258061
vt 0.544337 0.247784
vt 0.546782 0.267951
vt 0.556493 0.267739
vt 0.527642 0.208875
vt 0.536343 0.207935
vt 0.531255 0.203366
vt 0.517904 0.223237
vt 0.527587 0.222957
vt 0.522732 0.215701
vt 0.528972 0.240614
vt 0.538265 0.237997
vt 0.532891 0.230321
vt 0.608294 0.360136
vt 0.523476 0.232077
vt 0.534280 0.249201
vt 0.514328 0.216104
vt 0.519248 0.209822
vt 0.509669 0.222602
vt 0.523674 0.204227
vt 0.527384 0.200929
vt 0.532694 0.214835
vt 0.542241 0.226934
vt 0.555107 0.247312
vt 0.503700 0.246096
vt 0.505221 0.237404
vt 0.502219 0.254042
vt 0.501088 0.266470
vt 0.507052 0.229777
vt 0.516185 0.250173
vt 0.602478 0.348760
vt 0.610753 0.348375
vt 0.607617 0.338221
vt 0.535461 0.219442
vt 0.543626 0.216714
vt 0.538859 0.211307
vt 0.559948 0.256637
vt 0.571421 0.260327
vt 0.564047 0.248104
vt 0.571991 0.293790
vt 0.588651 0.295789
vt 0.579661 0.278524
vt 0.589542 0.323087
vt 0.602693 0.325578
vt 0.596064 0.311167
vt 0.574299 0.352048
vt 0.589610 0.349999
vt 0.581851 0.337468
vt 0.554458 0.330879
vt 0.573533 0.324629
vt 0.563072 0.312081
vt 0.530157 0.301722
vt 0.552162 0.298902
vt 0.540327 0.281187
vt 0.518560 0.259299
vt 0.528035 0.258862
vt 0.523321 0.249653
vt 0.590187 0.373978
vt 0.601655 0.370416
vt 0.596303 0.361338
vt 0.582568 0.363416
vt 0.576753 0.374810
vt 0.585072 0.384537
vt 0.596352 0.382315
vt 0.509041 0.237768
vt 0.518368 0.240216
vt 0.511953 0.229843
vt 0.502935 0.256281
vt 0.509614 0.257732
vt 0.506131 0.246035
vt 0.504890 0.268256
vt 0.513589 0.268231
vt 0.524222 0.268723
vt 0.533559 0.267703
vt 0.501560 0.303431
vt 0.518791 0.283674
vt 0.511528 0.323533
vt 0.542629 0.320462
vt 0.531258 0.336234
vt 0.546945 0.345392
vt 0.565512 0.340672
vt 0.558890 0.354426
vt 0.568095 0.364527
vt 0.581739 0.308896
vt 0.596744 0.336698
vt 0.565920 0.266368
vt 0.561837 0.280041
vt 0.546625 0.235528
vt 0.557012 0.237097
vt 0.550085 0.226345
vt 0.538410 0.257564
vt 0.548806 0.256624
vt 0.542484 0.246470
vt 0.544997 0.266504
vt 0.554652 0.266194
vt 0.525605 0.207722
vt 0.534301 0.206785
vt 0.529188 0.202231
vt 0.515942 0.222037
vt 0.525623 0.221758
vt 0.520729 0.214526
vt 0.527100 0.239358
vt 0.536375 0.236740
vt 0.530966 0.229097
vt 0.606937 0.358454
vt 0.521559 0.230849
vt 0.532453 0.247917
vt 0.512328 0.214927
vt 0.517215 0.208666
vt 0.507703 0.221404
vt 0.521612 0.203089
vt 0.525305 0.199802
vt 0.530688 0.213662
vt 0.540282 0.225693
vt 0.553202 0.245911
vt 0.501814 0.244822
vt 0.503320 0.236157
vt 0.500347 0.252742
vt 0.499262 0.265129
vt 0.505127 0.228556
vt 0.514343 0.248886
vt 0.353469 0.746829
vt 0.255222 0.814812
vt 0.351213 0.746368
vt 0.248258 0.812471
vt 0.621382 0.695455
vt 0.328146 0.593412
vt 0.468939 0.449167
vt 0.361783 0.365245
vt 0.467971 0.447264
vt 0.360402 0.363421
vt 0.592851 0.392679
vt 0.500334 0.282858
vt 0.591683 0.390923
vt 0.498599 0.281464
s 0
f 55/1/1 4/2/1 27/3/1
f 93/4/2 12/5/2 66/6/2
f 92/7/3 11/8/3 68/9/3
f 52/10/4 10/11/4 29/12/4
f 51/13/4 9/14/4 28/15/4
f 50/16/5 18/17/5 41/18/5
f 49/19/4 17/20/4 42/21/4
f 48/22/4 16/23/4 43/24/4
f 91/25/6 15/26/6 71/27/6
f 46/28/4 14/29/4 45/30/4
f 40/31/7 45/30/7 18/17/7
f 8/32/6 46/28/6 40/31/6
f 20/33/1 36/34/1 46/28/1
f 90/35/7 44/36/7 64/37/7
f 89/38/4 47/39/4 74/40/4
f 73/41/4 75/42/4 47/39/4
f 62/43/6 63/44/6 15/26/6
f 5/45/4 48/22/4 37/46/4
f 6/47/4 48/22/4 24/48/4
f 38/49/1 42/21/1 16/23/1
f 25/50/4 38/49/4 6/47/4
f 7/51/4 49/19/4 25/50/4
f 39/52/4 41/18/4 17/20/4
f 7/51/4 50/16/4 39/52/4
f 26/53/4 40/31/4 50/16/4
f 33/54/4 28/15/4 10/11/4
f 17/20/6 51/13/6 33/54/6
f 41/18/3 34/55/3 51/13/3
f 52/10/4 11/8/4 60/56/4
f 16/23/4 52/10/4 32/57/4
f 42/21/4 33/54/4 52/10/4
f 88/58/5 30/59/5 58/60/5
f 87/61/3 53/62/3 78/63/3
f 77/64/8 79/65/8 53/62/8
f 86/66/1 22/67/1 57/68/1
f 85/69/4 54/70/4 82/71/4
f 84/72/7 31/73/7 83/74/7
f 34/55/4 27/3/4 9/14/4
f 18/17/4 55/1/4 34/55/4
f 45/30/4 21/75/4 55/1/4
f 81/76/1 83/74/1 54/70/1
f 44/36/6 84/72/6 81/76/6
f 71/27/1 69/77/1 84/72/1
f 61/78/7 82/71/7 35/79/7
f 13/80/1 85/69/1 61/78/1
f 64/37/9 81/76/9 85/69/9
f 86/66/10 3/81/10 70/82/10
f 35/79/11 86/66/11 70/82/11
f 82/71/7 80/83/7 86/66/7
f 16/23/4 79/65/4 77/64/4
f 69/77/6 78/63/6 31/73/6
f 15/26/7 87/61/7 69/77/7
f 63/44/1 77/64/1 87/61/1
f 59/84/6 58/60/6 12/5/6
f 31/73/12 88/58/12 59/84/12
f 78/63/4 76/85/4 88/58/4
f 48/22/4 63/44/4 62/43/4
f 5/45/4 75/42/4 73/41/4
f 56/86/1 74/40/1 19/87/1
f 1/88/13 89/38/13 56/86/13
f 67/89/4 73/41/4 89/38/4
f 65/90/3 64/37/3 13/80/3
f 19/87/3 90/35/3 65/90/3
f 74/40/14 72/91/14 90/35/14
f 72/91/7 71/27/7 44/36/7
f 47/39/2 91/25/2 72/91/2
f 75/42/7 62/43/7 91/25/7
f 76/85/4 68/9/4 30/59/4
f 53/62/4 92/7/4 76/85/4
f 79/65/4 60/56/4 92/7/4
f 80/83/7 66/6/7 22/67/7
f 54/70/12 93/4/12 80/83/12
f 83/74/15 59/84/15 93/4/15
f 148/92/16 97/93/16 120/94/16
f 186/95/16 105/96/16 159/97/16
f 185/98/17 104/99/17 161/100/17
f 145/101/17 103/102/17 122/103/17
f 144/104/17 102/105/17 121/106/17
f 143/107/16 111/108/16 134/109/16
f 142/110/18 110/111/18 135/112/18
f 141/113/16 109/114/16 136/115/16
f 184/116/16 108/117/16 164/118/16
f 139/119/16 107/120/16 138/121/16
f 133/122/16 138/121/16 111/108/16
f 101/123/16 139/119/16 133/122/16
f 113/124/16 129/125/16 139/119/16
f 183/126/19 137/127/19 157/128/19
f 182/129/16 140/130/16 167/131/16
f 166/132/18 168/133/18 140/130/18
f 155/134/20 156/135/20 108/117/20
f 98/136/17 141/113/17 130/137/17
f 117/138/16 131/139/16 141/113/16
f 131/139/16 135/112/16 109/114/16
f 118/140/17 131/139/17 99/141/17
f 118/140/16 132/142/16 142/110/16
f 132/142/16 134/109/16 110/111/16
f 100/143/16 143/107/16 132/142/16
f 119/144/17 133/122/17 143/107/17
f 126/145/16 121/106/16 103/102/16
f 110/111/16 144/104/16 126/145/16
f 134/109/16 127/146/16 144/104/16
f 145/101/17 104/99/17 153/147/17
f 109/114/18 145/101/18 125/148/18
f 135/112/16 126/145/16 145/101/16
f 181/149/21 123/150/21 151/151/21
f 180/152/17 146/153/17 171/154/17
f 170/155/16 172/156/16 146/153/16
f 179/157/22 115/158/22 150/159/22
f 178/160/18 147/161/18 175/162/18
f 177/163/16 124/164/16 176/165/16
f 127/146/18 120/94/18 102/105/18
f 111/108/16 148/92/16 127/146/16
f 138/121/18 114/166/18 148/92/18
f 174/167/19 176/165/19 147/161/19
f 137/127/20 177/163/20 174/167/20
f 164/118/23 162/168/23 177/163/23
f 154/169/17 175/162/17 128/170/17
f 106/171/16 178/160/16 154/169/16
f 157/128/17 174/167/17 178/160/17
f 179/157/17 96/172/17 163/173/17
f 128/170/21 179/157/21 163/173/21
f 175/162/24 173/174/24 179/157/24
f 109/114/16 172/156/16 170/155/16
f 162/168/17 171/154/17 124/164/17
f 108/117/25 180/152/25 162/168/25
f 156/135/16 170/155/16 180/152/16
f 152/175/16 151/151/16 105/96/16
f 124/164/24 181/149/24 152/175/24
f 171/154/19 169/176/19 181/149/19
f 141/113/16 156/135/16 155/134/16
f 98/136/16 168/133/16 166/132/16
f 149/177/26 167/131/26 112/178/26
f 94/179/23 182/129/23 149/177/23
f 160/180/24 166/132/24 182/129/24
f 158/181/27 157/128/27 106/171/27
f 112/178/28 183/126/28 158/181/28
f 167/131/17 165/182/17 183/126/17
f 165/182/17 164/118/17 137/127/17
f 140/130/16 184/116/16 165/182/16
f 168/133/16 155/134/16 184/116/16
f 169/176/16 161/100/16 123/150/16
f 146/153/17 185/98/17 169/176/17
f 172/156/16 153/147/16 185/98/16
f 173/174/17 159/97/17 115/158/17
f 147/161/27 186/95/27 173/174/27
f 176/165/16 152/175/16 186/95/16
s 1
f 187/183/29 197/184/30 196/185/31
f 214/186/32 204/183/33 213/185/34
f 196/185/31 204/183/33 187/183/29
f 187/183/29 212/187/35 195/187/36
f 227/188/37 228/189/38 229/190/39
f 284/189/40 285/191/41 286/192/42
f 253/193/43 224/194/44 252/195/45
f 225/196/46 254/197/47 255/198/48
f 230/199/49 256/200/50 257/201/51
f 232/202/52 258/203/53 259/204/54
f 234/205/55 260/206/56 261/207/57
f 263/208/58 237/209/59 262/210/60
f 238/211/61 264/212/62 265/213/63
f 240/214/64 266/215/65 267/216/66
f 269/217/67 243/218/68 268/219/69
f 271/220/70 245/221/71 270/222/72
f 221/223/73 272/224/74 273/225/75
f 249/226/76 274/227/77 275/228/78
f 277/229/79 250/230/80 276/231/81
f 236/232/82 252/195/45 237/209/59
f 244/233/83 254/197/47 245/221/71
f 257/201/51 222/234/84 221/223/73
f 259/204/54 231/235/85 230/199/49
f 261/207/57 233/236/86 232/202/52
f 234/205/55 262/210/60 235/237/87
f 265/213/63 228/189/38 227/188/37
f 267/216/66 239/238/88 238/211/61
f 269/217/67 241/239/89 240/214/64
f 242/240/90 270/222/72 243/218/68
f 273/225/75 247/241/91 246/242/92
f 275/228/78 226/243/93 225/196/46
f 277/229/79 224/194/44 223/244/94
f 280/194/95 309/245/96 310/195/97
f 312/197/98 283/246/99 311/247/100
f 314/200/101 288/248/102 313/249/103
f 316/203/104 290/250/105 315/251/106
f 318/206/107 292/252/108 317/253/109
f 293/209/110 319/254/111 320/210/112
f 322/212/113 296/255/114 321/256/115
f 324/215/116 298/257/117 323/258/118
f 326/219/119 300/259/120 325/260/121
f 301/221/122 327/261/123 328/222/124
f 330/224/125 279/262/126 329/263/127
f 332/227/128 305/226/129 331/264/130
f 308/265/131 333/266/132 334/231/133
f 310/195/97 294/267/134 293/209/110
f 312/197/98 302/268/135 301/221/122
f 278/234/136 313/249/103 279/262/126
f 287/235/137 315/251/106 288/248/102
f 289/236/138 317/253/109 290/250/105
f 320/210/112 292/252/108 291/237/139
f 284/189/40 321/256/115 285/191/41
f 295/238/140 323/258/118 296/255/114
f 297/239/141 325/260/121 298/257/117
f 299/218/142 327/261/123 300/259/120
f 303/241/143 329/263/127 304/269/144
f 282/243/145 331/264/130 283/246/99
f 280/194/95 333/266/132 281/270/146
f 221/223/73 202/271/147 257/201/51
f 273/225/75 188/272/148 221/223/73
f 256/200/50 278/234/136 222/234/84
f 222/234/84 330/224/125 272/224/74
f 224/194/44 310/195/97 252/195/45
f 203/273/149 223/244/94 253/193/43
f 197/184/30 223/244/94 189/274/150
f 276/231/81 280/194/95 224/194/44
f 254/197/47 282/243/145 312/197/98
f 188/272/148 255/198/48 202/271/147
f 198/275/151 225/196/46 188/272/148
f 226/243/93 332/227/128 282/243/145
f 229/190/39 197/184/30 189/274/150
f 228/189/38 322/212/113 284/189/40
f 229/190/39 284/189/40 286/192/42
f 203/273/149 227/188/37 189/274/150
f 231/235/85 314/200/101 256/200/50
f 257/201/51 190/276/152 230/199/49
f 258/203/53 287/235/137 231/235/85
f 230/199/49 201/277/153 259/204/54
f 233/236/86 316/203/104 258/203/53
f 259/204/54 191/278/154 232/202/52
f 260/206/56 289/236/138 233/236/86
f 232/202/52 200/279/155 261/207/57
f 235/237/87 318/206/107 260/206/56
f 261/207/57 192/280/156 234/205/55
f 262/210/60 291/237/139 235/237/87
f 234/205/55 199/281/157 263/208/58
f 237/209/59 320/210/112 262/210/60
f 199/281/157 236/232/82 263/208/58
f 252/195/45 293/209/110 237/209/59
f 193/282/158 253/193/43 236/232/82
f 264/212/62 295/238/140 322/212/113
f 193/282/158 265/213/63 203/273/149
f 199/281/157 238/211/61 193/282/158
f 239/238/88 324/215/116 295/238/140
f 266/215/65 297/239/141 324/215/116
f 192/280/156 267/216/66 199/281/157
f 200/279/155 240/214/64 192/280/156
f 241/239/89 326/219/119 297/239/141
f 268/219/69 299/218/142 326/219/119
f 191/278/154 269/217/67 200/279/155
f 201/277/153 242/240/90 191/278/154
f 243/218/68 328/222/124 299/218/142
f 270/222/72 301/221/122 328/222/124
f 190/276/152 271/220/70 201/277/153
f 255/198/48 190/276/152 202/271/147
f 245/221/71 312/197/98 301/221/122
f 246/242/92 303/241/143 304/269/144
f 246/242/92 198/275/151 273/225/75
f 272/224/74 303/241/143 247/241/91
f 274/227/77 306/283/159 332/227/128
f 194/284/160 275/228/78 198/275/151
f 249/226/76 211/284/161 306/283/159
f 250/230/80 334/231/133 276/231/81
f 197/184/30 251/285/162 277/229/79
f 251/285/162 212/187/35 308/265/131
f 279/262/126 219/286/163 205/287/164
f 205/287/164 329/263/127 279/262/126
f 281/270/146 220/288/165 309/245/96
f 281/270/146 214/186/32 206/289/166
f 205/287/164 311/247/100 283/246/99
f 283/246/99 215/290/167 205/287/164
f 285/191/41 214/186/32 213/185/34
f 220/288/165 285/191/41 321/256/115
f 288/248/102 218/291/168 207/292/169
f 313/249/103 207/292/169 219/286/163
f 290/250/105 217/293/170 208/294/171
f 315/251/106 208/294/171 218/291/168
f 292/252/108 216/295/172 209/296/173
f 317/253/109 209/296/173 217/293/170
f 309/245/96 210/297/174 294/267/134
f 294/267/134 216/295/172 319/254/111
f 210/297/174 321/256/115 296/255/114
f 216/295/172 296/255/114 323/258/118
f 209/296/173 323/258/118 298/257/117
f 217/293/170 298/257/117 325/260/121
f 208/294/171 325/260/121 300/259/120
f 218/291/168 300/259/120 327/261/123
f 207/292/169 327/261/123 302/268/135
f 207/292/169 311/247/100 219/286/163
f 215/290/167 304/269/144 329/263/127
f 331/264/130 211/284/161 215/290/167
f 214/186/32 307/285/175 212/187/35
f 379/298/176 338/299/176 356/300/176
f 384/301/176 342/302/176 381/303/176
f 377/304/176 341/305/176 357/306/176
f 376/307/176 346/308/176 364/309/176
f 383/310/176 345/311/176 382/312/176
f 361/313/176 366/314/176 374/315/176
f 373/316/176 349/317/176 365/318/176
f 371/319/176 353/320/176 372/321/176
f 372/321/176 337/322/176 360/323/176
f 343/324/176 372/321/176 360/323/176
f 365/318/176 371/319/176 372/321/176
f 350/325/176 365/318/176 343/324/176
f 335/326/176 373/316/176 350/325/176
f 368/327/176 370/328/176 373/316/176
f 374/315/176 346/308/176 363/329/176
f 351/330/176 363/329/176 340/331/176
f 336/332/176 374/315/176 351/330/176
f 370/328/176 369/333/176 349/317/176
f 348/334/176 375/335/176 370/328/176
f 380/336/176 362/337/176 383/310/176
f 388/338/176 364/309/176 386/339/176
f 355/340/176 388/338/176 387/341/176
f 340/331/176 376/307/176 355/340/176
f 389/342/176 357/306/176 385/343/176
f 386/339/176 377/304/176 389/342/176
f 364/309/176 359/344/176 377/304/176
f 371/319/176 367/345/176 347/346/176
f 349/317/176 378/347/176 371/319/176
f 382/312/176 358/348/176 384/301/176
f 359/344/176 356/300/176 341/305/176
f 346/308/176 379/298/176 359/344/176
f 344/349/176 379/298/176 366/314/176
f 369/333/176 384/301/176 378/347/176
f 354/350/176 383/310/176 375/335/176
f 375/335/176 382/312/176 369/333/176
f 378/347/176 381/303/176 367/345/176
f 345/311/176 389/342/176 358/348/176
f 358/348/176 385/343/176 342/302/176
f 339/351/176 388/338/176 362/337/176
f 362/337/176 386/339/176 345/311/176
s 0
f 662/352/176 393/353/176 511/354/176
f 661/355/176 397/356/176 508/357/176
f 660/358/176 396/359/176 512/360/176
f 659/361/176 404/362/176 523/363/176
f 658/364/176 405/365/176 524/366/176
f 657/367/176 402/368/176 525/369/176
f 656/370/176 403/371/176 526/372/176
f 655/373/176 400/374/176 527/375/176
f 654/376/176 401/377/176 528/378/176
f 653/379/176 408/380/176 533/381/176
f 652/382/176 407/383/176 534/384/176
f 651/385/176 406/386/176 535/387/176
f 650/388/176 411/389/176 540/390/176
f 500/391/176 541/392/176 649/393/176
f 501/394/176 542/395/176 648/396/176
f 647/397/176 451/398/176 504/399/176
f 544/400/176 545/401/176 646/402/176
f 539/403/176 546/404/176 645/405/176
f 547/406/176 503/407/176 644/408/176
f 548/409/176 549/410/176 643/411/176
f 538/412/176 550/413/176 642/414/176
f 641/415/176 449/416/176 502/417/176
f 552/418/176 553/419/176 640/420/176
f 537/421/176 554/422/176 639/423/176
f 638/424/176 444/425/176 497/426/176
f 637/427/176 455/428/176 557/429/176
f 636/430/176 438/431/176 558/432/176
f 635/433/176 443/434/176 496/435/176
f 634/436/176 456/437/176 561/438/176
f 633/439/176 439/440/176 562/441/176
f 632/442/176 442/443/176 495/444/176
f 631/445/176 457/446/176 565/447/176
f 630/448/176 440/449/176 566/450/176
f 629/451/176 437/452/176 490/453/176
f 628/454/176 458/455/176 569/456/176
f 627/457/176 427/458/176 570/459/176
f 626/460/176 436/461/176 489/462/176
f 625/463/176 459/464/176 573/465/176
f 624/466/176 426/467/176 574/468/176
f 623/469/176 435/470/176 488/471/176
f 622/472/176 460/473/176 577/474/176
f 621/475/176 429/476/176 578/477/176
f 620/478/176 434/479/176 487/480/176
f 580/481/176 581/482/176 619/483/176
f 618/484/176 428/485/176 582/486/176
f 617/487/176 433/488/176 486/489/176
f 616/490/176 462/491/176 585/492/176
f 615/493/176 431/494/176 586/495/176
f 614/496/176 432/497/176 485/498/176
f 613/499/176 463/500/176 589/501/176
f 612/502/176 430/503/176 590/504/176
f 611/505/176 421/506/176 474/507/176
f 610/508/176 464/509/176 593/510/176
f 609/511/176 423/512/176 594/513/176
f 608/514/176 417/515/176 470/516/176
f 607/517/176 465/518/176 597/519/176
f 606/520/176 422/521/176 598/522/176
f 605/523/176 420/524/176 473/525/176
f 604/526/176 466/527/176 601/528/176
f 603/529/176 416/530/176 602/531/176
f 600/532/176 602/531/176 466/527/176
f 444/425/176 603/529/176 600/532/176
f 535/387/176 507/533/176 603/529/176
f 514/534/176 601/528/176 423/512/176
f 408/380/176 604/526/176 514/534/176
f 497/426/176 600/532/176 604/526/176
f 476/535/176 473/525/176 396/359/176
f 423/512/176 605/523/176 476/535/176
f 601/528/176 599/536/176 605/523/176
f 596/537/176 598/522/176 465/518/176
f 443/434/176 606/520/176 596/537/176
f 534/384/176 513/538/176 606/520/176
f 494/539/176 597/519/176 441/540/176
f 409/541/176 607/517/176 494/539/176
f 496/435/176 596/537/176 607/517/176
f 608/514/176 392/542/176 532/543/176
f 441/540/176 608/514/176 532/543/176
f 597/519/176 595/544/176 608/514/176
f 592/545/176 594/513/176 464/509/176
f 442/443/176 609/511/176 592/545/176
f 533/381/176 514/534/176 609/511/176
f 513/538/176 593/510/176 422/521/176
f 407/383/176 610/508/176 513/538/176
f 495/444/176 592/545/176 610/508/176
f 475/546/176 474/507/176 397/356/176
f 422/521/176 611/505/176 475/546/176
f 593/510/176 591/547/176 611/505/176
f 588/548/176 590/504/176 463/500/176
f 451/398/176 612/502/176 588/548/176
f 542/395/176 521/549/176 612/502/176
f 519/550/176 589/501/176 428/485/176
f 412/551/176 613/499/176 519/550/176
f 504/399/176 588/548/176 613/499/176
f 481/552/176 485/498/176 402/368/176
f 428/485/176 614/496/176 481/552/176
f 589/501/176 587/553/176 614/496/176
f 584/554/176 586/495/176 462/491/176
f 432/497/176 615/493/176 584/554/176
f 523/363/176 522/555/176 615/493/176
f 520/556/176 585/492/176 429/476/176
f 402/368/176 616/490/176 520/556/176
f 485/498/176 584/554/176 616/490/176
f 482/557/176 486/489/176 403/371/176
f 429/476/176 617/487/176 482/557/176
f 585/492/176 583/558/176 617/487/176
f 618/484/176 461/559/176 580/481/176
f 541/392/176 580/481/176 450/560/176
f 412/551/176 618/484/176 541/392/176
f 619/483/176 445/561/176 498/562/176
f 503/407/176 498/562/176 410/563/176
f 450/560/176 619/483/176 503/407/176
f 536/564/176 487/480/176 399/565/176
f 581/482/176 536/564/176 445/561/176
f 581/482/176 579/566/176 620/478/176
f 576/567/176 578/477/176 460/473/176
f 434/479/176 621/475/176 576/567/176
f 525/369/176 520/556/176 621/475/176
f 478/568/176 577/474/176 425/569/176
f 399/565/176 622/472/176 478/568/176
f 487/480/176 576/567/176 622/472/176
f 516/570/176 488/471/176 398/571/176
f 425/569/176 623/469/176 516/570/176
f 577/474/176 575/572/176 623/469/176
f 572/573/176 574/468/176 459/464/176
f 449/416/176 624/466/176 572/573/176
f 540/390/176 517/574/176 624/466/176
f 521/549/176 573/465/176 430/503/176
f 413/575/176 625/463/176 521/549/176
f 502/417/176 572/573/176 625/463/176
f 483/576/176 489/462/176 404/362/176
f 430/503/176 626/460/176 483/576/176
f 573/465/176 571/577/176 626/460/176
f 568/578/176 570/459/176 458/455/176
f 436/461/176 627/457/176 568/578/176
f 527/375/176 518/579/176 627/457/176
f 522/555/176 569/456/176 431/494/176
f 404/362/176 628/454/176 522/555/176
f 489/462/176 568/578/176 628/454/176
f 484/580/176 490/453/176 405/365/176
f 431/494/176 629/451/176 484/580/176
f 569/456/176 567/581/176 629/451/176
f 564/582/176 566/450/176 457/446/176
f 433/488/176 630/448/176 564/582/176
f 524/366/176 531/583/176 630/448/176
f 530/584/176 565/447/176 439/440/176
f 403/371/176 631/445/176 530/584/176
f 486/489/176 564/582/176 631/445/176
f 492/585/176 495/444/176 407/383/176
f 439/440/176 632/442/176 492/585/176
f 565/447/176 563/586/176 632/442/176
f 560/587/176 562/441/176 456/437/176
f 435/470/176 633/439/176 560/587/176
f 526/372/176 530/584/176 633/439/176
f 477/588/176 561/438/176 424/589/176
f 398/571/176 634/436/176 477/588/176
f 488/471/176 560/587/176 634/436/176
f 515/590/176 496/435/176 409/541/176
f 424/589/176 635/433/176 515/590/176
f 561/438/176 559/591/176 635/433/176
f 556/592/176 558/432/176 455/428/176
f 437/452/176 636/430/176 556/592/176
f 528/378/176 529/593/176 636/430/176
f 531/583/176 557/429/176 440/449/176
f 405/365/176 637/427/176 531/583/176
f 490/453/176 556/592/176 637/427/176
f 493/594/176 497/426/176 408/380/176
f 440/449/176 638/424/176 493/594/176
f 557/429/176 555/595/176 638/424/176
f 639/423/176 454/596/176 552/418/176
f 468/597/176 552/418/176 415/598/176
f 391/599/176 639/423/176 468/597/176
f 640/420/176 448/600/176 539/403/176
f 506/601/176 539/403/176 395/602/176
f 415/598/176 640/420/176 506/601/176
f 501/394/176 502/417/176 413/575/176
f 553/419/176 501/394/176 448/600/176
f 553/419/176 551/603/176 641/415/176
f 642/414/176 453/604/176 548/409/176
f 471/605/176 548/409/176 418/606/176
f 394/607/176 642/414/176 471/605/176
f 467/608/176 549/410/176 414/609/176
f 390/610/176 643/411/176 467/608/176
f 418/606/176 643/411/176 509/611/176
f 644/408/176 410/563/176 505/612/176
f 549/410/176 505/612/176 414/609/176
f 453/604/176 644/408/176 549/410/176
f 645/405/176 452/613/176 544/400/176
f 472/614/176 544/400/176 419/615/176
f 395/602/176 645/405/176 472/614/176
f 646/402/176 447/616/176 538/412/176
f 510/617/176 538/412/176 394/607/176
f 419/615/176 646/402/176 510/617/176
f 500/391/176 504/399/176 412/551/176
f 545/401/176 500/391/176 447/616/176
f 452/613/176 647/397/176 545/401/176
f 543/618/176 542/395/176 451/398/176
f 546/404/176 543/618/176 452/613/176
f 448/600/176 648/396/176 546/404/176
f 649/393/176 450/560/176 547/406/176
f 550/413/176 547/406/176 453/604/176
f 447/616/176 649/393/176 550/413/176
f 551/603/176 540/390/176 449/416/176
f 454/596/176 650/388/176 551/603/176
f 554/422/176 499/619/176 650/388/176
f 555/595/176 535/387/176 444/425/176
f 455/428/176 651/385/176 555/595/176
f 558/432/176 491/620/176 651/385/176
f 559/591/176 534/384/176 443/434/176
f 456/437/176 652/382/176 559/591/176
f 562/441/176 492/585/176 652/382/176
f 563/586/176 533/381/176 442/443/176
f 457/446/176 653/379/176 563/586/176
f 566/450/176 493/594/176 653/379/176
f 567/581/176 528/378/176 437/452/176
f 458/455/176 654/376/176 567/581/176
f 570/459/176 480/621/176 654/376/176
f 571/577/176 527/375/176 436/461/176
f 459/464/176 655/373/176 571/577/176
f 574/468/176 479/622/176 655/373/176
f 575/572/176 526/372/176 435/470/176
f 460/473/176 656/370/176 575/572/176
f 578/477/176 482/557/176 656/370/176
f 579/566/176 525/369/176 434/479/176
f 461/559/176 657/367/176 579/566/176
f 582/486/176 481/552/176 657/367/176
f 583/558/176 524/366/176 433/488/176
f 462/491/176 658/364/176 583/558/176
f 586/495/176 484/580/176 658/364/176
f 587/553/176 523/363/176 432/497/176
f 463/500/176 659/361/176 587/553/176
f 590/504/176 483/576/176 659/361/176
f 591/547/176 512/360/176 421/506/176
f 464/509/176 660/358/176 591/547/176
f 594/513/176 476/535/176 660/358/176
f 595/544/176 508/357/176 417/515/176
f 465/518/176 661/355/176 595/544/176
f 598/522/176 475/546/176 661/355/176
f 599/536/176 511/354/176 420/524/176
f 466/527/176 662/352/176 599/536/176
f 602/531/176 469/623/176 662/352/176
f 717/624/177 666/625/177 689/626/177
f 755/627/178 674/628/178 728/629/178
f 754/630/178 673/631/178 730/632/178
f 714/633/177 672/634/177 691/635/177
f 713/636/179 671/637/179 690/638/179
f 712/639/177 680/640/177 703/641/177
f 711/642/177 679/643/177 704/644/177
f 710/645/177 678/646/177 705/647/177
f 753/648/179 677/649/179 733/650/179
f 708/651/177 676/652/177 707/653/177
f 702/654/177 707/653/177 680/640/177
f 670/655/177 708/651/177 702/654/177
f 682/656/180 698/657/180 708/651/180
f 752/658/177 706/659/177 726/660/177
f 751/661/181 709/662/181 736/663/181
f 735/664/177 737/665/177 709/662/177
f 724/666/178 725/667/178 677/649/178
f 667/668/177 710/645/177 699/669/177
f 686/670/177 700/671/177 710/645/177
f 700/671/177 704/644/177 678/646/177
f 668/672/177 711/642/177 700/671/177
f 687/673/177 701/674/177 711/642/177
f 701/674/177 703/641/177 679/643/177
f 669/675/177 712/639/177 701/674/177
f 688/676/178 702/654/178 712/639/178
f 695/677/177 690/638/177 672/634/177
f 679/643/177 713/636/177 695/677/177
f 703/641/177 696/678/177 713/636/177
f 714/633/181 673/631/181 722/679/181
f 678/646/177 714/633/177 694/680/177
f 704/644/177 695/677/177 714/633/177
f 750/681/177 692/682/177 720/683/177
f 749/684/179 715/685/179 740/686/179
f 739/687/177 741/688/177 715/685/177
f 748/689/179 684/690/179 719/691/179
f 747/692/178 716/693/178 744/694/178
f 746/695/182 693/696/182 745/697/182
f 696/678/177 689/626/177 671/637/177
f 680/640/177 717/624/177 696/678/177
f 707/653/178 683/698/178 717/624/178
f 743/699/179 745/697/179 716/693/179
f 706/659/178 746/695/178 743/699/178
f 733/650/183 731/700/183 746/695/183
f 723/701/177 744/694/177 697/702/177
f 675/703/177 747/692/177 723/701/177
f 726/660/177 743/699/177 747/692/177
f 732/704/184 719/691/184 665/705/184
f 697/702/185 748/689/185 732/704/185
f 744/694/177 742/706/177 748/689/177
f 678/646/177 741/688/177 739/687/177
f 731/700/180 740/686/180 693/696/180
f 677/649/178 749/684/178 731/700/178
f 725/667/178 739/687/178 749/684/178
f 721/707/182 720/683/182 674/628/182
f 693/696/179 750/681/179 721/707/179
f 740/686/178 738/708/178 750/681/178
f 710/645/177 725/667/177 724/666/177
f 667/668/177 737/665/177 735/664/177
f 718/709/181 736/663/181 681/710/181
f 663/711/186 751/661/186 718/709/186
f 729/712/181 735/664/181 751/661/181
f 727/713/177 726/660/177 675/703/177
f 681/710/177 752/658/177 727/713/177
f 736/663/177 734/714/177 752/658/177
f 734/714/177 733/650/177 706/659/177
f 709/662/183 753/648/183 734/714/183
f 737/665/178 724/666/178 753/648/178
f 738/708/182 730/632/182 692/682/182
f 715/685/177 754/630/177 738/708/177
f 741/688/179 722/679/179 754/630/179
f 742/706/179 728/629/179 684/690/179
f 716/693/178 755/627/178 742/706/178
f 745/697/181 721/707/181 755/627/181
f 810/715/187 759/716/187 782/717/187
f 848/718/188 767/719/188 821/720/188
f 847/721/189 766/722/189 823/723/189
f 807/724/189 765/725/189 784/726/189
f 806/727/190 764/728/190 783/729/190
f 805/730/189 773/731/189 796/732/189
f 804/733/189 772/734/189 797/735/189
f 803/736/189 771/737/189 798/738/189
f 846/739/189 770/740/189 826/741/189
f 801/742/189 769/743/189 800/744/189
f 795/745/189 800/744/189 773/731/189
f 763/746/190 801/742/190 795/745/190
f 775/747/191 791/748/191 801/742/191
f 845/749/187 799/750/187 819/751/187
f 844/752/192 802/753/192 829/754/192
f 828/755/189 830/756/189 802/753/189
f 817/757/187 818/758/187 770/740/187
f 760/759/187 803/736/187 792/760/187
f 779/761/189 793/762/189 803/736/189
f 793/762/189 797/735/189 771/737/189
f 761/763/189 804/733/189 793/762/189
f 780/764/189 794/765/189 804/733/189
f 794/765/189 796/732/189 772/734/189
f 762/766/189 805/730/189 794/765/189
f 781/767/187 795/745/187 805/730/187
f 788/768/189 783/729/189 765/725/189
f 772/734/187 806/727/187 788/768/187
f 796/732/190 789/769/190 806/727/190
f 807/724/190 766/722/190 815/770/190
f 771/737/189 807/724/189 787/771/189
f 797/735/189 788/768/189 807/724/189
f 843/772/190 785/773/190 813/774/190
f 842/775/189 808/776/189 833/777/189
f 832/778/187 834/779/187 808/776/187
f 841/780/187 777/781/187 812/782/187
f 840/783/193 809/784/193 837/785/193
f 839/786/187 786/787/187 838/788/187
f 789/769/189 782/717/189 764/728/189
f 773/731/187 810/715/187 789/769/187
f 800/744/189 776/789/189 810/715/189
f 836/790/190 838/788/190 809/784/190
f 799/750/189 839/786/189 836/790/189
f 826/741/189 824/791/189 839/786/189
f 816/792/191 837/785/191 790/793/191
f 768/794/189 840/783/189 816/792/189
f 819/751/192 836/790/192 840/783/192
f 825/795/194 812/782/194 758/796/194
f 790/793/192 841/780/192 825/795/192
f 837/785/189 835/797/189 841/780/189
f 771/737/190 834/779/190 832/778/190
f 824/791/189 833/777/189 786/787/189
f 770/740/189 842/775/189 824/791/189
f 818/758/189 832/778/189 842/775/189
f 814/798/187 813/774/187 767/719/187
f 786/787/189 843/772/189 814/798/189
f 833/777/189 831/799/189 843/772/189
f 803/736/189 818/758/189 817/757/189
f 760/759/189 830/756/189 828/755/189
f 811/800/192 829/754/192 774/801/192
f 756/802/192 844/752/192 811/800/192
f 822/803/187 828/755/187 844/752/187
f 820/804/189 819/751/189 768/794/189
f 774/801/189 845/749/189 820/804/189
f 829/754/189 827/805/189 845/749/189
f 827/805/189 826/741/189 799/750/189
f 802/753/187 846/739/187 827/805/187
f 830/756/189 817/757/189 846/739/189
f 831/799/187 823/723/187 785/773/187
f 808/776/189 847/721/189 831/799/189
f 834/779/189 815/770/189 847/721/189
f 835/797/187 821/720/187 777/781/187
f 809/784/188 848/718/188 835/797/188
f 838/788/192 814/798/192 848/718/192
f 903/806/177 852/807/177 875/808/177
f 941/809/180 860/810/180 914/811/180
f 940/812/177 859/813/177 916/814/177
f 900/815/177 858/816/177 877/817/177
f 899/818/178 857/819/178 876/820/178
f 898/821/177 866/822/177 889/823/177
f 897/824/177 865/825/177 890/826/177
f 896/827/177 864/828/177 891/829/177
f 939/830/177 863/831/177 919/832/177
f 894/833/177 862/834/177 893/835/177
f 888/836/178 893/835/178 866/822/178
f 856/837/178 894/833/178 888/836/178
f 868/838/177 884/839/177 894/833/177
f 938/840/177 892/841/177 912/842/177
f 937/843/181 895/844/181 922/845/181
f 921/846/181 923/847/181 895/844/181
f 910/848/185 911/849/185 863/831/185
f 853/850/177 896/827/177 885/851/177
f 872/852/177 886/853/177 896/827/177
f 886/853/177 890/826/177 864/828/177
f 854/854/177 897/824/177 886/853/177
f 873/855/178 887/856/178 897/824/178
f 887/856/177 889/823/177 865/825/177
f 855/857/177 898/821/177 887/856/177
f 874/858/177 888/836/177 898/821/177
f 881/859/177 876/820/177 858/816/177
f 865/825/178 899/818/178 881/859/178
f 889/823/177 882/860/177 899/818/177
f 900/815/177 859/813/177 908/861/177
f 864/828/177 900/815/177 880/862/177
f 890/826/177 881/859/177 900/815/177
f 936/863/178 878/864/178 906/865/178
f 935/866/178 901/867/178 926/868/178
f 925/869/177 927/870/177 901/867/177
f 934/871/178 870/872/178 905/873/178
f 933/874/178 902/875/178 930/876/178
f 932/877/178 879/878/178 931/879/178
f 882/860/178 875/808/178 857/819/178
f 866/822/177 903/806/177 882/860/177
f 893/835/177 869/880/177 903/806/177
f 929/881/183 931/879/183 902/875/183
f 892/841/177 932/877/177 929/881/177
f 919/832/177 917/882/177 932/877/177
f 909/883/177 930/876/177 883/884/177
f 861/885/178 933/874/178 909/883/178
f 912/842/177 929/881/177 933/874/177
f 918/886/185 905/873/185 851/887/185
f 883/884/177 934/871/177 918/886/177
f 930/876/178 928/888/178 934/871/178
f 864/828/177 927/870/177 925/869/177
f 917/882/177 926/868/177 879/878/177
f 863/831/178 935/866/178 917/882/178
f 911/849/177 925/869/177 935/866/177
f 907/889/177 906/865/177 860/810/177
f 879/878/177 936/863/177 907/889/177
f 926/868/177 924/890/177 936/863/177
f 896/827/183 911/849/183 910/848/183
f 853/850/181 923/847/181 921/846/181
f 904/891/181 922/845/181 867/892/181
f 849/893/186 937/843/186 904/891/186
f 915/894/177 921/846/177 937/843/177
f 913/895/177 912/842/177 861/885/177
f 867/892/179 938/840/179 913/895/179
f 922/845/178 920/896/178 938/840/178
f 920/896/177 919/832/177 892/841/177
f 895/844/177 939/830/177 920/896/177
f 923/847/178 910/848/178 939/830/178
f 924/890/179 916/814/179 878/864/179
f 901/867/177 940/812/177 924/890/177
f 927/870/178 908/861/178 940/812/178
f 928/888/183 914/811/183 870/872/183
f 902/875/177 941/809/177 928/888/177
f 931/879/181 907/889/181 941/809/181
f 996/897/192 945/898/192 968/899/192
f 1034/900/193 953/901/193 1007/902/193
f 1033/903/195 952/904/195 1009/905/195
f 993/906/189 951/907/189 970/908/189
f 992/909/189 950/910/189 969/911/189
f 991/912/189 959/913/189 982/914/189
f 990/915/187 958/916/187 983/917/187
f 989/918/189 957/919/189 984/920/189
f 1032/921/189 956/922/189 1012/923/189
f 987/924/191 955/925/191 986/926/191
f 981/927/189 986/926/189 959/913/189
f 949/928/193 987/924/193 981/927/193
f 961/929/187 977/930/187 987/924/187
f 1031/931/189 985/932/189 1005/933/189
f 1030/934/195 988/935/195 1015/936/195
f 1014/937/187 1016/938/187 988/935/187
f 1003/939/189 1004/940/189 956/922/189
f 946/941/189 989/918/189 978/942/189
f 965/943/189 979/944/189 989/918/189
f 979/944/189 983/917/189 957/919/189
f 947/945/189 990/915/189 979/944/189
f 966/946/189 980/947/189 990/915/189
f 980/947/189 982/914/189 958/916/189
f 948/948/189 991/912/189 980/947/189
f 967/949/189 981/927/189 991/912/189
f 974/950/189 969/911/189 951/907/189
f 958/916/189 992/909/189 974/950/189
f 982/914/189 975/951/189 992/909/189
f 993/906/190 952/904/190 1001/952/190
f 957/919/189 993/906/189 973/953/189
f 983/917/189 974/950/189 993/906/189
f 1029/954/189 971/955/189 999/956/189
f 1028/957/192 994/958/192 1019/959/192
f 1018/960/190 1020/961/190 994/958/190
f 1027/962/187 963/963/187 998/964/187
f 1026/965/193 995/966/193 1023/967/193
f 1025/968/190 972/969/190 1024/970/190
f 975/951/189 968/899/189 950/910/189
f 959/913/189 996/897/189 975/951/189
f 986/926/189 962/971/189 996/897/189
f 1022/972/189 1024/970/189 995/966/189
f 985/932/192 1025/968/192 1022/972/192
f 1012/923/193 1010/973/193 1025/968/193
f 1002/974/189 1023/967/189 976/975/189
f 954/976/189 1026/965/189 1002/974/189
f 1005/933/195 1022/972/195 1026/965/195
f 1011/977/196 998/964/196 944/978/196
f 976/975/189 1027/962/189 1011/977/189
f 1023/967/190 1021/979/190 1027/962/190
f 957/919/190 1020/961/190 1018/960/190
f 1010/973/192 1019/959/192 972/969/192
f 956/922/189 1028/957/189 1010/973/189
f 1004/940/187 1018/960/187 1028/957/187
f 1000/980/189 999/956/189 953/901/189
f 972/969/189 1029/954/189 1000/980/189
f 1019/959/187 1017/981/187 1029/954/187
f 989/918/189 1004/940/189 1003/939/189
f 946/941/189 1016/938/189 1014/937/189
f 997/982/190 1015/936/190 960/983/190
f 942/984/195 1030/934/195 997/982/195
f 1008/985/189 1014/937/189 1030/934/189
f 1006/986/191 1005/933/191 954/976/191
f 960/983/187 1031/931/187 1006/986/187
f 1015/936/192 1013/987/192 1031/931/192
f 1013/987/189 1012/923/189 985/932/189
f 988/935/189 1032/921/189 1013/987/189
f 1016/938/189 1003/939/189 1032/921/189
f 1017/981/190 1009/905/190 971/955/190
f 994/958/189 1033/903/189 1017/981/189
f 1020/961/192 1001/952/192 1033/903/192
f 1021/979/193 1007/902/193 963/963/193
f 995/966/189 1034/900/189 1021/979/189
f 1024/970/187 1000/980/187 1034/900/187
f 55/1/4 21/75/4 4/2/4
f 93/4/15 59/84/15 12/5/15
f 92/7/4 60/56/4 11/8/4
f 52/10/4 33/54/4 10/11/4
f 51/13/1 34/55/1 9/14/1
f 50/16/7 40/31/7 18/17/7
f 49/19/3 39/52/3 17/20/3
f 48/22/6 38/49/6 16/23/6
f 91/25/6 62/43/6 15/26/6
f 46/28/3 36/34/3 14/29/3
f 40/31/4 46/28/4 45/30/4
f 8/32/4 20/33/4 46/28/4
f 20/33/7 2/988/7 36/34/7
f 90/35/7 72/91/7 44/36/7
f 89/38/7 73/41/7 47/39/7
f 5/45/6 24/48/6 48/22/6
f 6/47/4 38/49/4 48/22/4
f 38/49/4 49/19/4 42/21/4
f 25/50/4 49/19/4 38/49/4
f 7/51/4 39/52/4 49/19/4
f 39/52/6 50/16/6 41/18/6
f 7/51/4 26/53/4 50/16/4
f 26/53/14 8/32/14 40/31/14
f 33/54/4 51/13/4 28/15/4
f 17/20/4 41/18/4 51/13/4
f 41/18/1 18/17/1 34/55/1
f 60/56/6 32/57/6 52/10/6
f 52/10/4 29/12/4 11/8/4
f 16/23/1 42/21/1 52/10/1
f 42/21/6 17/20/6 33/54/6
f 88/58/4 76/85/4 30/59/4
f 87/61/3 77/64/3 53/62/3
f 86/66/7 80/83/7 22/67/7
f 85/69/6 81/76/6 54/70/6
f 84/72/1 69/77/1 31/73/1
f 34/55/6 55/1/6 27/3/6
f 18/17/4 45/30/4 55/1/4
f 45/30/6 14/29/6 21/75/6
f 81/76/7 84/72/7 83/74/7
f 44/36/4 71/27/4 84/72/4
f 71/27/4 15/26/4 69/77/4
f 61/78/1 85/69/1 82/71/1
f 13/80/14 64/37/14 85/69/14
f 64/37/6 44/36/6 81/76/6
f 86/66/6 57/68/6 3/81/6
f 35/79/12 82/71/12 86/66/12
f 82/71/4 54/70/4 80/83/4
f 77/64/4 43/24/4 16/23/4
f 16/23/3 32/57/3 79/65/3
f 69/77/4 87/61/4 78/63/4
f 15/26/4 63/44/4 87/61/4
f 63/44/4 43/24/4 77/64/4
f 59/84/13 88/58/13 58/60/13
f 31/73/4 78/63/4 88/58/4
f 78/63/1 53/62/1 76/85/1
f 62/43/4 37/46/4 48/22/4
f 48/22/4 43/24/4 63/44/4
f 73/41/8 23/989/8 5/45/8
f 5/45/4 37/46/4 75/42/4
f 56/86/3 89/38/3 74/40/3
f 1/88/4 67/89/4 89/38/4
f 67/89/6 23/989/6 73/41/6
f 65/90/3 90/35/3 64/37/3
f 19/87/15 74/40/15 90/35/15
f 74/40/4 47/39/4 72/91/4
f 72/91/7 91/25/7 71/27/7
f 47/39/12 75/42/12 91/25/12
f 75/42/4 37/46/4 62/43/4
f 76/85/4 92/7/4 68/9/4
f 53/62/8 79/65/8 92/7/8
f 79/65/6 32/57/6 60/56/6
f 80/83/197 93/4/197 66/6/197
f 54/70/13 83/74/13 93/4/13
f 83/74/4 31/73/4 59/84/4
f 148/92/18 114/166/18 97/93/18
f 186/95/21 152/175/21 105/96/21
f 185/98/17 153/147/17 104/99/17
f 145/101/16 126/145/16 103/102/16
f 144/104/17 127/146/17 102/105/17
f 143/107/16 133/122/16 111/108/16
f 142/110/16 132/142/16 110/111/16
f 141/113/16 131/139/16 109/114/16
f 184/116/17 155/134/17 108/117/17
f 139/119/16 129/125/16 107/120/16
f 133/122/16 139/119/16 138/121/16
f 101/123/16 113/124/16 139/119/16
f 113/124/18 95/990/18 129/125/18
f 183/126/18 165/182/18 137/127/18
f 182/129/17 166/132/17 140/130/17
f 98/136/16 117/138/16 141/113/16
f 117/138/17 99/141/17 131/139/17
f 131/139/18 142/110/18 135/112/18
f 118/140/24 142/110/24 131/139/24
f 118/140/16 100/143/16 132/142/16
f 132/142/16 143/107/16 134/109/16
f 100/143/18 119/144/18 143/107/18
f 119/144/16 101/123/16 133/122/16
f 126/145/17 144/104/17 121/106/17
f 110/111/16 134/109/16 144/104/16
f 134/109/16 111/108/16 127/146/16
f 153/147/24 125/148/24 145/101/24
f 145/101/17 122/103/17 104/99/17
f 109/114/19 135/112/19 145/101/19
f 135/112/24 110/111/24 126/145/24
f 181/149/16 169/176/16 123/150/16
f 180/152/16 170/155/16 146/153/16
f 179/157/18 173/174/18 115/158/18
f 178/160/19 174/167/19 147/161/19
f 177/163/17 162/168/17 124/164/17
f 127/146/16 148/92/16 120/94/16
f 111/108/16 138/121/16 148/92/16
f 138/121/16 107/120/16 114/166/16
f 174/167/18 177/163/18 176/165/18
f 137/127/16 164/118/16 177/163/16
f 164/118/198 108/117/198 162/168/198
f 154/169/16 178/160/16 175/162/16
f 106/171/17 157/128/17 178/160/17
f 157/128/17 137/127/17 174/167/17
f 179/157/17 150/159/17 96/172/17
f 128/170/27 175/162/27 179/157/27
f 175/162/22 147/161/22 173/174/22
f 170/155/16 136/115/16 109/114/16
f 109/114/16 125/148/16 172/156/16
f 162/168/17 180/152/17 171/154/17
f 108/117/18 156/135/18 180/152/18
f 156/135/16 136/115/16 170/155/16
f 152/175/20 181/149/20 151/151/20
f 124/164/19 171/154/19 181/149/19
f 171/154/18 146/153/18 169/176/18
f 155/134/16 130/137/16 141/113/16
f 141/113/16 136/115/16 156/135/16
f 166/132/24 116/991/24 98/136/24
f 98/136/16 130/137/16 168/133/16
f 149/177/24 182/129/24 167/131/24
f 94/179/16 160/180/16 182/129/16
f 160/180/24 116/991/24 166/132/24
f 158/181/19 183/126/19 157/128/19
f 112/178/17 167/131/17 183/126/17
f 167/131/16 140/130/16 165/182/16
f 165/182/16 184/116/16 164/118/16
f 140/130/18 168/133/18 184/116/18
f 168/133/16 130/137/16 155/134/16
f 169/176/17 185/98/17 161/100/17
f 146/153/16 172/156/16 185/98/16
f 172/156/19 125/148/19 153/147/19
f 173/174/16 186/95/16 159/97/16
f 147/161/16 176/165/16 186/95/16
f 176/165/16 124/164/16 152/175/16
s 1
f 187/183/29 195/187/36 197/184/30
f 214/186/32 212/187/35 204/183/33
f 196/185/31 213/185/34 204/183/33
f 187/183/29 204/183/33 212/187/35
f 253/193/43 223/244/94 224/194/44
f 225/196/46 226/243/93 254/197/47
f 230/199/49 231/235/85 256/200/50
f 232/202/52 233/236/86 258/203/53
f 234/205/55 235/237/87 260/206/56
f 263/208/58 236/232/82 237/209/59
f 238/211/61 239/238/88 264/212/62
f 240/214/64 241/239/89 266/215/65
f 269/217/67 242/240/90 243/218/68
f 271/220/70 244/233/83 245/221/71
f 221/223/73 222/234/84 272/224/74
f 249/226/76 248/283/199 274/227/77
f 277/229/79 251/285/162 250/230/80
f 236/232/82 253/193/43 252/195/45
f 244/233/83 255/198/48 254/197/47
f 257/201/51 256/200/50 222/234/84
f 259/204/54 258/203/53 231/235/85
f 261/207/57 260/206/56 233/236/86
f 234/205/55 263/208/58 262/210/60
f 265/213/63 264/212/62 228/189/38
f 267/216/66 266/215/65 239/238/88
f 269/217/67 268/219/69 241/239/89
f 242/240/90 271/220/70 270/222/72
f 273/225/75 272/224/74 247/241/91
f 275/228/78 274/227/77 226/243/93
f 277/229/79 276/231/81 224/194/44
f 280/194/95 281/270/146 309/245/96
f 312/197/98 282/243/145 283/246/99
f 314/200/101 287/235/137 288/248/102
f 316/203/104 289/236/138 290/250/105
f 318/206/107 291/237/139 292/252/108
f 293/209/110 294/267/134 319/254/111
f 322/212/113 295/238/140 296/255/114
f 324/215/116 297/239/141 298/257/117
f 326/219/119 299/218/142 300/259/120
f 301/221/122 302/268/135 327/261/123
f 330/224/125 278/234/136 279/262/126
f 332/227/128 306/283/159 305/226/129
f 308/265/131 307/285/175 333/266/132
f 310/195/97 309/245/96 294/267/134
f 312/197/98 311/247/100 302/268/135
f 278/234/136 314/200/101 313/249/103
f 287/235/137 316/203/104 315/251/106
f 289/236/138 318/206/107 317/253/109
f 320/210/112 319/254/111 292/252/108
f 284/189/40 322/212/113 321/256/115
f 295/238/140 324/215/116 323/258/118
f 297/239/141 326/219/119 325/260/121
f 299/218/142 328/222/124 327/261/123
f 303/241/143 330/224/125 329/263/127
f 282/243/145 332/227/128 331/264/130
f 280/194/95 334/231/133 333/266/132
f 221/223/73 188/272/148 202/271/147
f 273/225/75 198/275/151 188/272/148
f 256/200/50 314/200/101 278/234/136
f 222/234/84 278/234/136 330/224/125
f 224/194/44 280/194/95 310/195/97
f 203/273/149 189/274/150 223/244/94
f 197/184/30 277/229/79 223/244/94
f 276/231/81 334/231/133 280/194/95
f 254/197/47 226/243/93 282/243/145
f 188/272/148 225/196/46 255/198/48
f 198/275/151 275/228/78 225/196/46
f 226/243/93 274/227/77 332/227/128
f 189/274/150 227/188/37 229/190/39
f 229/190/39 196/185/31 197/184/30
f 228/189/38 264/212/62 322/212/113
f 213/185/34 196/185/31 229/190/39
f 229/190/39 228/189/38 284/189/40
f 286/192/42 213/185/34 229/190/39
f 203/273/149 265/213/63 227/188/37
f 231/235/85 287/235/137 314/200/101
f 257/201/51 202/271/147 190/276/152
f 258/203/53 316/203/104 287/235/137
f 230/199/49 190/276/152 201/277/153
f 233/236/86 289/236/138 316/203/104
f 259/204/54 201/277/153 191/278/154
f 260/206/56 318/206/107 289/236/138
f 232/202/52 191/278/154 200/279/155
f 235/237/87 291/237/139 318/206/107
f 261/207/57 200/279/155 192/280/156
f 262/210/60 320/210/112 291/237/139
f 234/205/55 192/280/156 199/281/157
f 237/209/59 293/209/110 320/210/112
f 199/281/157 193/282/158 236/232/82
f 252/195/45 310/195/97 293/209/110
f 193/282/158 203/273/149 253/193/43
f 264/212/62 239/238/88 295/238/140
f 193/282/158 238/211/61 265/213/63
f 199/281/157 267/216/66 238/211/61
f 239/238/88 266/215/65 324/215/116
f 266/215/65 241/239/89 297/239/141
f 192/280/156 240/214/64 267/216/66
f 200/279/155 269/217/67 240/214/64
f 241/239/89 268/219/69 326/219/119
f 268/219/69 243/218/68 299/218/142
f 191/278/154 242/240/90 269/217/67
f 201/277/153 271/220/70 242/240/90
f 243/218/68 270/222/72 328/222/124
f 270/222/72 245/221/71 301/221/122
f 190/276/152 244/233/83 271/220/70
f 255/198/48 244/233/83 190/276/152
f 245/221/71 254/197/47 312/197/98
f 211/284/161 194/284/160 246/242/92
f 246/242/92 247/241/91 303/241/143
f 304/269/144 211/284/161 246/242/92
f 246/242/92 194/284/160 198/275/151
f 272/224/74 330/224/125 303/241/143
f 274/227/77 248/283/199 306/283/159
f 194/284/160 249/226/76 275/228/78
f 306/283/159 248/283/199 249/226/76
f 249/226/76 194/284/160 211/284/161
f 211/284/161 305/226/129 306/283/159
f 250/230/80 308/265/131 334/231/133
f 197/184/30 195/187/36 251/285/162
f 308/265/131 250/230/80 251/285/162
f 251/285/162 195/187/36 212/187/35
f 212/187/35 307/285/175 308/265/131
f 279/262/126 313/249/103 219/286/163
f 205/287/164 215/290/167 329/263/127
f 281/270/146 206/289/166 220/288/165
f 281/270/146 333/266/132 214/186/32
f 205/287/164 219/286/163 311/247/100
f 283/246/99 331/264/130 215/290/167
f 213/185/34 286/192/42 285/191/41
f 285/191/41 206/289/166 214/186/32
f 220/288/165 206/289/166 285/191/41
f 288/248/102 315/251/106 218/291/168
f 313/249/103 288/248/102 207/292/169
f 290/250/105 317/253/109 217/293/170
f 315/251/106 290/250/105 208/294/171
f 292/252/108 319/254/111 216/295/172
f 317/253/109 292/252/108 209/296/173
f 309/245/96 220/288/165 210/297/174
f 294/267/134 210/297/174 216/295/172
f 210/297/174 220/288/165 321/256/115
f 216/295/172 210/297/174 296/255/114
f 209/296/173 216/295/172 323/258/118
f 217/293/170 209/296/173 298/257/117
f 208/294/171 217/293/170 325/260/121
f 218/291/168 208/294/171 300/259/120
f 207/292/169 218/291/168 327/261/123
f 207/292/169 302/268/135 311/247/100
f 215/290/167 211/284/161 304/269/144
f 331/264/130 305/226/129 211/284/161
f 214/186/32 333/266/132 307/285/175
f 379/298/176 352/992/176 338/299/176
f 384/301/176 358/348/176 342/302/176
f 377/304/176 359/344/176 341/305/176
f 376/307/176 363/329/176 346/308/176
f 383/310/176 362/337/176 345/311/176
f 361/313/176 344/349/176 366/314/176
f 373/316/176 370/328/176 349/317/176
f 371/319/176 347/346/176 353/320/176
f 372/321/176 353/320/176 337/322/176
f 343/324/176 365/318/176 372/321/176
f 365/318/176 349/317/176 371/319/176
f 350/325/176 373/316/176 365/318/176
f 335/326/176 368/327/176 373/316/176
f 368/327/176 348/334/176 370/328/176
f 374/315/176 366/314/176 346/308/176
f 351/330/176 374/315/176 363/329/176
f 336/332/176 361/313/176 374/315/176
f 370/328/176 375/335/176 369/333/176
f 348/334/176 354/350/176 375/335/176
f 380/336/176 339/351/176 362/337/176
f 388/338/176 376/307/176 364/309/176
f 355/340/176 376/307/176 388/338/176
f 340/331/176 363/329/176 376/307/176
f 389/342/176 377/304/176 357/306/176
f 386/339/176 364/309/176 377/304/176
f 364/309/176 346/308/176 359/344/176
f 371/319/176 378/347/176 367/345/176
f 349/317/176 369/333/176 378/347/176
f 382/312/176 345/311/176 358/348/176
f 359/344/176 379/298/176 356/300/176
f 346/308/176 366/314/176 379/298/176
f 344/349/176 352/992/176 379/298/176
f 369/333/176 382/312/176 384/301/176
f 354/350/176 380/336/176 383/310/176
f 375/335/176 383/310/176 382/312/176
f 378/347/176 384/301/176 381/303/176
f 345/311/176 386/339/176 389/342/176
f 358/348/176 389/342/176 385/343/176
f 339/351/176 387/341/176 388/338/176
f 362/337/176 388/338/176 386/339/176
s 0
f 662/352/176 469/623/176 393/353/176
f 661/355/176 475/546/176 397/356/176
f 660/358/176 476/535/176 396/359/176
f 659/361/176 483/576/176 404/362/176
f 658/364/176 484/580/176 405/365/176
f 657/367/176 481/552/176 402/368/176
f 656/370/176 482/557/176 403/371/176
f 655/373/176 479/622/176 400/374/176
f 654/376/176 480/621/176 401/377/176
f 653/379/176 493/594/176 408/380/176
f 652/382/176 492/585/176 407/383/176
f 651/385/176 491/620/176 406/386/176
f 650/388/176 499/619/176 411/389/176
f 500/391/176 412/551/176 541/392/176
f 501/394/176 413/575/176 542/395/176
f 647/397/176 543/618/176 451/398/176
f 544/400/176 452/613/176 545/401/176
f 539/403/176 448/600/176 546/404/176
f 547/406/176 450/560/176 503/407/176
f 548/409/176 453/604/176 549/410/176
f 538/412/176 447/616/176 550/413/176
f 641/415/176 551/603/176 449/416/176
f 552/418/176 454/596/176 553/419/176
f 537/421/176 446/993/176 554/422/176
f 638/424/176 555/595/176 444/425/176
f 637/427/176 556/592/176 455/428/176
f 636/430/176 529/593/176 438/431/176
f 635/433/176 559/591/176 443/434/176
f 634/436/176 560/587/176 456/437/176
f 633/439/176 530/584/176 439/440/176
f 632/442/176 563/586/176 442/443/176
f 631/445/176 564/582/176 457/446/176
f 630/448/176 531/583/176 440/449/176
f 629/451/176 567/581/176 437/452/176
f 628/454/176 568/578/176 458/455/176
f 627/457/176 518/579/176 427/458/176
f 626/460/176 571/577/176 436/461/176
f 625/463/176 572/573/176 459/464/176
f 624/466/176 517/574/176 426/467/176
f 623/469/176 575/572/176 435/470/176
f 622/472/176 576/567/176 460/473/176
f 621/475/176 520/556/176 429/476/176
f 620/478/176 579/566/176 434/479/176
f 580/481/176 461/559/176 581/482/176
f 618/484/176 519/550/176 428/485/176
f 617/487/176 583/558/176 433/488/176
f 616/490/176 584/554/176 462/491/176
f 615/493/176 522/555/176 431/494/176
f 614/496/176 587/553/176 432/497/176
f 613/499/176 588/548/176 463/500/176
f 612/502/176 521/549/176 430/503/176
f 611/505/176 591/547/176 421/506/176
f 610/508/176 592/545/176 464/509/176
f 609/511/176 514/534/176 423/512/176
f 608/514/176 595/544/176 417/515/176
f 607/517/176 596/537/176 465/518/176
f 606/520/176 513/538/176 422/521/176
f 605/523/176 599/536/176 420/524/176
f 604/526/176 600/532/176 466/527/176
f 603/529/176 507/533/176 416/530/176
f 600/532/176 603/529/176 602/531/176
f 444/425/176 535/387/176 603/529/176
f 535/387/176 406/386/176 507/533/176
f 514/534/176 604/526/176 601/528/176
f 408/380/176 497/426/176 604/526/176
f 497/426/176 444/425/176 600/532/176
f 476/535/176 605/523/176 473/525/176
f 423/512/176 601/528/176 605/523/176
f 601/528/176 466/527/176 599/536/176
f 596/537/176 606/520/176 598/522/176
f 443/434/176 534/384/176 606/520/176
f 534/384/176 407/383/176 513/538/176
f 494/539/176 607/517/176 597/519/176
f 409/541/176 496/435/176 607/517/176
f 496/435/176 443/434/176 596/537/176
f 608/514/176 470/516/176 392/542/176
f 441/540/176 597/519/176 608/514/176
f 597/519/176 465/518/176 595/544/176
f 592/545/176 609/511/176 594/513/176
f 442/443/176 533/381/176 609/511/176
f 533/381/176 408/380/176 514/534/176
f 513/538/176 610/508/176 593/510/176
f 407/383/176 495/444/176 610/508/176
f 495/444/176 442/443/176 592/545/176
f 475/546/176 611/505/176 474/507/176
f 422/521/176 593/510/176 611/505/176
f 593/510/176 464/509/176 591/547/176
f 588/548/176 612/502/176 590/504/176
f 451/398/176 542/395/176 612/502/176
f 542/395/176 413/575/176 521/549/176
f 519/550/176 613/499/176 589/501/176
f 412/551/176 504/399/176 613/499/176
f 504/399/176 451/398/176 588/548/176
f 481/552/176 614/496/176 485/498/176
f 428/485/176 589/501/176 614/496/176
f 589/501/176 463/500/176 587/553/176
f 584/554/176 615/493/176 586/495/176
f 432/497/176 523/363/176 615/493/176
f 523/363/176 404/362/176 522/555/176
f 520/556/176 616/490/176 585/492/176
f 402/368/176 485/498/176 616/490/176
f 485/498/176 432/497/176 584/554/176
f 482/557/176 617/487/176 486/489/176
f 429/476/176 585/492/176 617/487/176
f 585/492/176 462/491/176 583/558/176
f 618/484/176 582/486/176 461/559/176
f 541/392/176 618/484/176 580/481/176
f 412/551/176 519/550/176 618/484/176
f 619/483/176 581/482/176 445/561/176
f 503/407/176 619/483/176 498/562/176
f 450/560/176 580/481/176 619/483/176
f 536/564/176 620/478/176 487/480/176
f 581/482/176 620/478/176 536/564/176
f 581/482/176 461/559/176 579/566/176
f 576/567/176 621/475/176 578/477/176
f 434/479/176 525/369/176 621/475/176
f 525/369/176 402/368/176 520/556/176
f 478/568/176 622/472/176 577/474/176
f 399/565/176 487/480/176 622/472/176
f 487/480/176 434/479/176 576/567/176
f 516/570/176 623/469/176 488/471/176
f 425/569/176 577/474/176 623/469/176
f 577/474/176 460/473/176 575/572/176
f 572/573/176 624/466/176 574/468/176
f 449/416/176 540/390/176 624/466/176
f 540/390/176 411/389/176 517/574/176
f 521/549/176 625/463/176 573/465/176
f 413/575/176 502/417/176 625/463/176
f 502/417/176 449/416/176 572/573/176
f 483/576/176 626/460/176 489/462/176
f 430/503/176 573/465/176 626/460/176
f 573/465/176 459/464/176 571/577/176
f 568/578/176 627/457/176 570/459/176
f 436/461/176 527/375/176 627/457/176
f 527/375/176 400/374/176 518/579/176
f 522/555/176 628/454/176 569/456/176
f 404/362/176 489/462/176 628/454/176
f 489/462/176 436/461/176 568/578/176
f 484/580/176 629/451/176 490/453/176
f 431/494/176 569/456/176 629/451/176
f 569/456/176 458/455/176 567/581/176
f 564/582/176 630/448/176 566/450/176
f 433/488/176 524/366/176 630/448/176
f 524/366/176 405/365/176 531/583/176
f 530/584/176 631/445/176 565/447/176
f 403/371/176 486/489/176 631/445/176
f 486/489/176 433/488/176 564/582/176
f 492/585/176 632/442/176 495/444/176
f 439/440/176 565/447/176 632/442/176
f 565/447/176 457/446/176 563/586/176
f 560/587/176 633/439/176 562/441/176
f 435/470/176 526/372/176 633/439/176
f 526/372/176 403/371/176 530/584/176
f 477/588/176 634/436/176 561/438/176
f 398/571/176 488/471/176 634/436/176
f 488/471/176 435/470/176 560/587/176
f 515/590/176 635/433/176 496/435/176
f 424/589/176 561/438/176 635/433/176
f 561/438/176 456/437/176 559/591/176
f 556/592/176 636/430/176 558/432/176
f 437/452/176 528/378/176 636/430/176
f 528/378/176 401/377/176 529/593/176
f 531/583/176 637/427/176 557/429/176
f 405/365/176 490/453/176 637/427/176
f 490/453/176 437/452/176 556/592/176
f 493/594/176 638/424/176 497/426/176
f 440/449/176 557/429/176 638/424/176
f 557/429/176 455/428/176 555/595/176
f 639/423/176 554/422/176 454/596/176
f 468/597/176 639/423/176 552/418/176
f 391/599/176 537/421/176 639/423/176
f 640/420/176 553/419/176 448/600/176
f 506/601/176 640/420/176 539/403/176
f 415/598/176 552/418/176 640/420/176
f 501/394/176 641/415/176 502/417/176
f 553/419/176 641/415/176 501/394/176
f 553/419/176 454/596/176 551/603/176
f 642/414/176 550/413/176 453/604/176
f 471/605/176 642/414/176 548/409/176
f 394/607/176 538/412/176 642/414/176
f 467/608/176 643/411/176 549/410/176
f 390/610/176 509/611/176 643/411/176
f 418/606/176 548/409/176 643/411/176
f 644/408/176 503/407/176 410/563/176
f 549/410/176 644/408/176 505/612/176
f 453/604/176 547/406/176 644/408/176
f 645/405/176 546/404/176 452/613/176
f 472/614/176 645/405/176 544/400/176
f 395/602/176 539/403/176 645/405/176
f 646/402/176 545/401/176 447/616/176
f 510/617/176 646/402/176 538/412/176
f 419/615/176 544/400/176 646/402/176
f 500/391/176 647/397/176 504/399/176
f 545/401/176 647/397/176 500/391/176
f 452/613/176 543/618/176 647/397/176
f 543/618/176 648/396/176 542/395/176
f 546/404/176 648/396/176 543/618/176
f 448/600/176 501/394/176 648/396/176
f 649/393/176 541/392/176 450/560/176
f 550/413/176 649/393/176 547/406/176
f 447/616/176 500/391/176 649/393/176
f 551/603/176 650/388/176 540/390/176
f 454/596/176 554/422/176 650/388/176
f 554/422/176 446/993/176 499/619/176
f 555/595/176 651/385/176 535/387/176
f 455/428/176 558/432/176 651/385/176
f 558/432/176 438/431/176 491/620/176
f 559/591/176 652/382/176 534/384/176
f 456/437/176 562/441/176 652/382/176
f 562/441/176 439/440/176 492/585/176
f 563/586/176 653/379/176 533/381/176
f 457/446/176 566/450/176 653/379/176
f 566/450/176 440/449/176 493/594/176
f 567/581/176 654/376/176 528/378/176
f 458/455/176 570/459/176 654/376/176
f 570/459/176 427/458/176 480/621/176
f 571/577/176 655/373/176 527/375/176
f 459/464/176 574/468/176 655/373/176
f 574/468/176 426/467/176 479/622/176
f 575/572/176 656/370/176 526/372/176
f 460/473/176 578/477/176 656/370/176
f 578/477/176 429/476/176 482/557/176
f 579/566/176 657/367/176 525/369/176
f 461/559/176 582/486/176 657/367/176
f 582/486/176 428/485/176 481/552/176
f 583/558/176 658/364/176 524/366/176
f 462/491/176 586/495/176 658/364/176
f 586/495/176 431/494/176 484/580/176
f 587/553/176 659/361/176 523/363/176
f 463/500/176 590/504/176 659/361/176
f 590/504/176 430/503/176 483/576/176
f 591/547/176 660/358/176 512/360/176
f 464/509/176 594/513/176 660/358/176
f 594/513/176 423/512/176 476/535/176
f 595/544/176 661/355/176 508/357/176
f 465/518/176 598/522/176 661/355/176
f 598/522/176 422/521/176 475/546/176
f 599/536/176 662/352/176 511/354/176
f 466/527/176 602/531/176 662/352/176
f 602/531/176 416/530/176 469/623/176
f 717/624/180 683/698/180 666/625/180
f 755/627/178 721/707/178 674/628/178
f 754/630/179 722/679/179 673/631/179
f 714/633/177 695/677/177 672/634/177
f 713/636/177 696/678/177 671/637/177
f 712/639/177 702/654/177 680/640/177
f 711/642/177 701/674/177 679/643/177
f 710/645/177 700/671/177 678/646/177
f 753/648/180 724/666/180 677/649/180
f 708/651/178 698/657/178 676/652/178
f 702/654/177 708/651/177 707/653/177
f 670/655/177 682/656/177 708/651/177
f 682/656/179 664/994/179 698/657/179
f 752/658/177 734/714/177 706/659/177
f 751/661/180 735/664/180 709/662/180
f 667/668/177 686/670/177 710/645/177
f 686/670/177 668/672/177 700/671/177
f 700/671/177 711/642/177 704/644/177
f 668/672/177 687/673/177 711/642/177
f 687/673/177 669/675/177 701/674/177
f 701/674/177 712/639/177 703/641/177
f 669/675/178 688/676/178 712/639/178
f 688/676/177 670/655/177 702/654/177
f 695/677/179 713/636/179 690/638/179
f 679/643/177 703/641/177 713/636/177
f 703/641/178 680/640/178 696/678/178
f 722/679/177 694/680/177 714/633/177
f 714/633/177 691/635/177 673/631/177
f 678/646/178 704/644/178 714/633/178
f 704/644/177 679/643/177 695/677/177
f 750/681/178 738/708/178 692/682/178
f 749/684/177 739/687/177 715/685/177
f 748/689/177 742/706/177 684/690/177
f 747/692/179 743/699/179 716/693/179
f 746/695/183 731/700/183 693/696/183
f 696/678/177 717/624/177 689/626/177
f 680/640/178 707/653/178 717/624/178
f 707/653/179 676/652/179 683/698/179
f 743/699/178 746/695/178 745/697/178
f 706/659/177 733/650/177 746/695/177
f 733/650/183 677/649/183 731/700/183
f 723/701/178 747/692/178 744/694/178
f 675/703/177 726/660/177 747/692/177
f 726/660/178 706/659/178 743/699/178
f 732/704/185 748/689/185 719/691/185
f 697/702/177 744/694/177 748/689/177
f 744/694/178 716/693/178 742/706/178
f 739/687/177 705/647/177 678/646/177
f 678/646/177 694/680/177 741/688/177
f 731/700/200 749/684/200 740/686/200
f 677/649/178 725/667/178 749/684/178
f 725/667/183 705/647/183 739/687/183
f 721/707/183 750/681/183 720/683/183
f 693/696/178 740/686/178 750/681/178
f 740/686/177 715/685/177 738/708/177
f 724/666/177 699/669/177 710/645/177
f 710/645/177 705/647/177 725/667/177
f 735/664/181 685/995/181 667/668/181
f 667/668/177 699/669/177 737/665/177
f 718/709/181 751/661/181 736/663/181
f 663/711/185 729/712/185 751/661/185
f 729/712/181 685/995/181 735/664/181
f 727/713/177 752/658/177 726/660/177
f 681/710/177 736/663/177 752/658/177
f 736/663/177 709/662/177 734/714/177
f 734/714/179 753/648/179 733/650/179
f 709/662/183 737/665/183 753/648/183
f 737/665/177 699/669/177 724/666/177
f 738/708/182 754/630/182 730/632/182
f 715/685/177 741/688/177 754/630/177
f 741/688/177 694/680/177 722/679/177
f 742/706/178 755/627/178 728/629/178
f 716/693/177 745/697/177 755/627/177
f 745/697/179 693/696/179 721/707/179
f 810/715/190 776/789/190 759/716/190
f 848/718/187 814/798/187 767/719/187
f 847/721/187 815/770/187 766/722/187
f 807/724/189 788/768/189 765/725/189
f 806/727/190 789/769/190 764/728/190
f 805/730/187 795/745/187 773/731/187
f 804/733/189 794/765/189 772/734/189
f 803/736/189 793/762/189 771/737/189
f 846/739/189 817/757/189 770/740/189
f 801/742/187 791/748/187 769/743/187
f 795/745/190 801/742/190 800/744/190
f 763/746/190 775/747/190 801/742/190
f 775/747/193 757/996/193 791/748/193
f 845/749/189 827/805/189 799/750/189
f 844/752/191 828/755/191 802/753/191
f 760/759/189 779/761/189 803/736/189
f 779/761/189 761/763/189 793/762/189
f 793/762/189 804/733/189 797/735/189
f 761/763/189 780/764/189 804/733/189
f 780/764/189 762/766/189 794/765/189
f 794/765/193 805/730/193 796/732/193
f 762/766/187 781/767/187 805/730/187
f 781/767/189 763/746/189 795/745/189
f 788/768/187 806/727/187 783/729/187
f 772/734/189 796/732/189 806/727/189
f 796/732/190 773/731/190 789/769/190
f 815/770/189 787/771/189 807/724/189
f 807/724/189 784/726/189 766/722/189
f 771/737/187 797/735/187 807/724/187
f 797/735/187 772/734/187 788/768/187
f 843/772/195 831/799/195 785/773/195
f 842/775/187 832/778/187 808/776/187
f 841/780/187 835/797/187 777/781/187
f 840/783/187 836/790/187 809/784/187
f 839/786/189 824/791/189 786/787/189
f 789/769/187 810/715/187 782/717/187
f 773/731/189 800/744/189 810/715/189
f 800/744/189 769/743/189 776/789/189
f 836/790/195 839/786/195 838/788/195
f 799/750/189 826/741/189 839/786/189
f 826/741/189 770/740/189 824/791/189
f 816/792/193 840/783/193 837/785/193
f 768/794/189 819/751/189 840/783/189
f 819/751/192 799/750/192 836/790/192
f 825/795/187 841/780/187 812/782/187
f 790/793/191 837/785/191 841/780/191
f 837/785/189 809/784/189 835/797/189
f 832/778/189 798/738/189 771/737/189
f 771/737/189 787/771/189 834/779/189
f 824/791/189 842/775/189 833/777/189
f 770/740/189 818/758/189 842/775/189
f 818/758/189 798/738/189 832/778/189
f 814/798/189 843/772/189 813/774/189
f 786/787/189 833/777/189 843/772/189
f 833/777/189 808/776/189 831/799/189
f 817/757/189 792/760/189 803/736/189
f 803/736/189 798/738/189 818/758/189
f 828/755/189 778/997/189 760/759/189
f 760/759/189 792/760/189 830/756/189
f 811/800/192 844/752/192 829/754/192
f 756/802/201 822/803/201 844/752/201
f 822/803/189 778/997/189 828/755/189
f 820/804/189 845/749/189 819/751/189
f 774/801/189 829/754/189 845/749/189
f 829/754/189 802/753/189 827/805/189
f 827/805/187 846/739/187 826/741/187
f 802/753/189 830/756/189 846/739/189
f 830/756/189 792/760/189 817/757/189
f 831/799/189 847/721/189 823/723/189
f 808/776/189 834/779/189 847/721/189
f 834/779/189 787/771/189 815/770/189
f 835/797/193 848/718/193 821/720/193
f 809/784/189 838/788/189 848/718/189
f 838/788/192 786/787/192 814/798/192
f 903/806/177 869/880/177 852/807/177
f 941/809/177 907/889/177 860/810/177
f 940/812/177 908/861/177 859/813/177
f 900/815/177 881/859/177 858/816/177
f 899/818/177 882/860/177 857/819/177
f 898/821/177 888/836/177 866/822/177
f 897/824/178 887/856/178 865/825/178
f 896/827/177 886/853/177 864/828/177
f 939/830/177 910/848/177 863/831/177
f 894/833/177 884/839/177 862/834/177
f 888/836/177 894/833/177 893/835/177
f 856/837/177 868/838/177 894/833/177
f 868/838/177 850/998/177 884/839/177
f 938/840/178 920/896/178 892/841/178
f 937/843/181 921/846/181 895/844/181
f 853/850/178 872/852/178 896/827/178
f 872/852/177 854/854/177 886/853/177
f 886/853/177 897/824/177 890/826/177
f 854/854/177 873/855/177 897/824/177
f 873/855/179 855/857/179 887/856/179
f 887/856/177 898/821/177 889/823/177
f 855/857/177 874/858/177 898/821/177
f 874/858/178 856/837/178 888/836/178
f 881/859/178 899/818/178 876/820/178
f 865/825/177 889/823/177 899/818/177
f 889/823/177 866/822/177 882/860/177
f 908/861/177 880/862/177 900/815/177
f 900/815/177 877/817/177 859/813/177
f 864/828/177 890/826/177 900/815/177
f 890/826/177 865/825/177 881/859/177
f 936/863/179 924/890/179 878/864/179
f 935/866/177 925/869/177 901/867/177
f 934/871/178 928/888/178 870/872/178
f 933/874/177 929/881/177 902/875/177
f 932/877/177 917/882/177 879/878/177
f 882/860/177 903/806/177 875/808/177
f 866/822/177 893/835/177 903/806/177
f 893/835/177 862/834/177 869/880/177
f 929/881/183 932/877/183 931/879/183
f 892/841/177 919/832/177 932/877/177
f 919/832/178 863/831/178 917/882/178
f 909/883/178 933/874/178 930/876/178
f 861/885/177 912/842/177 933/874/177
f 912/842/177 892/841/177 929/881/177
f 918/886/183 934/871/183 905/873/183
f 883/884/177 930/876/177 934/871/177
f 930/876/178 902/875/178 928/888/178
f 925/869/183 891/829/183 864/828/183
f 864/828/177 880/862/177 927/870/177
f 917/882/178 935/866/178 926/868/178
f 863/831/179 911/849/179 935/866/179
f 911/849/178 891/829/178 925/869/178
f 907/889/177 936/863/177 906/865/177
f 879/878/177 926/868/177 936/863/177
f 926/868/177 901/867/177 924/890/177
f 910/848/177 885/851/177 896/827/177
f 896/827/181 891/829/181 911/849/181
f 921/846/183 871/999/183 853/850/183
f 853/850/177 885/851/177 923/847/177
f 904/891/181 937/843/181 922/845/181
f 849/893/183 915/894/183 937/843/183
f 915/894/178 871/999/178 921/846/178
f 913/895/177 938/840/177 912/842/177
f 867/892/178 922/845/178 938/840/178
f 922/845/177 895/844/177 920/896/177
f 920/896/177 939/830/177 919/832/177
f 895/844/178 923/847/178 939/830/178
f 923/847/177 885/851/177 910/848/177
f 924/890/177 940/812/177 916/814/177
f 901/867/178 927/870/178 940/812/178
f 927/870/177 880/862/177 908/861/177
f 928/888/177 941/809/177 914/811/177
f 902/875/179 931/879/179 941/809/179
f 931/879/181 879/878/181 907/889/181
f 996/897/192 962/971/192 945/898/192
f 1034/900/189 1000/980/189 953/901/189
f 1033/903/195 1001/952/195 952/904/195
f 993/906/189 974/950/189 951/907/189
f 992/909/189 975/951/189 950/910/189
f 991/912/187 981/927/187 959/913/187
f 990/915/189 980/947/189 958/916/189
f 989/918/189 979/944/189 957/919/189
f 1032/921/189 1003/939/189 956/922/189
f 987/924/189 977/930/189 955/925/189
f 981/927/189 987/924/189 986/926/189
f 949/928/187 961/929/187 987/924/187
f 961/929/187 943/1000/187 977/930/187
f 1031/931/189 1013/987/189 985/932/189
f 1030/934/190 1014/937/190 988/935/190
f 946/941/189 965/943/189 989/918/189
f 965/943/189 947/945/189 979/944/189
f 979/944/189 990/915/189 983/917/189
f 947/945/187 966/946/187 990/915/187
f 966/946/189 948/948/189 980/947/189
f 980/947/189 991/912/189 982/914/189
f 948/948/189 967/949/189 991/912/189
f 967/949/189 949/928/189 981/927/189
f 974/950/189 992/909/189 969/911/189
f 958/916/189 982/914/189 992/909/189
f 982/914/189 959/913/189 975/951/189
f 1001/952/189 973/953/189 993/906/189
f 993/906/189 970/908/189 952/904/189
f 957/919/189 983/917/189 993/906/189
f 983/917/187 958/916/187 974/950/187
f 1029/954/187 1017/981/187 971/955/187
f 1028/957/192 1018/960/192 994/958/192
f 1027/962/193 1021/979/193 963/963/193
f 1026/965/189 1022/972/189 995/966/189
f 1025/968/190 1010/973/190 972/969/190
f 975/951/189 996/897/189 968/899/189
f 959/913/189 986/926/189 996/897/189
f 986/926/187 955/925/187 962/971/187
f 1022/972/187 1025/968/187 1024/970/187
f 985/932/189 1012/923/189 1025/968/189
f 1012/923/187 956/922/187 1010/973/187
f 1002/974/189 1026/965/189 1023/967/189
f 954/976/187 1005/933/187 1026/965/187
f 1005/933/189 985/932/189 1022/972/189
f 1011/977/189 1027/962/189 998/964/189
f 976/975/189 1023/967/189 1027/962/189
f 1023/967/190 995/966/190 1021/979/190
f 1018/960/189 984/920/189 957/919/189
f 957/919/189 973/953/189 1020/961/189
f 1010/973/192 1028/957/192 1019/959/192
f 956/922/187 1004/940/187 1028/957/187
f 1004/940/189 984/920/189 1018/960/189
f 1000/980/189 1029/954/189 999/956/189
f 972/969/187 1019/959/187 1029/954/187
f 1019/959/189 994/958/189 1017/981/189
f 1003/939/189 978/942/189 989/918/189
f 989/918/189 984/920/189 1004/940/189
f 1014/937/192 964/1001/192 946/941/192
f 946/941/189 978/942/189 1016/938/189
f 997/982/195 1030/934/195 1015/936/195
f 942/984/191 1008/985/191 1030/934/191
f 1008/985/189 964/1001/189 1014/937/189
f 1006/986/192 1031/931/192 1005/933/192
f 960/983/193 1015/936/193 1031/931/193
f 1015/936/189 988/935/189 1013/987/189
f 1013/987/189 1032/921/189 1012/923/189
f 988/935/189 1016/938/189 1032/921/189
f 1016/938/189 978/942/189 1003/939/189
f 1017/981/195 1033/903/195 1009/905/195
f 994/958/193 1020/961/193 1033/903/193
f 1020/961/192 973/953/192 1001/952/192
f 1021/979/193 1034/900/193 1007/902/193
f 995/966/187 1024/970/187 1034/900/187
f 1024/970/189 972/969/189 1000/980/189
