# Blender 5.0.1
# www.blender.org
o TUTTO
v -10.000000 -0.437150 0.000000
v 10.000000 -0.055697 0.000000
v -10.000000 4.212669 -20.000000
v 10.000000 1.644947 -20.000000
v -10.000000 4.368189 -18.181818
v -10.000000 1.389021 -16.363636
v -10.000000 1.252801 -14.545454
v -10.000000 1.043900 -12.727272
v -10.000000 0.529932 -10.909091
v -10.000000 0.191311 -9.090909
v -10.000000 0.069590 -7.272727
v -10.000000 -0.128015 -5.454545
v -10.000000 -0.327767 -3.636364
v -10.000000 -0.452647 -1.818182
v -8.181818 -0.492533 0.000000
v -6.363636 -0.447061 0.000000
v -4.545455 -0.260736 0.000000
v -2.727273 0.176595 0.000000
v -0.909091 0.373075 0.000000
v 0.909091 0.352303 0.000000
v 2.727273 0.085029 0.000000
v 4.545455 -0.277084 0.000000
v 6.363636 -0.361240 0.000000
v 8.181818 -0.261807 0.000000
v 10.000000 -0.084502 -1.818182
v 10.000000 0.041752 -3.636364
v 10.000000 0.078575 -5.454545
v 10.000000 0.089254 -7.272727
v 10.000000 0.095617 -9.090909
v 10.000000 0.146485 -10.909091
v 10.000000 0.380653 -12.727273
v 10.000000 0.483605 -14.545454
v 10.000000 0.634154 -16.363636
v 10.000000 1.605917 -18.181818
v 8.181818 1.400912 -20.000000
v 6.363636 1.011431 -20.000000
v 4.545455 0.792441 -20.000000
v 2.727273 0.449591 -20.000000
v 0.909091 0.334392 -20.000000
v -0.909091 0.361570 -20.000000
v -2.727273 0.448808 -20.000000
v -4.545455 1.110016 -20.000000
v -6.363636 2.083082 -20.000000
v -8.181818 5.621178 -20.000000
v -8.181818 -0.506136 -1.818182
v -8.181818 -0.455916 -3.636364
v -8.181818 -0.359295 -5.454545
v -8.181818 0.148028 -7.272727
v -8.181818 0.266738 -9.090909
v -8.181818 0.658440 -10.909091
v -8.181818 0.954596 -12.727273
v -8.181818 2.417357 -14.545454
v -8.181818 3.360256 -16.363636
v -8.181818 5.525311 -18.181818
v -6.363636 -0.498588 -1.818182
v -6.363636 -0.483451 -3.636364
v -6.363636 -0.446820 -5.454545
v -6.363636 -0.074675 -7.272727
v -6.363636 0.154597 -9.090909
v -6.363636 0.202596 -10.909091
v -6.363636 0.372311 -12.727273
v -6.363636 0.955887 -14.545454
v -6.363636 2.846950 -16.363636
v -6.363636 4.862390 -18.181818
v -4.545455 -0.463026 -1.818182
v -4.545455 -0.490851 -3.636364
v -4.545455 -0.461964 -5.454545
v -4.545455 -0.350069 -7.272727
v -4.545455 -0.012020 -9.090909
v -4.545455 0.108939 -10.909091
v -4.545455 0.200416 -12.727273
v -4.545455 0.830994 -14.545454
v -4.545455 2.226826 -16.363636
v -4.545455 2.927451 -18.181818
v -2.727273 -0.054331 -1.818182
v -2.727273 -0.472356 -3.636364
v -2.727273 -0.466239 -5.454545
v -2.727273 -0.371650 -7.272727
v -2.727273 -0.100431 -9.090909
v -2.727273 0.132625 -10.909091
v -2.727273 0.289093 -12.727273
v -2.727273 0.520822 -14.545454
v -2.727273 1.194310 -16.363636
v -2.727273 2.060799 -18.181818
v -0.909091 0.206336 -1.818182
v -0.909091 -0.434354 -3.636364
v -0.909091 -0.478125 -5.454545
v -0.909091 -0.424736 -7.272727
v -0.909091 -0.294026 -9.090909
v -0.909091 0.136134 -10.909091
v -0.909091 0.252582 -12.727273
v -0.909091 0.439729 -14.545454
v -0.909091 0.597696 -16.363636
v -0.909091 1.535005 -18.181818
v 0.909091 0.182073 -1.818182
v 0.909091 -0.310079 -3.636364
v 0.909091 -0.448785 -5.454545
v 0.909091 -0.449081 -7.272727
v 0.909091 -0.401092 -9.090909
v 0.909091 -0.209396 -10.909091
v 0.909091 0.118187 -12.727273
v 0.909091 0.253142 -14.545454
v 0.909091 0.462662 -16.363636
v 0.909091 0.495548 -18.181818
v 2.727273 -0.042297 -1.818182
v 2.727273 -0.333613 -3.636364
v 2.727273 -0.434554 -5.454545
v 2.727273 -0.448299 -7.272727
v 2.727273 -0.413562 -9.090909
v 2.727273 -0.263602 -10.909091
v 2.727273 -0.003123 -12.727273
v 2.727273 0.195004 -14.545454
v 2.727273 0.450135 -16.363636
v 2.727273 0.625576 -18.181818
v 4.545455 -0.456277 -1.818182
v 4.545455 -0.474526 -3.636364
v 4.545455 -0.473156 -5.454545
v 4.545455 -0.434958 -7.272727
v 4.545455 -0.362636 -9.090909
v 4.545455 -0.120606 -10.909091
v 4.545455 0.040313 -12.727273
v 4.545455 0.247202 -14.545454
v 4.545455 0.622213 -16.363636
v 4.545455 0.897350 -18.181818
v 6.363636 -0.486086 -1.818182
v 6.363636 -0.496592 -3.636364
v 6.363636 -0.458977 -5.454545
v 6.363636 -0.338045 -7.272727
v 6.363636 -0.106797 -9.090909
v 6.363636 0.014867 -10.909091
v 6.363636 0.231936 -12.727273
v 6.363636 0.410577 -14.545454
v 6.363636 0.785359 -16.363636
v 6.363636 1.026235 -18.181818
v 8.181818 -0.396484 -1.818182
v 8.181818 -0.352054 -3.636364
v 8.181818 -0.020994 -5.454545
v 8.181818 0.083342 -7.272727
v 8.181818 0.105772 -9.090909
v 8.181818 0.194488 -10.909091
v 8.181818 0.439832 -12.727273
v 8.181818 0.583611 -14.545454
v 8.181818 0.890285 -16.363636
v 8.181818 1.420169 -18.181818
v -10.000000 -0.464745 -1.212121
v -10.000000 -0.461869 -0.606061
v 8.787879 -0.184042 0.000000
v 9.393939 -0.104488 0.000000
v 10.000000 1.717676 -18.787880
v 10.000000 1.737613 -19.393940
v -8.787879 5.757373 -20.000000
v -9.393939 5.755755 -20.000000
v -10.000000 5.695474 -19.393940
v -10.000000 5.538479 -18.787880
v -10.000000 2.256688 -17.575758
v -10.000000 2.160868 -16.969696
v -10.000000 1.107707 -15.757576
v -10.000000 1.097597 -15.151515
v -10.000000 1.333427 -13.939394
v -10.000000 1.212446 -13.333333
v -10.000000 0.908959 -12.121212
v -10.000000 0.685716 -11.515151
v -10.000000 0.457355 -10.303030
v -10.000000 0.322781 -9.696969
v -10.000000 0.137480 -8.484848
v -10.000000 0.103281 -7.878788
v -10.000000 0.024326 -6.666667
v -10.000000 -0.049363 -6.060606
v -10.000000 -0.205575 -4.848485
v -10.000000 -0.271996 -4.242424
v -10.000000 -0.382657 -3.030303
v -10.000000 -0.425836 -2.424242
v -9.393939 -0.475381 0.000000
v -8.787879 -0.490183 0.000000
v -7.575758 -0.486844 0.000000
v -6.969697 -0.472016 0.000000
v -5.757576 -0.412749 0.000000
v -5.151515 -0.359359 0.000000
v -3.939394 -0.094492 0.000000
v -3.333333 0.079165 0.000000
v -2.121212 0.241315 0.000000
v -1.515151 0.312844 0.000000
v -0.303030 0.398123 0.000000
v 0.303031 0.392031 0.000000
v 1.515152 0.272308 0.000000
v 2.121212 0.165972 0.000000
v 3.333333 0.003552 0.000000
v 3.939394 -0.144582 0.000000
v 5.151515 -0.340166 0.000000
v 5.757576 -0.361681 0.000000
v 6.969697 -0.345977 0.000000
v 7.575758 -0.315280 0.000000
v 10.000000 -0.076837 -0.606061
v 10.000000 -0.090190 -1.212121
v 10.000000 -0.053017 -2.424242
v 10.000000 -0.002491 -3.030303
v 10.000000 0.065850 -4.242424
v 10.000000 0.077137 -4.848485
v 10.000000 0.078417 -6.060606
v 10.000000 0.082658 -6.666667
v 10.000000 0.096425 -7.878788
v 10.000000 0.099473 -8.484849
v 10.000000 0.095733 -9.696970
v 10.000000 0.109505 -10.303031
v 10.000000 0.215107 -11.515152
v 10.000000 0.308543 -12.121212
v 10.000000 0.420651 -13.333334
v 10.000000 0.448659 -13.939394
v 10.000000 0.525139 -15.151515
v 10.000000 0.568344 -15.757576
v 10.000000 0.935126 -16.969696
v 10.000000 1.449910 -17.575758
v 9.393939 1.704882 -20.000000
v 8.787879 1.596458 -20.000000
v 7.575758 1.218354 -20.000000
v 6.969697 1.092005 -20.000000
v 5.757576 0.923568 -20.000000
v 5.151515 0.861385 -20.000000
v 3.939394 0.666611 -20.000000
v 3.333333 0.549835 -20.000000
v 2.121212 0.377149 -20.000000
v 1.515151 0.341366 -20.000000
v 0.303030 0.338672 -20.000000
v -0.303031 0.348443 -20.000000
v -1.515152 0.368609 -20.000000
v -2.121212 0.390752 -20.000000
v -3.333333 0.596847 -20.000000
v -3.939394 0.819043 -20.000000
v -5.151515 1.130677 -20.000000
v -5.757576 1.444635 -20.000000
v -6.969697 2.454234 -20.000000
v -7.575758 5.156062 -20.000000
v -8.181818 5.656720 -18.787880
v -8.181818 5.730370 -19.393940
v -8.181818 -0.511451 -0.606061
v -8.181818 -0.514429 -1.212121
v -8.181818 -0.490341 -2.424242
v -8.181818 -0.472398 -3.030303
v -8.181818 -0.435431 -4.242424
v -8.181818 -0.407061 -4.848485
v -8.181818 -0.226378 -6.060606
v -8.181818 0.078593 -6.666667
v -8.181818 0.187110 -7.878788
v -8.181818 0.214233 -8.484849
v -8.181818 0.378638 -9.696970
v -8.181818 0.498677 -10.303031
v -8.181818 0.792097 -11.515152
v -8.181818 0.862768 -12.121212
v -8.181818 1.201486 -13.333334
v -8.181818 1.866500 -13.939394
v -8.181818 2.798760 -15.151515
v -8.181818 3.015213 -15.757576
v -8.181818 4.307005 -16.969696
v -8.181818 5.211367 -17.575758
v -6.363636 4.991129 -18.787880
v -6.363636 4.440813 -19.393940
v -6.363636 -0.482685 -0.606061
v -6.363636 -0.496639 -1.212121
v -6.363636 -0.493712 -2.424242
v -6.363636 -0.487466 -3.030303
v -6.363636 -0.478099 -4.242424
v -6.363636 -0.466574 -4.848485
v -6.363636 -0.411482 -6.060606
v -6.363636 -0.331117 -6.666667
v -6.363636 0.100797 -7.878788
v -6.363636 0.142569 -8.484849
v -6.363636 0.160756 -9.696970
v -6.363636 0.175054 -10.303031
v -6.363636 0.236105 -11.515152
v -6.363636 0.295505 -12.121212
v -6.363636 0.498076 -13.333334
v -6.363636 0.639215 -13.939394
v -6.363636 1.667168 -15.151515
v -6.363636 2.432344 -15.757576
v -6.363636 3.409289 -16.969696
v -6.363636 4.450439 -17.575758
v -4.545455 2.582899 -18.787880
v -4.545455 1.606606 -19.393940
v -4.545455 -0.370548 -0.606061
v -4.545455 -0.433850 -1.212121
v -4.545455 -0.479448 -2.424242
v -4.545455 -0.488850 -3.030303
v -4.545455 -0.486677 -4.242424
v -4.545455 -0.478065 -4.848485
v -4.545455 -0.436293 -6.060606
v -4.545455 -0.401465 -6.666667
v -4.545455 -0.269505 -7.878788
v -4.545455 -0.138388 -8.484849
v -4.545455 0.056249 -9.696970
v -4.545455 0.085670 -10.303031
v -4.545455 0.139185 -11.515152
v -4.545455 0.171851 -12.121212
v -4.545455 0.256226 -13.333334
v -4.545455 0.464225 -13.939394
v -4.545455 1.052306 -15.151515
v -4.545455 1.220188 -15.757576
v -4.545455 2.768251 -16.969696
v -4.545455 3.149735 -17.575758
v -2.727273 1.716893 -18.787880
v -2.727273 1.288573 -19.393940
v -2.727273 0.173229 -0.606061
v -2.727273 0.123432 -1.212121
v -2.727273 -0.314285 -2.424242
v -2.727273 -0.436013 -3.030303
v -2.727273 -0.484000 -4.242424
v -2.727273 -0.480861 -4.848485
v -2.727273 -0.442466 -6.060606
v -2.727273 -0.410590 -6.666667
v -2.727273 -0.320762 -7.878788
v -2.727273 -0.239311 -8.484849
v -2.727273 0.016879 -9.696970
v -2.727273 0.076553 -10.303031
v -2.727273 0.187644 -11.515152
v -2.727273 0.231248 -12.121212
v -2.727273 0.364632 -13.333334
v -2.727273 0.442140 -13.939394
v -2.727273 0.679168 -15.151515
v -2.727273 0.866793 -15.757576
v -2.727273 1.809598 -16.969696
v -2.727273 2.286860 -17.575758
v -0.909091 1.197241 -18.787880
v -0.909091 0.692682 -19.393940
v -0.909091 0.360300 -0.606061
v -0.909091 0.303414 -1.212121
v -0.909091 0.103637 -2.424242
v -0.909091 -0.309087 -3.030303
v -0.909091 -0.469952 -4.242424
v -0.909091 -0.481779 -4.848485
v -0.909091 -0.463793 -6.060606
v -0.909091 -0.445438 -6.666667
v -0.909091 -0.390489 -7.878788
v -0.909091 -0.342771 -8.484849
v -0.909091 -0.205045 -9.696970
v -0.909091 0.013352 -10.303031
v -0.909091 0.171383 -11.515152
v -0.909091 0.210973 -12.121212
v -0.909091 0.296420 -13.333334
v -0.909091 0.354646 -13.939394
v -0.909091 0.480933 -15.151515
v -0.909091 0.497836 -15.757576
v -0.909091 0.877889 -16.969696
v -0.909091 1.508680 -17.575758
v 0.909091 0.451919 -18.787880
v 0.909091 0.405673 -19.393940
v 0.909091 0.340819 -0.606061
v 0.909091 0.282362 -1.212121
v 0.909091 0.072561 -2.424242
v 0.909091 -0.098185 -3.030303
v 0.909091 -0.386225 -4.242424
v 0.909091 -0.426807 -4.848485
v 0.909091 -0.456203 -6.060606
v 0.909091 -0.455881 -6.666667
v 0.909091 -0.436736 -7.878788
v 0.909091 -0.421088 -8.484849
v 0.909091 -0.370019 -9.696970
v 0.909091 -0.317662 -10.303031
v 0.909091 -0.047313 -11.515152
v 0.909091 0.060157 -12.121212
v 0.909091 0.155825 -13.333334
v 0.909091 0.197884 -13.939394
v 0.909091 0.334436 -15.151515
v 0.909091 0.404584 -15.757576
v 0.909091 0.509974 -16.969696
v 0.909091 0.545369 -17.575758
v 2.727273 0.641122 -18.787880
v 2.727273 0.579505 -19.393940
v 2.727273 0.080153 -0.606061
v 2.727273 0.048112 -1.212121
v 2.727273 -0.184214 -2.424242
v 2.727273 -0.280034 -3.030303
v 2.727273 -0.378805 -4.242424
v 2.727273 -0.412998 -4.848485
v 2.727273 -0.445355 -6.060606
v 2.727273 -0.450171 -6.666667
v 2.727273 -0.441074 -7.878788
v 2.727273 -0.430060 -8.484849
v 2.727273 -0.387008 -9.696970
v 2.727273 -0.341517 -10.303031
v 2.727273 -0.148519 -11.515152
v 2.727273 -0.051737 -12.121212
v 2.727273 0.050470 -13.333334
v 2.727273 0.114456 -13.939394
v 2.727273 0.296856 -15.151515
v 2.727273 0.379450 -15.757576
v 2.727273 0.516431 -16.969696
v 2.727273 0.574596 -17.575758
v 4.545455 0.894882 -18.787880
v 4.545455 0.867861 -19.393940
v 4.545455 -0.373587 -0.606061
v 4.545455 -0.427817 -1.212121
v 4.545455 -0.468946 -2.424242
v 4.545455 -0.473456 -3.030303
v 4.545455 -0.474947 -4.242424
v 4.545455 -0.475436 -4.848485
v 4.545455 -0.465439 -6.060606
v 4.545455 -0.451681 -6.666667
v 4.545455 -0.416301 -7.878788
v 4.545455 -0.393842 -8.484849
v 4.545455 -0.310674 -9.696970
v 4.545455 -0.226023 -10.303031
v 4.545455 -0.037418 -11.515152
v 4.545455 0.008362 -12.121212
v 4.545455 0.089508 -13.333334
v 4.545455 0.163306 -13.939394
v 4.545455 0.335233 -15.151515
v 4.545455 0.447975 -15.757576
v 4.545455 0.793616 -16.969696
v 4.545455 0.872212 -17.575758
v 6.363636 1.041623 -18.787880
v 6.363636 1.039652 -19.393940
v 6.363636 -0.424116 -0.606061
v 6.363636 -0.463145 -1.212121
v 6.363636 -0.497462 -2.424242
v 6.363636 -0.500041 -3.030303
v 6.363636 -0.488922 -4.242424
v 6.363636 -0.477026 -4.848485
v 6.363636 -0.431483 -6.060606
v 6.363636 -0.391867 -6.666667
v 6.363636 -0.267509 -7.878788
v 6.363636 -0.180981 -8.484849
v 6.363636 -0.054560 -9.696970
v 6.363636 -0.015963 -10.303031
v 6.363636 0.057884 -11.515152
v 6.363636 0.133507 -12.121212
v 6.363636 0.313076 -13.333334
v 6.363636 0.363594 -13.939394
v 6.363636 0.479785 -15.151515
v 6.363636 0.586081 -15.757576
v 6.363636 0.921151 -16.969696
v 6.363636 0.991510 -17.575758
v 8.181818 1.473819 -18.787880
v 8.181818 1.473482 -19.393940
v 8.181818 -0.331477 -0.606061
v 8.181818 -0.374041 -1.212121
v 8.181818 -0.401936 -2.424242
v 8.181818 -0.388877 -3.030303
v 8.181818 -0.273909 -4.242424
v 8.181818 -0.138314 -4.848485
v 8.181818 0.038278 -6.060606
v 8.181818 0.066644 -6.666667
v 8.181818 0.095890 -7.878788
v 8.181818 0.103669 -8.484849
v 8.181818 0.114507 -9.696970
v 8.181818 0.141234 -10.303031
v 8.181818 0.287629 -11.515152
v 8.181818 0.384971 -12.121212
v 8.181818 0.471785 -13.333334
v 8.181818 0.516821 -13.939394
v 8.181818 0.662726 -15.151515
v 8.181818 0.734526 -15.757576
v 8.181818 1.142826 -16.969696
v 8.181818 1.314110 -17.575758
v -8.787879 -0.501278 -1.818182
v -9.393939 -0.486761 -1.818182
v -8.787879 -0.433059 -3.636364
v -9.393939 -0.394890 -3.636364
v -8.787879 -0.293323 -5.454545
v -9.393939 -0.205145 -5.454545
v -8.787879 0.129371 -7.272727
v -9.393939 0.099742 -7.272727
v -8.787879 0.263372 -9.090909
v -9.393939 0.216671 -9.090909
v -8.787879 0.666759 -10.909091
v -9.393939 0.579590 -10.909091
v -8.787879 1.005346 -12.727273
v -9.393939 1.102961 -12.727273
v -8.787879 2.435403 -14.545454
v -9.393939 2.155844 -14.545454
v -8.787879 3.171272 -16.363636
v -9.393939 2.784809 -16.363636
v -8.787879 5.611101 -18.181818
v -9.393939 5.547315 -18.181818
v -6.969697 -0.502348 -1.818182
v -7.575758 -0.505649 -1.818182
v -6.969697 -0.477803 -3.636364
v -7.575758 -0.469818 -3.636364
v -6.969697 -0.431428 -5.454545
v -7.575758 -0.401925 -5.454545
v -6.969697 0.101590 -7.272727
v -7.575758 0.145203 -7.272727
v -6.969697 0.196993 -9.090909
v -7.575758 0.224427 -9.090909
v -6.969697 0.286759 -10.909091
v -7.575758 0.507996 -10.909091
v -6.969697 0.670493 -12.727273
v -7.575758 0.868692 -12.727273
v -6.969697 1.634546 -14.545454
v -7.575758 2.046894 -14.545454
v -6.969697 2.997427 -16.363636
v -7.575758 3.122594 -16.363636
v -6.969697 5.121135 -18.181818
v -7.575758 5.300963 -18.181818
v -5.151515 -0.482032 -1.818182
v -5.757576 -0.492849 -1.818182
v -5.151515 -0.490610 -3.636364
v -5.757576 -0.487920 -3.636364
v -5.151515 -0.461217 -5.454545
v -5.757576 -0.452829 -5.454545
v -5.151515 -0.347575 -7.272727
v -5.757576 -0.285114 -7.272727
v -5.151515 0.024888 -9.090909
v -5.757576 0.096971 -9.090909
v -5.151515 0.119666 -10.909091
v -5.757576 0.151503 -10.909091
v -5.151515 0.190484 -12.727273
v -5.757576 0.212001 -12.727273
v -5.151515 0.701586 -14.545454
v -5.757576 0.656975 -14.545454
v -5.151515 2.494286 -16.363636
v -5.757576 2.691467 -16.363636
v -5.151515 3.376698 -18.181818
v -5.757576 4.129762 -18.181818
v -3.333333 -0.360974 -1.818182
v -3.939394 -0.430530 -1.818182
v -3.333333 -0.481324 -3.636364
v -3.939394 -0.488108 -3.636364
v -3.333333 -0.456764 -5.454545
v -3.939394 -0.454525 -5.454545
v -3.333333 -0.352144 -7.272727
v -3.939394 -0.341226 -7.272727
v -3.333333 -0.059474 -9.090909
v -3.939394 -0.027058 -9.090909
v -3.333333 0.132768 -10.909091
v -3.939394 0.119351 -10.909091
v -3.333333 0.267533 -12.727273
v -3.939394 0.234997 -12.727273
v -3.333333 0.612657 -14.545454
v -3.939394 0.752637 -14.545454
v -3.333333 1.427392 -16.363636
v -3.939394 1.677719 -16.363636
v -3.333333 2.382257 -18.181818
v -3.939394 2.573373 -18.181818
v -1.515151 0.169084 -1.818182
v -2.121212 0.114923 -1.818182
v -1.515151 -0.452238 -3.636364
v -2.121212 -0.463125 -3.636364
v -1.515151 -0.477465 -5.454545
v -2.121212 -0.473008 -5.454545
v -1.515151 -0.406386 -7.272727
v -2.121212 -0.390364 -7.272727
v -1.515151 -0.218501 -9.090909
v -2.121212 -0.156043 -9.090909
v -1.515152 0.174085 -10.909091
v -2.121212 0.147333 -10.909091
v -1.515152 0.279192 -12.727273
v -2.121212 0.293581 -12.727273
v -1.515152 0.477281 -14.545454
v -2.121212 0.494352 -14.545454
v -1.515152 0.659297 -16.363636
v -2.121212 0.748769 -16.363636
v -1.515152 1.671390 -18.181818
v -2.121212 1.779167 -18.181818
v 0.303030 0.221334 -1.818182
v -0.303030 0.228978 -1.818182
v 0.303030 -0.361067 -3.636364
v -0.303030 -0.405630 -3.636364
v 0.303030 -0.461379 -5.454545
v -0.303030 -0.473239 -5.454545
v 0.303030 -0.442430 -7.272727
v -0.303030 -0.433705 -7.272727
v 0.303030 -0.376782 -9.090909
v -0.303030 -0.341867 -9.090909
v 0.303030 -0.117745 -10.909091
v -0.303030 0.004488 -10.909091
v 0.303030 0.178042 -12.727273
v -0.303030 0.219907 -12.727273
v 0.303030 0.291460 -14.545454
v -0.303030 0.349156 -14.545454
v 0.303030 0.485796 -16.363636
v -0.303030 0.532041 -16.363636
v 0.303030 0.713800 -18.181818
v -0.303031 1.290284 -18.181818
v 2.121212 0.065588 -1.818182
v 1.515152 0.124163 -1.818182
v 2.121212 -0.282607 -3.636364
v 1.515152 -0.274943 -3.636364
v 2.121212 -0.431099 -5.454545
v 1.515152 -0.436748 -5.454545
v 2.121212 -0.450777 -7.272727
v 1.515152 -0.451632 -7.272727
v 2.121212 -0.416930 -9.090909
v 1.515152 -0.413312 -9.090909
v 2.121212 -0.274213 -10.909091
v 1.515152 -0.259322 -10.909091
v 2.121212 0.008410 -12.727273
v 1.515152 0.053844 -12.727273
v 2.121212 0.203939 -14.545454
v 1.515152 0.225532 -14.545454
v 2.121212 0.436395 -16.363636
v 1.515152 0.443422 -16.363636
v 2.121212 0.569559 -18.181818
v 1.515151 0.522391 -18.181818
v 3.939394 -0.403566 -1.818182
v 3.333333 -0.275351 -1.818182
v 3.939394 -0.443135 -3.636364
v 3.333333 -0.395830 -3.636364
v 3.939394 -0.461724 -5.454545
v 3.333333 -0.446892 -5.454545
v 3.939394 -0.442093 -7.272727
v 3.333333 -0.445452 -7.272727
v 3.939394 -0.388628 -9.090909
v 3.333333 -0.404304 -9.090909
v 3.939394 -0.183172 -10.909091
v 3.333333 -0.232468 -10.909091
v 3.939394 0.023620 -12.727273
v 3.333333 0.007267 -12.727273
v 3.939394 0.225487 -14.545454
v 3.333333 0.203686 -14.545454
v 3.939394 0.549412 -16.363636
v 3.333333 0.490018 -16.363636
v 3.939394 0.864316 -18.181818
v 3.333333 0.780380 -18.181818
v 5.757576 -0.490042 -1.818182
v 5.151515 -0.481399 -1.818182
v 5.757576 -0.500464 -3.636364
v 5.151515 -0.493151 -3.636364
v 5.757576 -0.474572 -5.454545
v 5.151515 -0.478371 -5.454545
v 5.757576 -0.393600 -7.272727
v 5.151515 -0.420739 -7.272727
v 5.757576 -0.230990 -9.090909
v 5.151515 -0.316101 -9.090909
v 5.757576 -0.026462 -10.909091
v 5.151515 -0.064195 -10.909091
v 5.757576 0.120944 -12.727273
v 5.151515 0.062693 -12.727273
v 5.757576 0.340867 -14.545454
v 5.151515 0.280165 -14.545454
v 5.757576 0.752103 -16.363636
v 5.151515 0.695940 -16.363636
v 5.757576 0.971272 -18.181818
v 5.151515 0.927267 -18.181818
v 7.575758 -0.442965 -1.818182
v 6.969697 -0.470523 -1.818182
v 7.575758 -0.442010 -3.636364
v 6.969697 -0.479599 -3.636364
v 7.575758 -0.320127 -5.454545
v 6.969697 -0.422957 -5.454545
v 7.575758 0.009228 -7.272727
v 6.969697 -0.199119 -7.272727
v 7.575758 0.073815 -9.090909
v 6.969697 0.007749 -9.090909
v 7.575758 0.135886 -10.909091
v 6.969697 0.068763 -10.909091
v 7.575758 0.408654 -12.727273
v 6.969697 0.343597 -12.727273
v 7.575758 0.542164 -14.545454
v 6.969697 0.477757 -14.545454
v 7.575758 0.857975 -16.363636
v 6.969697 0.816839 -16.363636
v 7.575758 1.250354 -18.181818
v 6.969697 1.107805 -18.181818
v 9.393939 -0.177646 -1.818182
v 8.787879 -0.309555 -1.818182
v 9.393939 0.013696 -3.636364
v 8.787879 -0.124814 -3.636364
v 9.393939 0.091363 -5.454545
v 8.787879 0.079334 -5.454545
v 9.393939 0.105710 -7.272727
v 8.787879 0.103635 -7.272727
v 9.393939 0.118159 -9.090909
v 8.787879 0.121955 -9.090909
v 9.393939 0.201684 -10.909091
v 8.787879 0.218865 -10.909091
v 9.393939 0.430882 -12.727273
v 8.787879 0.447169 -12.727273
v 9.393939 0.560021 -14.545454
v 8.787879 0.592043 -14.545454
v 9.393939 0.787013 -16.363636
v 8.787879 0.879722 -16.363636
v 9.393939 1.638210 -18.181818
v 8.787879 1.554944 -18.181818
v 8.787879 1.220499 -16.969696
v 8.787879 1.428405 -17.575758
v 9.393939 1.207376 -16.969696
v 9.393939 1.478443 -17.575758
v 8.787879 0.665137 -15.151515
v 8.787879 0.739705 -15.757576
v 9.393939 0.621747 -15.151515
v 9.393939 0.690342 -15.757576
v 8.787879 0.479472 -13.333334
v 8.787879 0.526052 -13.939394
v 9.393939 0.463632 -13.333334
v 9.393939 0.504002 -13.939394
v 8.787879 0.309050 -11.515152
v 8.787879 0.396935 -12.121212
v 9.393939 0.285035 -11.515152
v 9.393939 0.375370 -12.121212
v 8.787879 0.131725 -9.696970
v 8.787879 0.161539 -10.303031
v 9.393939 0.124713 -9.696970
v 9.393939 0.149914 -10.303031
v 8.787879 0.114781 -7.878788
v 8.787879 0.120966 -8.484849
v 9.393939 0.115044 -7.878788
v 9.393939 0.119429 -8.484849
v 8.787879 0.087249 -6.060606
v 8.787879 0.093944 -6.666667
v 9.393939 0.091791 -6.060606
v 9.393939 0.097371 -6.666667
v 8.787879 -0.003395 -4.242424
v 8.787879 0.058287 -4.848485
v 9.393939 0.065029 -4.242424
v 9.393939 0.085451 -4.848485
v 8.787879 -0.295092 -2.424242
v 8.787879 -0.237500 -3.030303
v 9.393939 -0.143549 -2.424242
v 9.393939 -0.071662 -3.030303
v 8.787879 -0.249841 -0.606061
v 8.787879 -0.293539 -1.212121
v 9.393939 -0.148230 -0.606061
v 9.393939 -0.176872 -1.212121
v 6.969697 0.974246 -16.969696
v 6.969697 1.057119 -17.575758
v 7.575758 1.044634 -16.969696
v 7.575758 1.172315 -17.575758
v 6.969697 0.555185 -15.151515
v 6.969697 0.638936 -15.757576
v 7.575758 0.622139 -15.151515
v 7.575758 0.693970 -15.757576
v 6.969697 0.397078 -13.333334
v 6.969697 0.429753 -13.939394
v 7.575758 0.445539 -13.333334
v 7.575758 0.480912 -13.939394
v 6.969697 0.134988 -11.515152
v 6.969697 0.243259 -12.121212
v 7.575758 0.223511 -11.515152
v 7.575758 0.336583 -12.121212
v 6.969697 0.026488 -9.696970
v 6.969697 0.043286 -10.303031
v 7.575758 0.079065 -9.696970
v 7.575758 0.095604 -10.303031
v 6.969697 -0.089323 -7.878788
v 6.969697 -0.025576 -8.484849
v 7.575758 0.048909 -7.878788
v 7.575758 0.067634 -8.484849
v 6.969697 -0.377693 -6.060606
v 6.969697 -0.304566 -6.666667
v 7.575758 -0.205136 -6.060606
v 7.575758 -0.067267 -6.666667
v 6.969697 -0.468182 -4.242424
v 6.969697 -0.450588 -4.848485
v 7.575758 -0.421399 -4.242424
v 7.575758 -0.386184 -4.848485
v 6.969697 -0.482401 -2.424242
v 6.969697 -0.484833 -3.030303
v 7.575758 -0.454149 -2.424242
v 7.575758 -0.453520 -3.030303
v 6.969697 -0.407220 -0.606061
v 6.969697 -0.446554 -1.212121
v 7.575758 -0.378934 -0.606061
v 7.575758 -0.418773 -1.212121
v 5.151515 0.842805 -16.969696
v 5.151515 0.903688 -17.575758
v 5.757576 0.883328 -16.969696
v 5.757576 0.943566 -17.575758
v 5.151515 0.369716 -15.151515
v 5.151515 0.490142 -15.757576
v 5.757576 0.419924 -15.151515
v 5.757576 0.534408 -15.757576
v 5.151515 0.120771 -13.333334
v 5.151515 0.193716 -13.939394
v 5.757576 0.198010 -13.333334
v 5.757576 0.271435 -13.939394
v 5.151515 -0.011527 -11.515152
v 5.151515 0.023741 -12.121212
v 5.757576 0.011794 -11.515152
v 5.757576 0.055706 -12.121212
v 5.151515 -0.243384 -9.696970
v 5.151515 -0.147979 -10.303031
v 5.757576 -0.149547 -9.696970
v 5.757576 -0.077378 -10.303031
v 5.151515 -0.394042 -7.878788
v 5.151515 -0.361558 -8.484849
v 5.757576 -0.353556 -7.878788
v 5.757576 -0.301185 -8.484849
v 5.151515 -0.464919 -6.060606
v 5.151515 -0.444998 -6.666667
v 5.757576 -0.455264 -6.060606
v 5.757576 -0.427755 -6.666667
v 5.151515 -0.490197 -4.242424
v 5.151515 -0.485910 -4.848485
v 5.757576 -0.495153 -4.242424
v 5.757576 -0.487075 -4.848485
v 5.151515 -0.491761 -2.424242
v 5.151515 -0.494637 -3.030303
v 5.757576 -0.500521 -2.424242
v 5.757576 -0.503074 -3.030303
v 5.151515 -0.416083 -0.606061
v 5.151515 -0.458491 -1.212121
v 5.757576 -0.429102 -0.606061
v 5.757576 -0.468267 -1.212121
v 3.333333 0.597672 -16.969696
v 3.333333 0.721931 -17.575758
v 3.939394 0.709199 -16.969696
v 3.939394 0.825997 -17.575758
v 3.333333 0.302091 -15.151515
v 3.333333 0.389192 -15.757576
v 3.939394 0.317594 -15.151515
v 3.939394 0.414815 -15.757576
v 3.333333 0.054169 -13.333334
v 3.333333 0.116383 -13.939394
v 3.939394 0.067737 -13.333334
v 3.939394 0.136749 -13.939394
v 3.333333 -0.119968 -11.515152
v 3.333333 -0.035259 -12.121212
v 3.939394 -0.076501 -11.515152
v 3.939394 -0.011197 -12.121212
v 3.333333 -0.373762 -9.696970
v 3.333333 -0.320695 -10.303031
v 3.939394 -0.350171 -9.696970
v 3.939394 -0.283791 -10.303031
v 3.333333 -0.436272 -7.878788
v 3.333333 -0.423403 -8.484849
v 3.939394 -0.428863 -7.878788
v 3.939394 -0.411998 -8.484849
v 3.333333 -0.451120 -6.060606
v 3.333333 -0.450707 -6.666667
v 3.939394 -0.459630 -6.060606
v 3.939394 -0.452419 -6.666667
v 3.333333 -0.415006 -4.242424
v 3.333333 -0.434170 -4.848485
v 3.939394 -0.449441 -4.242424
v 3.939394 -0.456966 -4.848485
v 3.333333 -0.344121 -2.424242
v 3.333333 -0.375983 -3.030303
v 3.939394 -0.426004 -2.424242
v 3.939394 -0.436627 -3.030303
v 3.333333 -0.048639 -0.606061
v 3.333333 -0.151650 -1.212121
v 3.939394 -0.265619 -0.606061
v 3.939394 -0.355494 -1.212121
v 1.515152 0.480335 -16.969696
v 1.515151 0.499709 -17.575758
v 2.121212 0.473816 -16.969696
v 2.121212 0.503978 -17.575758
v 1.515152 0.317483 -15.151515
v 1.515152 0.394009 -15.757576
v 2.121212 0.303036 -15.151515
v 2.121212 0.385031 -15.757576
v 1.515152 0.105951 -13.333334
v 1.515152 0.159630 -13.939394
v 2.121212 0.066482 -13.333334
v 2.121212 0.130153 -13.939394
v 1.515152 -0.116965 -11.515152
v 1.515152 -0.008170 -12.121212
v 2.121212 -0.151698 -11.515152
v 2.121212 -0.048908 -12.121212
v 1.515152 -0.386766 -9.696970
v 1.515152 -0.341842 -10.303031
v 2.121212 -0.391598 -9.696970
v 2.121212 -0.348623 -10.303031
v 1.515152 -0.442643 -7.878788
v 1.515152 -0.430357 -8.484849
v 2.121212 -0.443570 -7.878788
v 2.121212 -0.432744 -8.484849
v 1.515152 -0.450414 -6.060606
v 1.515152 -0.454913 -6.666667
v 2.121212 -0.446052 -6.060606
v 2.121212 -0.452077 -6.666667
v 1.515152 -0.361142 -4.242424
v 1.515152 -0.410172 -4.848485
v 2.121212 -0.354187 -4.242424
v 2.121212 -0.402870 -4.848485
v 1.515152 0.023705 -2.424242
v 1.515152 -0.128223 -3.030303
v 2.121212 -0.051972 -2.424242
v 2.121212 -0.184062 -3.030303
v 1.515152 0.261611 -0.606061
v 1.515152 0.205434 -1.212121
v 2.121212 0.159539 -0.606061
v 2.121212 0.121996 -1.212121
v -0.303030 0.675626 -16.969696
v -0.303031 1.112308 -17.575758
v 0.303030 0.574317 -16.969696
v 0.303030 0.688132 -17.575758
v -0.303030 0.417797 -15.151515
v -0.303030 0.452510 -15.757576
v 0.303030 0.359758 -15.151515
v 0.303030 0.423033 -15.757576
v -0.303030 0.252652 -13.333334
v -0.303030 0.292488 -13.939394
v 0.303030 0.207519 -13.333334
v 0.303030 0.243084 -13.939394
v -0.303030 0.105035 -11.515152
v -0.303030 0.180200 -12.121212
v 0.303030 0.033759 -11.515152
v 0.303030 0.129187 -12.121212
v -0.303030 -0.287716 -9.696970
v -0.303030 -0.170046 -10.303031
v 0.303030 -0.338486 -9.696970
v 0.303030 -0.266641 -10.303031
v -0.303030 -0.409224 -7.878788
v -0.303030 -0.379326 -8.484849
v 0.303030 -0.425337 -7.878788
v 0.303030 -0.403818 -8.484849
v -0.303030 -0.465295 -6.060606
v -0.303030 -0.452681 -6.666667
v 0.303030 -0.461519 -6.060606
v 0.303030 -0.454387 -6.666667
v -0.303030 -0.454277 -4.242424
v -0.303030 -0.472177 -4.848485
v 0.303030 -0.427004 -4.242424
v 0.303030 -0.451646 -4.848485
v -0.303030 0.116263 -2.424242
v -0.303030 -0.192851 -3.030303
v 0.303030 0.105473 -2.424242
v 0.303030 -0.107917 -3.030303
v -0.303030 0.386454 -0.606061
v -0.303030 0.331282 -1.212121
v 0.303030 0.380390 -0.606061
v 0.303030 0.324341 -1.212121
v -2.121212 1.576105 -16.969696
v -2.121212 1.847774 -17.575758
v -1.515152 1.310212 -16.969696
v -1.515152 1.660697 -17.575758
v -2.121212 0.554601 -15.151515
v -2.121212 0.616805 -15.757576
v -1.515152 0.509162 -15.151515
v -1.515152 0.552799 -15.757576
v -2.121212 0.364255 -13.333334
v -2.121212 0.428717 -13.939394
v -1.515152 0.337568 -13.333334
v -1.515152 0.406041 -13.939394
v -2.121212 0.189009 -11.515152
v -2.121212 0.236797 -12.121212
v -1.515152 0.193804 -11.515152
v -1.515152 0.230325 -12.121212
v -2.121212 -0.028226 -9.696970
v -2.121212 0.073759 -10.303031
v -1.515151 -0.098454 -9.696970
v -1.515151 0.085034 -10.303031
v -2.121212 -0.335318 -7.878788
v -2.121212 -0.251296 -8.484849
v -1.515151 -0.361365 -7.878788
v -1.515151 -0.292304 -8.484849
v -2.121212 -0.452939 -6.060606
v -2.121212 -0.425096 -6.666667
v -1.515151 -0.460189 -6.060606
v -1.515151 -0.435922 -6.666667
v -2.121212 -0.482175 -4.242424
v -2.121212 -0.483770 -4.848485
v -1.515151 -0.478345 -4.242424
v -1.515151 -0.484750 -4.848485
v -2.121212 -0.008432 -2.424242
v -2.121212 -0.402230 -3.030303
v -1.515151 0.052787 -2.424242
v -1.515151 -0.372805 -3.030303
v -2.121212 0.234533 -0.606061
v -2.121212 0.195219 -1.212121
v -1.515151 0.300886 -0.606061
v -1.515151 0.249462 -1.212121
v -3.939394 2.327567 -16.969696
v -3.939394 2.636524 -17.575758
v -3.333333 2.003776 -16.969696
v -3.333333 2.440647 -17.575758
v -3.939394 1.047784 -15.151515
v -3.939394 1.175062 -15.757576
v -3.333333 0.938068 -15.151515
v -3.333333 1.136039 -15.757576
v -3.939394 0.299044 -13.333334
v -3.939394 0.407274 -13.939394
v -3.333333 0.339488 -13.333334
v -3.333333 0.430468 -13.939394
v -3.939394 0.157517 -11.515152
v -3.939394 0.193375 -12.121212
v -3.333333 0.176985 -11.515152
v -3.333333 0.215033 -12.121212
v -3.939394 0.050337 -9.696970
v -3.939394 0.086928 -10.303031
v -3.333333 0.039588 -9.696970
v -3.333333 0.086499 -10.303031
v -3.939394 -0.276758 -7.878788
v -3.939394 -0.163588 -8.484849
v -3.333333 -0.297498 -7.878788
v -3.333333 -0.203098 -8.484849
v -3.939394 -0.425735 -6.060606
v -3.939394 -0.388852 -6.666667
v -3.333333 -0.429647 -6.060606
v -3.333333 -0.394989 -6.666667
v -3.939394 -0.485492 -4.242424
v -3.939394 -0.474645 -4.848485
v -3.333333 -0.484893 -4.242424
v -3.333333 -0.475923 -4.848485
v -3.939394 -0.461157 -2.424242
v -3.939394 -0.480055 -3.030303
v -3.333333 -0.426918 -2.424242
v -3.333333 -0.463437 -3.030303
v -3.939394 -0.226937 -0.606061
v -3.939394 -0.366063 -1.212121
v -3.333333 0.047675 -0.606061
v -3.333333 -0.135642 -1.212121
v -5.757576 3.275681 -16.969696
v -5.757576 4.060805 -17.575758
v -5.151515 3.102333 -16.969696
v -5.151515 3.585470 -17.575758
v -5.757576 1.085821 -15.151515
v -5.757576 2.080973 -15.757576
v -5.151515 1.046151 -15.151515
v -5.151515 1.601166 -15.757576
v -5.757576 0.307422 -13.333334
v -5.757576 0.480697 -13.939394
v -5.151515 0.241123 -13.333334
v -5.151515 0.464890 -13.939394
v -5.757576 0.169640 -11.515152
v -5.757576 0.186453 -12.121212
v -5.151515 0.143141 -11.515152
v -5.151515 0.167943 -12.121212
v -5.757576 0.115800 -9.696970
v -5.757576 0.132039 -10.303031
v -5.151515 0.077169 -9.696970
v -5.151515 0.099870 -10.303031
v -5.757576 -0.063382 -7.878788
v -5.757576 0.055977 -8.484849
v -5.151515 -0.236623 -7.878788
v -5.151515 -0.083441 -8.484849
v -5.757576 -0.427396 -6.060606
v -5.757576 -0.383523 -6.666667
v -5.151515 -0.438173 -6.060606
v -5.151515 -0.404934 -6.666667
v -5.757576 -0.481896 -4.242424
v -5.757576 -0.470406 -4.848485
v -5.151515 -0.485368 -4.242424
v -5.151515 -0.476401 -4.848485
v -5.757576 -0.493612 -2.424242
v -5.757576 -0.491027 -3.030303
v -5.151515 -0.489584 -2.424242
v -5.151515 -0.491960 -3.030303
v -5.757576 -0.461700 -0.606061
v -5.757576 -0.484156 -1.212121
v -5.151515 -0.430680 -0.606061
v -5.151515 -0.465560 -1.212121
v -7.575758 3.967921 -16.969696
v -7.575758 5.126935 -17.575758
v -6.969697 3.592848 -16.969696
v -6.969697 4.701316 -17.575758
v -7.575758 2.501738 -15.151515
v -7.575758 2.848238 -15.757576
v -6.969697 2.205404 -15.151515
v -6.969697 2.634577 -15.757576
v -7.575758 1.028752 -13.333334
v -7.575758 1.519847 -13.939394
v -6.969697 0.805039 -13.333334
v -6.969697 1.023951 -13.939394
v -7.575758 0.699458 -11.515152
v -7.575758 0.787881 -12.121212
v -6.969697 0.419570 -11.515152
v -6.969697 0.580325 -12.121212
v -7.575758 0.263912 -9.696970
v -7.575758 0.347084 -10.303031
v -6.969697 0.203454 -9.696970
v -6.969697 0.228000 -10.303031
v -7.575758 0.186082 -7.878788
v -7.575758 0.209867 -8.484849
v -6.969697 0.163140 -7.878788
v -6.969697 0.187094 -8.484849
v -7.575758 -0.322946 -6.060606
v -7.575758 0.014626 -6.666667
v -6.969697 -0.379267 -6.060606
v -6.969697 -0.207364 -6.666667
v -7.575758 -0.458030 -4.242424
v -7.575758 -0.437539 -4.848485
v -6.969697 -0.471314 -4.242424
v -6.969697 -0.457453 -4.848485
v -7.575758 -0.492276 -2.424242
v -7.575758 -0.478969 -3.030303
v -6.969697 -0.492646 -2.424242
v -6.969697 -0.483156 -3.030303
v -7.575758 -0.508149 -0.606061
v -7.575758 -0.512690 -1.212121
v -6.969697 -0.498460 -0.606061
v -6.969697 -0.506170 -1.212121
v -9.393939 3.121251 -16.969696
v -9.393939 3.819124 -17.575758
v -8.787879 3.655462 -16.969696
v -8.787879 4.503324 -17.575758
v -9.393939 2.351648 -15.151515
v -9.393939 2.561263 -15.757576
v -8.787879 2.717956 -15.151515
v -8.787879 2.928369 -15.757576
v -9.393939 1.417732 -13.333334
v -9.393939 1.799257 -13.939394
v -8.787879 1.446353 -13.333334
v -8.787879 1.988544 -13.939394
v -9.393939 0.757189 -11.515151
v -9.393939 0.908560 -12.121212
v -8.787879 0.805436 -11.515152
v -8.787879 0.881661 -12.121212
v -9.393939 0.371259 -9.696970
v -9.393939 0.491611 -10.303030
v -8.787879 0.423538 -9.696970
v -8.787879 0.533306 -10.303030
v -9.393939 0.137519 -7.878788
v -9.393939 0.170804 -8.484849
v -8.787879 0.169142 -7.878788
v -8.787879 0.200607 -8.484849
v -9.393939 -0.071805 -6.060606
v -9.393939 0.041598 -6.666667
v -8.787879 -0.123678 -6.060606
v -8.787879 0.066556 -6.666667
v -9.393939 -0.350392 -4.242424
v -9.393939 -0.294816 -4.848485
v -8.787879 -0.401718 -4.242424
v -8.787879 -0.362573 -4.848485
v -9.393939 -0.466130 -2.424242
v -9.393939 -0.435313 -3.030303
v -8.787879 -0.483608 -2.424242
v -8.787879 -0.460342 -3.030303
v -9.393939 -0.494727 -0.606061
v -9.393939 -0.496765 -1.212121
v -8.787879 -0.508231 -0.606061
v -8.787879 -0.510383 -1.212121
v 6.969697 1.130718 -18.787880
v 6.969697 1.124573 -19.393940
v 7.575758 1.291778 -18.787880
v 7.575758 1.282238 -19.393940
v 5.151515 0.930104 -18.787880
v 5.151515 0.912976 -19.393940
v 5.757576 0.980540 -18.787880
v 5.757576 0.969977 -19.393940
v 3.333333 0.765138 -18.787880
v 3.333333 0.669519 -19.393940
v 3.939394 0.858070 -18.787880
v 3.939394 0.809591 -19.393940
v 1.515151 0.496495 -18.787880
v 1.515151 0.400706 -19.393940
v 2.121212 0.579324 -18.787880
v 2.121212 0.443157 -19.393940
v -0.303031 0.879513 -18.787880
v -0.303031 0.519250 -19.393940
v 0.303030 0.499900 -18.787880
v 0.303030 0.436919 -19.393940
v -2.121212 1.648670 -18.787880
v -2.121212 0.909961 -19.393940
v -1.515152 1.429470 -18.787880
v -1.515152 0.816577 -19.393940
v -3.939394 2.313341 -18.787880
v -3.939394 1.517268 -19.393940
v -3.333333 1.848907 -18.787880
v -3.333333 1.317128 -19.393940
v -5.757576 3.834984 -18.787880
v -5.757576 3.067785 -19.393940
v -5.151515 3.104029 -18.787880
v -5.151515 2.264434 -19.393940
v -7.575758 5.381305 -18.787880
v -7.575758 5.433452 -19.393940
v -6.969697 5.154615 -18.787880
v -6.969697 4.642048 -19.393940
v -9.393939 5.696512 -18.787880
v -9.393939 5.744895 -19.393940
v -8.787879 5.738346 -18.787880
v -8.787879 5.785145 -19.393940
v 8.787879 1.702286 -18.787880
v 8.787879 1.728281 -19.393940
v 9.393939 1.754414 -18.787880
v 9.393939 1.771286 -19.393940
v 0.147070 -0.030919 -3.170739
v 0.147070 0.090686 -3.170739
v 0.144414 -0.030919 -3.171001
v 0.144414 0.090686 -3.171001
v 0.141861 -0.030919 -3.171775
v 0.141861 0.090686 -3.171775
v 0.139508 -0.030919 -3.173033
v 0.139508 0.090686 -3.173033
v 0.137445 -0.030919 -3.174726
v 0.137445 0.090686 -3.174726
v 0.135752 -0.030919 -3.176789
v 0.135752 0.090686 -3.176789
v 0.134495 -0.030919 -3.179142
v 0.134495 0.090686 -3.179142
v 0.133720 -0.030919 -3.181695
v 0.133720 0.090686 -3.181695
v 0.133458 -0.030919 -3.184350
v 0.133458 0.090686 -3.184350
v 0.133720 -0.030919 -3.187006
v 0.133720 0.090686 -3.187006
v 0.134495 -0.030919 -3.189559
v 0.134495 0.090686 -3.189559
v 0.135752 -0.030919 -3.191912
v 0.135752 0.090686 -3.191912
v 0.137445 -0.030919 -3.193975
v 0.137445 0.090686 -3.193975
v 0.139508 -0.030919 -3.195668
v 0.139508 0.090686 -3.195668
v 0.141861 -0.030919 -3.196926
v 0.141861 0.090686 -3.196926
v 0.144414 -0.030919 -3.197700
v 0.144414 0.090686 -3.197700
v 0.147070 -0.030919 -3.197961
v 0.147070 0.090686 -3.197961
v 0.149725 -0.030919 -3.197700
v 0.149725 0.090686 -3.197700
v 0.152278 -0.030919 -3.196926
v 0.152278 0.090686 -3.196926
v 0.154632 -0.030919 -3.195668
v 0.154632 0.090686 -3.195668
v 0.156694 -0.030919 -3.193975
v 0.156694 0.090686 -3.193975
v 0.158387 -0.030919 -3.191912
v 0.158387 0.090686 -3.191912
v 0.159645 -0.030919 -3.189559
v 0.159645 0.090686 -3.189559
v 0.160419 -0.030919 -3.187006
v 0.160419 0.090686 -3.187006
v 0.160681 -0.030919 -3.184350
v 0.160681 0.090686 -3.184350
v 0.160419 -0.030919 -3.181695
v 0.160419 0.090686 -3.181695
v 0.159645 -0.030919 -3.179142
v 0.159645 0.090686 -3.179142
v 0.158387 -0.030919 -3.176789
v 0.158387 0.090686 -3.176789
v 0.156694 -0.030919 -3.174726
v 0.156694 0.090686 -3.174726
v 0.154632 -0.030919 -3.173033
v 0.154632 0.090686 -3.173033
v 0.152278 -0.030919 -3.171775
v 0.152278 0.090686 -3.171775
v 0.149725 -0.030919 -3.171001
v 0.149725 0.090686 -3.171001
v -0.150429 -0.030919 -3.170739
v -0.150429 0.090686 -3.170739
v -0.153085 -0.030919 -3.171001
v -0.153085 0.090686 -3.171001
v -0.155638 -0.030919 -3.171775
v -0.155638 0.090686 -3.171775
v -0.157991 -0.030919 -3.173033
v -0.157991 0.090686 -3.173033
v -0.160054 -0.030919 -3.174726
v -0.160054 0.090686 -3.174726
v -0.161746 -0.030919 -3.176789
v -0.161746 0.090686 -3.176789
v -0.163004 -0.030919 -3.179142
v -0.163004 0.090686 -3.179142
v -0.163779 -0.030919 -3.181695
v -0.163779 0.090686 -3.181695
v -0.164040 -0.030919 -3.184350
v -0.164040 0.090686 -3.184350
v -0.163779 -0.030919 -3.187006
v -0.163779 0.090686 -3.187006
v -0.163004 -0.030919 -3.189559
v -0.163004 0.090686 -3.189559
v -0.161746 -0.030919 -3.191912
v -0.161746 0.090686 -3.191912
v -0.160054 -0.030919 -3.193975
v -0.160054 0.090686 -3.193975
v -0.157991 -0.030919 -3.195668
v -0.157991 0.090686 -3.195668
v -0.155638 -0.030919 -3.196926
v -0.155638 0.090686 -3.196926
v -0.153085 -0.030919 -3.197700
v -0.153085 0.090686 -3.197700
v -0.150429 -0.030919 -3.197961
v -0.150429 0.090686 -3.197961
v -0.147774 -0.030919 -3.197700
v -0.147774 0.090686 -3.197700
v -0.145220 -0.030919 -3.196926
v -0.145220 0.090686 -3.196926
v -0.142867 -0.030919 -3.195668
v -0.142867 0.090686 -3.195668
v -0.140805 -0.030919 -3.193975
v -0.140805 0.090686 -3.193975
v -0.139112 -0.030919 -3.191912
v -0.139112 0.090686 -3.191912
v -0.137854 -0.030919 -3.189559
v -0.137854 0.090686 -3.189559
v -0.137079 -0.030919 -3.187006
v -0.137079 0.090686 -3.187006
v -0.136818 -0.030919 -3.184350
v -0.136818 0.090686 -3.184350
v -0.137079 -0.030919 -3.181695
v -0.137079 0.090686 -3.181695
v -0.137854 -0.030919 -3.179142
v -0.137854 0.090686 -3.179142
v -0.139112 -0.030919 -3.176789
v -0.139112 0.090686 -3.176789
v -0.140805 -0.030919 -3.174726
v -0.140805 0.090686 -3.174726
v -0.142867 -0.030919 -3.173033
v -0.142867 0.090686 -3.173033
v -0.145220 -0.030919 -3.171775
v -0.145220 0.090686 -3.171775
v -0.147774 -0.030919 -3.171001
v -0.147774 0.090686 -3.171001
v -0.204187 0.093346 -1.988289
v -0.204187 0.128151 -1.988289
v -0.193866 0.108585 -3.256610
v -0.194739 0.140023 -3.256610
v 0.204187 0.084640 -1.993984
v 0.204187 0.139866 -1.993786
v 0.204187 0.082321 -3.256610
v 0.204187 0.142162 -3.256610
v -0.204187 0.081041 -2.939530
v -0.204187 0.084655 -2.622449
v -0.204187 0.095655 -2.305369
v -0.204187 0.103129 -1.988289
v -0.204187 0.111427 -1.988289
v -0.204187 0.119468 -1.988289
v -0.204187 0.120314 -2.305369
v -0.204187 0.139825 -2.622449
v -0.204187 0.123240 -2.939530
v -0.194399 0.135986 -3.256610
v -0.194087 0.131008 -3.256610
v -0.193866 0.122365 -3.256610
v 0.102094 0.093162 -3.256610
v -0.000000 0.084975 -3.256610
v -0.102094 0.085255 -3.256610
v -0.102094 0.139485 -3.256610
v -0.000000 0.140285 -3.256610
v 0.102094 0.134697 -3.256610
v 0.204187 0.127279 -3.256610
v 0.204187 0.111790 -3.256610
v 0.204187 0.096499 -3.256610
v 0.204187 0.084640 -2.352033
v 0.204187 0.082878 -2.562650
v 0.204187 0.090487 -2.939530
v 0.204187 0.127063 -2.939530
v 0.204187 0.133074 -2.562927
v 0.204187 0.139866 -2.351574
v 0.204187 0.126060 -1.993984
v 0.204187 0.112253 -1.994051
v 0.204187 0.098447 -1.994051
v -0.102094 0.084640 -1.988289
v 0.000000 0.084640 -1.988289
v 0.102094 0.084640 -1.990942
v 0.102094 0.139866 -1.990808
v 0.000000 0.139866 -1.988289
v -0.102094 0.139866 -1.988289
v -0.194546 0.137434 -3.089890
v -0.194941 0.137534 -3.077674
v -0.194658 0.133556 -3.077674
v -0.194277 0.133870 -3.089890
v 0.102094 0.130791 -3.077674
v 0.102094 0.130814 -3.089890
v 0.204187 0.132900 -3.077674
v 0.204187 0.133103 -3.089890
v 0.143487 0.126892 -2.890669
v 0.141139 0.133977 -2.657866
v 0.143487 0.134268 -2.672326
v 0.141640 0.127454 -2.903417
v 0.204187 0.134543 -2.617552
v 0.204187 0.134604 -2.628502
v 0.204187 0.124653 -2.888962
v 0.204187 0.124766 -2.902728
v 0.102094 0.139866 -2.490718
v 0.102094 0.139866 -2.363136
v 0.102094 0.139866 -2.371568
v 0.102094 0.139832 -2.499147
v 0.204187 0.139866 -2.369159
v 0.204187 0.139866 -2.376867
v 0.204187 0.139824 -2.520807
v 0.204187 0.139646 -2.525777
v -0.000000 0.146072 -3.077674
v -0.000000 0.145616 -3.089890
v -0.039691 0.146072 -2.903421
v -0.039183 0.137696 -2.681381
v -0.041393 0.137411 -2.695391
v -0.041393 0.145607 -2.891206
v -0.000000 0.139866 -2.512410
v -0.000000 0.139866 -2.349876
v -0.000000 0.139866 -2.359914
v -0.000000 0.139866 -2.502372
v -0.102094 0.149815 -3.077674
v -0.102094 0.149351 -3.089890
v -0.102094 0.149815 -2.903421
v -0.102094 0.139636 -2.701755
v -0.102094 0.139545 -2.714732
v -0.102094 0.149351 -2.891206
v -0.102094 0.139866 -2.525358
v -0.102094 0.139866 -2.336927
v -0.102094 0.139866 -2.348534
v -0.102094 0.139866 -2.513752
v -0.204187 0.107765 -2.704737
v -0.204187 0.106438 -2.716952
v -0.204187 0.106438 -2.891206
v -0.204187 0.107765 -2.903421
v -0.204187 0.117332 -2.530485
v -0.204187 0.114506 -2.331801
v -0.204187 0.114008 -2.344017
v -0.204187 0.116365 -2.518270
v -0.102094 0.092603 -3.077674
v -0.102094 0.092343 -3.089890
v -0.194292 0.108774 -3.077674
v -0.193866 0.109810 -3.089890
v -0.102094 0.085008 -2.701642
v -0.102094 0.085156 -2.714632
v -0.102094 0.092343 -2.891206
v -0.102094 0.092603 -2.903421
v -0.204187 0.077438 -2.704737
v -0.204187 0.077109 -2.716952
v -0.204187 0.077109 -2.891206
v -0.204187 0.077438 -2.903421
v -0.102094 0.084640 -2.337021
v -0.102094 0.084640 -2.348617
v -0.102094 0.084640 -2.513669
v -0.102094 0.084640 -2.525265
v -0.204187 0.098182 -2.331801
v -0.204187 0.097984 -2.344017
v -0.204187 0.089991 -2.518270
v -0.204187 0.089771 -2.530485
v -0.000000 0.100482 -3.077674
v -0.000000 0.100157 -3.089890
v -0.019917 0.088202 -2.681056
v -0.021479 0.088673 -2.695077
v -0.025997 0.099798 -2.891206
v -0.024942 0.100053 -2.903421
v -0.000000 0.084640 -2.350073
v -0.000000 0.084640 -2.360087
v -0.000000 0.084640 -2.502198
v -0.000000 0.084640 -2.512212
v 0.102094 0.099622 -3.077674
v 0.102094 0.099585 -3.089890
v 0.125591 0.091540 -2.657414
v 0.127567 0.092608 -2.671891
v 0.133898 0.096891 -2.890632
v 0.132555 0.097358 -2.903413
v 0.102094 0.084640 -2.363437
v 0.102094 0.084640 -2.371831
v 0.102094 0.084640 -2.490455
v 0.102094 0.084691 -2.498849
v 0.204187 0.096229 -3.077674
v 0.204187 0.095907 -3.089890
v 0.204187 0.067176 -2.609439
v 0.204187 0.067323 -2.619324
v 0.204187 0.079225 -2.888903
v 0.204187 0.080425 -2.902696
v 0.204187 0.084640 -2.369540
v 0.204187 0.084640 -2.377205
v 0.204187 0.084402 -2.526352
v 0.204187 0.084207 -2.530914
v 0.204187 0.105413 -3.077674
v 0.204187 0.105210 -3.089890
v 0.204187 0.081805 -2.616658
v 0.204187 0.081923 -2.606866
v 0.204187 0.090828 -2.902694
v 0.204187 0.089776 -2.888901
v 0.204187 0.098447 -2.377321
v 0.204187 0.098447 -2.369671
v 0.204187 0.097695 -2.532920
v 0.204187 0.098000 -2.528522
v 0.204187 0.114578 -3.077674
v 0.204187 0.114508 -3.089890
v 0.204187 0.098130 -2.616639
v 0.204187 0.098395 -2.606853
v 0.204187 0.101653 -2.902695
v 0.204187 0.100859 -2.888903
v 0.204187 0.112253 -2.377321
v 0.204187 0.112253 -2.369671
v 0.204187 0.111399 -2.532920
v 0.204187 0.111772 -2.528522
v 0.204187 0.123735 -3.077674
v 0.204187 0.123805 -3.089890
v 0.204187 0.115664 -2.620000
v 0.204187 0.115856 -2.609932
v 0.204187 0.112881 -2.902706
v 0.204187 0.112402 -2.888923
v 0.204187 0.126060 -2.377205
v 0.204187 0.126060 -2.369540
v 0.204187 0.125426 -2.530919
v 0.204187 0.125785 -2.526395
v -0.193866 0.121963 -3.089890
v -0.194292 0.121037 -3.077674
v -0.194035 0.129507 -3.089890
v -0.194422 0.128828 -3.077674
v -0.204187 0.100359 -2.331801
v -0.204187 0.099935 -2.344017
v -0.204187 0.093096 -2.518270
v -0.204187 0.093316 -2.530485
v -0.204187 0.082563 -2.704737
v -0.204187 0.081942 -2.716952
v -0.204187 0.081942 -2.891206
v -0.204187 0.082563 -2.903421
v -0.204187 0.102913 -2.331801
v -0.204187 0.102335 -2.344017
v -0.204187 0.097034 -2.518270
v -0.204187 0.097636 -2.530485
v -0.204187 0.088308 -2.704737
v -0.204187 0.087400 -2.716952
v -0.204187 0.087400 -2.891206
v -0.204187 0.088308 -2.903421
v -0.204187 0.107290 -2.331801
v -0.204187 0.106691 -2.344017
v -0.204187 0.104298 -2.518270
v -0.204187 0.105150 -2.530485
v -0.204187 0.096285 -2.704737
v -0.204187 0.095121 -2.716952
v -0.204187 0.095121 -2.891206
v -0.204187 0.096285 -2.903421
vn -0.0936 0.9952 -0.0281
vn -0.3873 0.9211 0.0395
vn -0.0752 0.9103 0.4071
vn -0.1826 0.9685 0.1695
vn -0.0806 0.9757 0.2037
vn -0.1110 0.8663 0.4871
vn 0.0802 0.9843 0.1570
vn -0.1756 0.9312 0.3194
vn -0.1323 0.9632 0.2342
vn 0.0189 0.8715 0.4900
vn 0.0806 0.9893 0.1217
vn -0.0083 0.9743 0.2251
vn -0.0663 0.9894 0.1292
vn -0.0039 0.9928 0.1197
vn -0.0085 0.9925 0.1221
vn -0.0432 0.9977 0.0526
vn 0.0709 0.9903 0.1194
vn 0.0363 0.9964 0.0766
vn 0.0362 0.9951 0.0920
vn -0.0151 0.9939 0.1095
vn -0.0127 0.9985 0.0532
vn -0.0152 0.9969 0.0766
vn -0.0645 0.9633 0.2607
vn -0.1040 0.9830 0.1511
vn 0.0261 0.9982 0.0532
vn 0.0352 0.9890 0.1434
vn 0.0354 0.9952 0.0912
vn -0.0197 0.9957 0.0901
vn -0.0349 0.9885 0.1471
vn -0.0195 0.9895 0.1435
vn -0.0588 0.9932 0.1004
vn -0.0584 0.9982 0.0144
vn 0.0392 0.9884 0.1471
vn 0.0192 0.9986 0.0491
vn 0.0191 0.9962 0.0851
vn -0.0334 0.9956 0.0875
vn -0.0284 0.9995 0.0161
vn -0.0334 0.9982 0.0491
vn -0.0790 0.9899 0.1177
vn -0.0773 0.9968 0.0206
vn 0.0116 0.9998 0.0161
vn 0.0025 0.9999 0.0102
vn 0.0025 1.0000 0.0016
vn -0.0285 0.9996 0.0035
vn -0.0312 0.9993 0.0184
vn -0.0285 0.9995 0.0102
vn -0.0749 0.9950 0.0661
vn -0.3712 0.9242 0.0904
vn -0.0034 0.9998 0.0184
vn -0.0057 0.9999 0.0092
vn -0.0057 0.9999 0.0160
vn -0.0450 0.9986 0.0275
vn -0.0805 0.9967 0.0130
vn -0.0450 0.9989 0.0110
vn -0.0593 0.9982 0.0102
vn -0.2346 0.9641 0.1243
vn -0.0198 0.9997 0.0131
vn -0.0448 0.9984 0.0336
vn -0.0447 0.9984 0.0347
vn -0.3035 0.9355 0.1811
vn -0.4009 0.8983 0.1800
vn -0.3071 0.9468 0.0964
vn -0.2141 0.9691 0.1223
vn -0.0858 0.9961 -0.0184
vn -0.2187 0.9568 0.1917
vn -0.2622 0.9583 0.1137
vn -0.2598 0.9494 0.1765
vn -0.2419 0.9685 0.0588
vn -0.1736 0.9845 0.0235
vn -0.2413 0.9661 0.0918
vn -0.3766 0.9209 0.1004
vn -0.0608 0.9740 0.2182
vn -0.2126 0.9769 0.0233
vn -0.1886 0.9795 -0.0706
vn -0.1890 0.9820 -0.0013
vn -0.1316 0.9910 -0.0262
vn -0.1314 0.9889 -0.0695
vn -0.1060 0.9942 0.0189
vn -0.1829 0.9620 0.2027
vn -0.1479 0.9129 0.3804
vn -0.1075 0.9926 0.0569
vn -0.1861 0.9791 0.0819
vn -0.0845 0.9644 0.2505
vn -0.0868 0.9559 0.2806
vn -0.1066 0.9851 0.1347
vn -0.2288 0.9728 0.0368
vn -0.0656 0.9658 0.2508
vn -0.0898 0.9890 0.1172
vn -0.0826 0.9467 0.3113
vn -0.0977 0.9888 0.1129
vn -0.1225 0.9845 0.1258
vn -0.0861 0.9869 0.1364
vn -0.1849 0.9741 0.1304
vn -0.1048 0.9865 0.1260
vn -0.0840 0.9948 0.0581
vn -0.0839 0.9934 0.0787
vn -0.1082 0.9912 0.0768
vn -0.1368 0.9868 0.0871
vn -0.1084 0.9927 0.0535
vn -0.0800 0.9381 0.3370
vn -0.0756 0.9946 0.0706
vn -0.1063 0.9905 0.0874
vn -0.1497 0.9720 0.1813
vn -0.1502 0.9754 0.1615
vn -0.1760 0.9717 0.1578
vn -0.1255 0.9862 0.1078
vn -0.1755 0.9691 0.1731
vn -0.1494 0.9824 0.1125
vn -0.1543 0.9844 0.0848
vn -0.1094 0.9881 0.1080
vn -0.0860 0.9959 0.0272
vn -0.0859 0.9954 0.0418
vn -0.0972 0.9940 0.0506
vn -0.1325 0.9907 0.0306
vn -0.0973 0.9949 0.0276
vn -0.1266 0.9863 0.1062
vn -0.1396 0.9836 0.1145
vn -0.1083 0.9936 0.0307
vn -0.1519 0.9879 0.0305
vn -0.1518 0.9869 0.0543
vn -0.2467 0.9619 0.1177
vn -0.2779 0.9452 0.1712
vn -0.2471 0.9637 0.1014
vn -0.1005 0.9914 0.0833
vn -0.0392 0.9982 0.0453
vn -0.3204 0.9321 0.1689
vn -0.3567 0.9110 0.2072
vn -0.3599 0.9192 0.1599
vn -0.1420 0.9860 0.0876
vn -0.0882 0.9933 0.0742
vn -0.1416 0.9828 0.1186
vn -0.1933 0.9746 0.1129
vn -0.0103 0.9999 0.0127
vn -0.1668 0.9832 0.0734
vn -0.1055 0.9927 0.0577
vn -0.1056 0.9934 0.0453
vn -0.0436 0.9986 0.0297
vn -0.0342 0.9992 0.0188
vn -0.0436 0.9986 0.0290
vn -0.0590 0.9967 0.0562
vn -0.0050 0.9998 -0.0173
vn -0.0619 0.9979 0.0188
vn -0.0516 0.9987 -0.0040
vn -0.0516 0.9986 0.0086
vn -0.0251 0.9997 0.0057
vn -0.0457 0.9969 -0.0647
vn -0.0248 0.9995 -0.0188
vn -0.0251 0.9997 -0.0043
vn -0.0166 0.9996 0.0206
vn -0.0466 0.9987 -0.0196
vn -0.1328 0.9537 0.2697
vn -0.0458 0.9982 -0.0398
vn -0.0273 0.9988 -0.0395
vn -0.0954 0.9923 -0.0794
vn -0.0273 0.9976 -0.0642
vn -0.0050 1.0000 0.0043
vn -0.0653 0.9930 0.0987
vn -0.0788 0.9959 0.0455
vn -0.1142 0.9933 -0.0173
vn -0.0518 0.9978 0.0414
vn -0.0656 0.9971 0.0388
vn -0.0786 0.9689 0.2348
vn -0.0690 0.9446 0.3208
vn -0.0516 0.9937 0.0998
vn -0.0724 0.9974 0.0047
vn 0.3174 0.8283 -0.4616
vn -0.0897 0.9680 0.2346
vn -0.0716 0.9801 0.1851
vn -0.0667 0.9589 0.2757
vn -0.0288 0.9892 0.1437
vn -0.0562 0.9877 0.1459
vn -0.0681 0.9785 0.1944
vn -0.0358 0.9961 0.0809
vn -0.0986 0.9844 0.1455
vn -0.1263 0.9848 0.1193
vn -0.1259 0.9821 0.1401
vn -0.0496 0.9893 0.1370
vn -0.0513 0.9941 0.0953
vn -0.0498 0.9916 0.1193
vn -0.0533 0.9748 0.2165
vn -0.0638 0.9887 0.1357
vn -0.0952 0.9909 0.0950
vn -0.0525 0.9960 0.0722
vn -0.0526 0.9966 0.0640
vn -0.0253 0.9983 0.0526
vn -0.0425 0.9953 0.0865
vn -0.0253 0.9980 0.0581
vn -0.0433 0.9885 0.1447
vn -0.0648 0.9943 0.0852
vn -0.0619 0.9943 0.0864
vn -0.1149 0.9864 0.1175
vn -0.1146 0.9840 0.1360
vn -0.1259 0.9774 0.1700
vn -0.1096 0.9869 0.1184
vn -0.1262 0.9799 0.1543
vn -0.0322 0.9978 0.0573
vn -0.0207 0.9993 0.0308
vn -0.1381 0.9834 0.1180
vn -0.0988 0.9914 0.0857
vn -0.0988 0.9923 0.0744
vn -0.0531 0.9973 0.0513
vn -0.0367 0.9984 0.0440
vn -0.0531 0.9972 0.0534
vn -0.0936 0.9822 0.1631
vn 0.0096 0.9999 0.0035
vn -0.0447 0.9980 0.0440
vn -0.0284 0.9986 0.0453
vn -0.0284 0.9988 0.0400
vn -0.0110 0.9996 0.0276
vn -0.0009 0.9999 0.0127
vn -0.0110 0.9994 0.0328
vn -0.0299 0.9988 0.0385
vn 0.0420 0.9991 -0.0007
vn -0.0063 0.9997 0.0222
vn 0.0019 1.0000 0.0071
vn 0.0019 0.9999 0.0124
vn 0.0173 0.9998 0.0124
vn 0.0252 0.9997 -0.0007
vn 0.0173 0.9999 -0.0008
vn -0.0012 0.9999 0.0170
vn 0.0707 0.9973 -0.0208
vn 0.0082 1.0000 0.0049
vn 0.0139 0.9999 -0.0042
vn 0.0139 0.9999 0.0043
vn 0.0349 0.9994 0.0025
vn 0.0161 0.9978 -0.0645
vn 0.0376 0.9991 -0.0171
vn 0.0349 0.9994 -0.0047
vn 0.0305 0.9995 -0.0078
vn 0.0143 0.9998 -0.0171
vn -0.0697 0.9917 0.1085
vn 0.0161 0.9992 -0.0378
vn 0.0505 0.9976 -0.0468
vn -0.2144 0.9530 -0.2141
vn 0.0504 0.9963 -0.0697
vn 0.0607 0.9981 -0.0107
vn -0.1663 0.9683 0.1866
vn -0.0084 0.9979 -0.0645
vn -0.0065 0.9993 -0.0359
vn -0.2354 0.9685 0.0815
vn -0.1685 0.9812 0.0946
vn -0.1308 0.9761 0.1734
vn -0.0417 0.9856 0.1640
vn -0.2317 0.9530 0.1954
vn -0.1515 0.9881 -0.0249
vn 0.1861 0.8545 -0.4849
vn -0.0960 0.9800 0.1741
vn -0.0417 0.9865 0.1583
vn -0.0690 0.9854 -0.1557
vn -0.0160 0.9931 0.1158
vn 0.0101 0.9868 0.1614
vn -0.0085 0.9870 0.1603
vn -0.0159 0.9897 0.1422
vn 0.0263 0.9951 0.0953
vn -0.0355 0.9865 0.1602
vn -0.0334 0.9930 0.1131
vn -0.0332 0.9892 0.1425
vn -0.0032 0.9913 0.1317
vn -0.0061 0.9970 0.0772
vn -0.0032 0.9948 0.1021
vn 0.0092 0.9964 0.0844
vn -0.0052 0.9824 0.1866
vn -0.0269 0.9967 0.0771
vn -0.0394 0.9935 0.1070
vn -0.0396 0.9968 0.0699
vn -0.0271 0.9964 0.0799
vn -0.0463 0.9822 0.1823
vn -0.0269 0.9900 0.1384
vn 0.0146 0.9926 0.1208
vn -0.0076 0.9990 0.0438
vn -0.0797 0.9801 0.1819
vn -0.0604 0.9922 0.1087
vn -0.0601 0.9878 0.1438
vn -0.0341 0.9913 0.1274
vn -0.0218 0.9985 0.0503
vn -0.0342 0.9956 0.0872
vn 0.0189 0.9954 0.0941
vn -0.0041 0.9999 0.0119
vn -0.0258 0.9984 0.0503
vn -0.0188 0.9994 0.0278
vn -0.0188 0.9993 0.0315
vn -0.0110 0.9996 0.0272
vn -0.0079 0.9999 0.0151
vn -0.0110 0.9997 0.0212
vn -0.0116 0.9925 0.1219
vn -0.0011 0.9998 -0.0178
vn -0.0055 0.9999 0.0151
vn 0.0028 1.0000 0.0007
vn 0.0028 1.0000 0.0087
vn 0.0009 1.0000 0.0031
vn 0.0095 0.9999 -0.0070
vn 0.0009 1.0000 0.0007
vn -0.0044 0.9996 0.0261
vn 0.0405 0.9964 -0.0743
vn 0.0245 0.9997 -0.0070
vn 0.0376 0.9992 -0.0124
vn 0.0376 0.9991 -0.0210
vn 0.0349 0.9988 -0.0355
vn 0.0596 0.9977 -0.0316
vn 0.0349 0.9989 -0.0316
vn -0.0031 1.0000 0.0021
vn 0.2078 0.9524 -0.2230
vn 0.0778 0.9965 -0.0315
vn 0.0996 0.9949 -0.0174
vn 0.0995 0.9945 -0.0326
vn 0.1558 0.9840 -0.0870
vn 0.3157 0.9386 -0.1392
vn 0.2536 0.9611 -0.1091
vn 0.1562 0.9864 -0.0519
vn 0.0167 0.9988 -0.0465
vn 0.2057 0.9724 -0.1103
vn 0.1045 0.9841 0.1437
vn 0.3130 0.9306 -0.1899
vn 0.3099 0.9403 -0.1403
vn 0.0785 0.9916 -0.1030
vn 0.3090 0.9376 -0.1594
vn 0.1544 0.9752 -0.1586
vn -0.0070 0.9995 0.0320
vn 0.1735 0.9742 -0.1445
vn 0.1181 0.9899 -0.0785
vn 0.0749 0.9938 -0.0817
vn -0.0070 0.9993 0.0374
vn 0.0487 0.9958 0.0777
vn 0.0148 0.9963 0.0844
vn 0.0750 0.9955 0.0581
vn -0.1353 0.9899 -0.0423
vn 0.5987 0.6963 -0.3959
vn 0.0107 0.9981 0.0608
vn 0.0147 0.9920 0.1253
vn 0.1339 0.9857 -0.1024
vn 0.0174 0.9965 0.0812
vn 0.0415 0.9929 0.1119
vn 0.0277 0.9907 0.1329
vn 0.0173 0.9932 0.1150
vn 0.0849 0.9952 0.0484
vn 0.0236 0.9884 0.1500
vn 0.0484 0.9949 0.0881
vn 0.0482 0.9915 0.1207
vn 0.0626 0.9922 0.1079
vn 0.0819 0.9947 0.0618
vn 0.0628 0.9956 0.0691
vn 0.0379 0.9940 0.1029
vn 0.1287 0.9621 0.2405
vn 0.0647 0.9942 0.0855
vn 0.0660 0.9821 0.1763
vn 0.0668 0.9933 0.0939
vn 0.1115 0.9886 0.1012
vn 0.1103 0.9602 0.2568
vn 0.1103 0.9786 0.1735
vn 0.0629 0.9949 0.0794
vn 0.0519 0.9967 0.0630
vn 0.0557 0.9720 0.2283
vn 0.0112 0.9972 0.0739
vn 0.0111 0.9925 0.1219
vn 0.0395 0.9901 0.1348
vn 0.0276 0.9983 0.0512
vn 0.0397 0.9955 0.0860
vn 0.0980 0.9920 0.0800
vn 0.0188 0.9994 0.0282
vn 0.0080 0.9990 0.0438
vn 0.0039 0.9998 0.0203
vn 0.0039 0.9997 0.0261
vn 0.0153 0.9995 0.0281
vn 0.0097 0.9997 0.0204
vn 0.0153 0.9995 0.0258
vn 0.1453 0.9608 0.2361
vn -0.0088 1.0000 -0.0002
vn 0.0015 0.9999 0.0148
vn -0.0047 1.0000 -0.0074
vn -0.0047 1.0000 0.0054
vn -0.0016 1.0000 0.0054
vn -0.0095 0.9999 -0.0122
vn -0.0016 1.0000 0.0005
vn 0.0400 0.9982 0.0445
vn -0.0667 0.9919 -0.1079
vn -0.0072 0.9997 -0.0225
vn -0.0120 0.9967 -0.0806
vn -0.0120 0.9988 -0.0465
vn -0.0274 0.9987 -0.0438
vn -0.0410 0.9914 -0.1246
vn -0.0274 0.9974 -0.0668
vn 0.0110 0.9997 0.0197
vn 0.0534 0.9827 -0.1776
vn 0.0125 0.9900 -0.1408
vn 0.0897 0.9731 -0.2121
vn 0.0892 0.9681 -0.2344
vn 0.0481 0.9708 -0.2350
vn 0.1361 0.9888 -0.0613
vn 0.0793 0.9834 -0.1630
vn 0.0480 0.9689 -0.2429
vn -0.0208 0.9997 -0.0161
vn 0.0949 0.9821 -0.1628
vn 0.4372 0.6129 0.6582
vn 0.1352 0.9820 -0.1317
vn 0.1243 0.9789 -0.1620
vn 0.2601 0.6789 -0.6866
vn 0.1254 0.9879 -0.0916
vn -0.0774 0.9200 -0.3843
vn 0.4938 0.7055 0.5083
vn 0.1296 0.9897 -0.0613
vn 0.1205 0.9884 -0.0920
vn 0.5315 0.8127 0.2387
vn 0.5731 0.8188 0.0347
vn 0.2899 0.8687 0.4016
vn 0.0483 0.9935 0.1029
vn 0.4127 0.6311 0.6568
vn 0.6186 0.6504 -0.4408
vn 0.2601 0.9641 0.0533
vn 0.1605 0.9604 0.2275
vn 0.0485 0.9972 0.0571
vn 0.1077 0.6990 -0.7069
vn 0.0739 0.9888 0.1298
vn 0.0465 0.9975 0.0525
vn 0.1034 0.9924 0.0675
vn 0.0745 0.9968 0.0278
vn 0.0674 0.9931 0.0957
vn 0.0947 0.9892 0.1120
vn 0.0811 0.9946 0.0654
vn 0.0810 0.9936 0.0793
vn 0.1016 0.9905 0.0926
vn 0.0718 0.9948 0.0720
vn 0.1016 0.9903 0.0951
vn 0.0996 0.9800 0.1722
vn 0.0370 0.9988 0.0325
vn 0.0742 0.9958 0.0538
vn 0.0832 0.9890 0.1227
vn 0.0836 0.9933 0.0801
vn 0.0506 0.9966 0.0653
vn 0.1086 0.9924 0.0577
vn 0.0506 0.9966 0.0651
vn 0.0614 0.9913 0.1165
vn 0.1700 0.9667 0.1915
vn 0.1152 0.9799 0.1626
vn 0.1546 0.9699 0.1883
vn 0.1530 0.9597 0.2358
vn 0.2792 0.9227 0.2657
vn 0.1337 0.9805 0.1440
vn 0.2738 0.9048 0.3261
vn 0.0437 0.9958 0.0803
vn 0.0479 0.9961 0.0740
vn 0.0831 0.9926 0.0887
vn 0.0403 0.9980 0.0492
vn 0.0403 0.9982 0.0445
vn 0.0601 0.9963 0.0616
vn 0.0308 0.9979 0.0564
vn 0.0600 0.9951 0.0784
vn 0.0618 0.9875 0.1451
vn 0.0059 0.9996 0.0285
vn 0.0266 0.9988 0.0403
vn 0.0028 0.9999 0.0118
vn 0.0028 0.9998 0.0197
vn 0.0119 0.9994 0.0313
vn 0.0025 0.9999 0.0131
vn 0.0119 0.9995 0.0303
vn 0.1228 0.9852 0.1200
vn -0.0138 0.9990 -0.0430
vn -0.0196 0.9997 0.0131
vn -0.0338 0.9990 -0.0295
vn -0.0339 0.9993 -0.0160
vn -0.0158 0.9999 0.0060
vn -0.0258 0.9979 -0.0586
vn -0.0158 0.9997 -0.0195
vn 0.0302 0.9984 0.0487
vn -0.0821 0.9788 -0.1878
vn -0.0448 0.9958 -0.0799
vn -0.1239 0.8840 -0.4509
vn -0.1282 0.9151 -0.3822
vn -0.1781 0.9285 -0.3260
vn 0.0114 0.9957 -0.0921
vn -0.0205 0.9857 -0.1670
vn -0.1566 0.8164 -0.5559
vn -0.0049 0.9999 0.0120
vn 0.0124 0.9831 -0.1828
vn 0.2262 0.7059 0.6713
vn 0.0113 0.9860 -0.1664
vn -0.0453 0.9850 -0.1663
vn 0.1616 0.7418 -0.6509
vn -0.0457 0.9946 -0.0934
vn -0.0292 0.9911 -0.1299
vn 0.2711 0.8783 0.3937
vn 0.0649 0.9937 -0.0919
vn 0.0681 0.9836 -0.1672
vn 0.5616 0.7752 -0.2892
vn 0.2932 0.9500 -0.1075
vn 0.2610 0.6774 0.6877
vn 0.1035 0.9796 0.1721
vn 0.4947 0.6828 0.5377
vn 0.1713 0.9631 -0.2074
vn 0.1307 0.9703 0.2037
vn 0.2510 0.5720 0.7809
vn 0.1045 0.9893 0.1015
vn 0.2409 0.7295 -0.6401
vn 0.3738 0.9063 0.1973
vn 0.3522 0.8246 0.4427
vn 0.1950 0.9489 0.2479
vn 0.3666 0.8888 0.2751
vn -0.0411 0.9915 0.1236
vn 0.0744 0.9923 0.0986
vn 0.0372 0.9937 0.1057
vn 0.0371 0.9925 0.1167
vn 0.0220 0.9939 0.1076
vn 0.0006 0.9933 0.1158
vn 0.0220 0.9917 0.1268
vn 0.3275 0.8516 0.4094
vn -0.0175 0.9958 0.0904
vn 0.0437 0.9923 0.1157
vn 0.0106 0.9968 0.0786
vn 0.0106 0.9967 0.0804
vn -0.0091 0.9954 0.0950
vn -0.0022 0.9976 0.0686
vn -0.0091 0.9969 0.0786
vn 0.1436 0.9477 0.2849
vn 0.0370 0.9862 0.1612
vn -0.0440 0.9967 0.0685
vn -0.0183 0.9860 0.1659
vn -0.0185 0.9925 0.1205
vn 0.0046 0.9957 0.0921
vn 0.0729 0.9792 0.1895
vn 0.0046 0.9952 0.0980
vn -0.0266 0.9959 0.0863
vn 0.0382 0.9952 0.0897
vn 0.1127 0.9722 0.2050
vn 0.0669 0.9883 0.1370
vn 0.0670 0.9904 0.1206
vn 0.0195 0.9877 0.1552
vn 0.0239 0.9962 0.0836
vn 0.0196 0.9909 0.1332
vn 0.0002 0.9971 0.0761
vn 0.0211 0.9988 0.0447
vn 0.0428 0.9950 0.0904
vn 0.0178 0.9988 0.0459
vn 0.0178 0.9987 0.0487
vn 0.0239 0.9981 0.0572
vn 0.0173 0.9991 0.0392
vn 0.0239 0.9983 0.0525
vn 0.0656 0.9710 0.2301
vn -0.0015 1.0000 -0.0059
vn 0.0120 0.9994 0.0331
vn 0.0016 1.0000 -0.0026
vn 0.0016 0.9999 0.0120
vn 0.0048 0.9998 0.0178
vn -0.0030 0.9998 -0.0192
vn 0.0048 1.0000 0.0052
vn 0.0321 0.9970 0.0705
vn -0.1817 0.9776 -0.1064
vn -0.0063 0.9995 -0.0314
vn -0.0407 0.8378 -0.5444
vn -0.0481 0.9904 -0.1298
vn -0.0554 0.9935 -0.0998
vn -0.0890 0.9939 -0.0645
vn -0.4207 0.8337 -0.3576
vn -0.0546 0.9790 -0.1966
vn 0.0156 0.9994 0.0316
vn -0.0985 0.9751 -0.1985
vn 0.3627 0.6579 0.6600
vn -0.0884 0.9874 -0.1310
vn -0.1166 0.9846 -0.1304
vn 0.4496 0.5228 -0.7243
vn -0.1172 0.9898 -0.0813
vn -0.0148 0.9995 -0.0295
vn 0.2767 0.8561 0.4364
vn -0.0884 0.9925 -0.0842
vn -0.0608 0.9895 -0.1312
vn 0.6223 0.7349 -0.2695
vn 0.3060 0.9469 -0.0987
vn 0.4767 0.6556 0.5857
vn 0.0579 0.8998 0.4325
vn 0.5825 0.6879 0.4330
vn 0.2783 0.8827 -0.3787
vn 0.3424 0.6408 0.6871
vn 0.0629 0.9767 0.2051
vn 0.6130 0.4624 -0.6406
vn 0.0572 0.7685 0.6373
vn -0.0095 0.9393 0.3430
vn 0.0070 0.9393 0.3430
vn 0.0716 0.9612 0.2663
vn -0.0248 0.9955 0.0917
vn 0.1606 0.8874 0.4321
vn -0.0378 0.9882 0.1483
vn -0.0366 0.9570 0.2877
vn 0.0814 0.8660 0.4935
vn -0.0701 0.9920 0.1048
vn 0.0885 0.9421 0.3233
vn 0.2405 0.5450 0.8032
vn 0.0065 0.9992 0.0387
vn -0.0533 0.9930 0.1049
vn -0.0356 0.9974 0.0626
vn -0.0356 0.9970 0.0685
vn -0.0355 0.9983 0.0471
vn -0.0302 0.9976 0.0628
vn -0.0354 0.9976 0.0590
vn 0.0010 0.9315 0.3638
vn 0.0344 0.9957 0.0859
vn -0.0221 0.9978 0.0628
vn 0.0007 0.9982 0.0603
vn 0.0007 0.9986 0.0534
vn -0.0021 0.9993 0.0384
vn 0.0097 0.9937 0.1119
vn -0.0021 0.9988 0.0485
vn -0.0064 0.9993 0.0372
vn 0.0533 0.9823 0.1798
vn 0.0176 0.9918 0.1267
vn 0.0640 0.9810 0.1832
vn 0.0633 0.9711 0.2301
vn 0.0405 0.9748 0.2196
vn 0.0119 0.9943 0.1058
vn 0.0406 0.9766 0.2113
vn 0.0177 0.9993 0.0326
vn -0.0031 0.9991 0.0423
vn 0.0340 0.9938 0.1057
vn 0.0101 0.9981 0.0607
vn 0.0101 0.9975 0.0705
vn -0.0207 0.9962 0.0845
vn -0.0174 0.9987 0.0474
vn -0.0208 0.9979 0.0607
vn 0.0598 0.9826 0.1756
vn 0.0022 1.0000 0.0086
vn 0.0064 0.9989 0.0474
vn 0.0021 0.9998 0.0179
vn 0.0021 0.9995 0.0316
vn -0.0056 0.9996 0.0266
vn -0.0020 1.0000 0.0043
vn -0.0056 0.9998 0.0179
vn -0.0057 0.9955 0.0942
vn -0.0167 0.9998 -0.0125
vn -0.0010 1.0000 0.0043
vn -0.0274 0.9991 -0.0312
vn -0.0274 0.9992 -0.0295
vn -0.0145 0.9998 -0.0133
vn -0.3475 0.9139 -0.2098
vn -0.0302 0.9992 -0.0271
vn -0.0145 0.9998 -0.0155
vn 0.0012 0.9997 0.0250
vn -0.0563 0.9971 -0.0504
vn 0.2112 0.6973 0.6850
vn -0.3357 0.8829 -0.3283
vn -0.1105 0.9883 -0.1051
vn 0.2017 0.7478 -0.6325
vn -0.1106 0.9885 -0.1032
vn 0.0004 1.0000 0.0022
vn 0.4322 0.5510 0.7138
vn -0.3787 0.8859 -0.2680
vn -0.4285 0.8469 -0.3149
vn 0.5383 0.8373 0.0953
vn 0.6147 0.7837 0.0892
vn 0.1595 0.7237 0.6715
vn 0.4062 0.5131 0.7561
vn 0.3077 0.4787 0.8223
vn 0.7452 0.5997 -0.2917
vn 0.2017 0.7052 0.6797
vn 0.3808 0.4810 0.7897
vn 0.7061 0.5407 -0.4573
vn 0.3781 0.6522 0.6570
vn 0.5429 0.6113 0.5758
vn 0.5282 0.5507 0.6463
vn 0.3387 0.5842 0.7376
vn 0.4432 0.8751 0.1943
vn -0.0600 0.8148 0.5766
vn 0.0251 0.9612 0.2748
vn 0.0250 0.9599 0.2792
vn 0.2436 0.9313 0.2709
vn 0.2944 0.9358 0.1942
vn 0.2469 0.9438 0.2198
vn 0.2084 0.8392 0.5024
vn 0.2836 0.9367 0.2053
vn 0.1074 0.9821 0.1546
vn 0.0305 0.9991 0.0277
vn 0.0305 0.9988 0.0372
vn 0.1769 0.9833 0.0415
vn 0.1088 0.9925 0.0549
vn 0.1763 0.9796 0.0960
vn 0.6193 0.5531 0.5572
vn 0.0703 0.9975 0.0106
vn 0.0437 0.9986 0.0299
vn 0.0530 0.9982 0.0267
vn 0.0530 0.9981 0.0326
vn 0.0708 0.9970 0.0320
vn 0.0740 0.9972 0.0101
vn 0.0708 0.9972 0.0235
vn 0.4376 0.8894 0.1323
vn 0.1018 0.9897 0.1005
vn 0.0636 0.9975 0.0310
vn 0.2202 0.9571 0.1885
vn 0.2209 0.9601 0.1716
vn 0.1411 0.9877 0.0668
vn 0.2518 0.9296 0.2691
vn 0.1411 0.9877 0.0681
vn 0.1369 0.9860 0.0956
vn 0.0529 0.9949 0.0856
vn 0.2593 0.9070 0.3318
vn 0.0352 0.9968 0.0722
vn 0.0351 0.9949 0.0942
vn 0.0850 0.9835 0.1597
vn 0.0262 0.9980 0.0582
vn 0.0854 0.9877 0.1310
vn 0.0698 0.9974 0.0163
vn 0.0112 0.9999 0.0107
vn 0.0178 0.9990 0.0419
vn 0.0099 0.9998 0.0190
vn 0.0099 0.9996 0.0250
vn 0.0063 0.9996 0.0290
vn 0.0063 0.9999 0.0088
vn 0.0063 0.9998 0.0190
vn 0.2508 0.8624 0.4396
vn 0.0018 1.0000 0.0080
vn 0.0057 0.9999 0.0099
vn 0.0015 1.0000 -0.0039
vn 0.0015 1.0000 0.0022
vn 0.0059 1.0000 0.0051
vn -0.0306 0.9988 -0.0370
vn -0.0002 1.0000 -0.0013
vn 0.0059 0.9999 0.0103
vn 0.0254 0.9988 0.0429
vn -0.0066 1.0000 -0.0013
vn -0.5015 0.4665 0.7287
vn -0.0307 0.9992 -0.0272
vn -0.0206 0.9997 -0.0143
vn 0.0897 0.9930 0.0767
vn -0.0206 0.9995 -0.0230
vn 0.0093 0.9999 0.0088
vn 0.3094 0.4406 0.8427
vn -0.0522 0.9970 -0.0574
vn -0.0313 0.9991 -0.0272
vn 0.1327 0.9527 0.2736
vn 0.5000 0.7119 0.4932
vn 0.2888 0.5162 0.8063
vn 0.2895 0.8212 0.4917
vn 0.0773 0.5550 0.8282
vn 0.3477 0.9295 0.1232
vn -0.0661 0.9949 0.0768
vn 0.3392 0.5481 0.7645
vn 0.2927 0.8301 0.4746
vn 0.2434 0.8836 0.4000
vn -0.1121 0.8410 0.5293
vn 0.3831 0.7818 0.4920
vn 0.2511 0.9116 0.3256
vn 0.3105 0.7686 0.5593
vn 0.3642 0.7449 0.5590
vn 0.5365 0.6557 0.5313
vn 0.4994 0.6103 0.6149
vn 0.3963 0.6928 0.6025
vn 0.2552 0.8954 0.3648
vn 0.3595 0.6285 0.6897
vn -0.1318 0.9201 0.3688
vn 0.0214 0.9746 0.2230
vn 0.3361 0.9106 0.2405
vn 0.3210 0.9372 0.1367
vn 0.3208 0.9368 0.1394
vn 0.1216 0.9839 0.1312
vn 0.1476 0.9658 0.2130
vn 0.1218 0.9859 0.1150
vn 0.0240 0.8046 0.5933
vn 0.0714 0.9643 0.2548
vn 0.4030 0.8727 0.2757
vn 0.1911 0.9725 0.1335
vn 0.1919 0.9768 0.0947
vn 0.2350 0.9395 0.2494
vn 0.1830 0.9668 0.1785
vn 0.2383 0.9527 0.1887
vn 0.0818 0.9765 0.1993
vn -0.0296 0.9975 0.0643
vn 0.0991 0.9930 0.0647
vn 0.0375 0.9985 0.0392
vn 0.0375 0.9992 0.0163
vn 0.0072 0.9997 0.0240
vn 0.0017 0.9979 0.0644
vn 0.0072 0.9990 0.0447
vn 0.0134 0.9765 0.2150
vn 0.1611 0.9504 0.2660
vn 0.0377 0.9970 0.0672
vn 0.3048 0.8321 0.4635
vn 0.3102 0.8470 0.4318
vn 0.1026 0.9724 0.2095
vn 0.1538 0.9652 0.2117
vn 0.0939 0.8893 0.4475
vn -0.0224 0.9944 0.1030
vn 0.0555 0.9971 0.0516
vn 0.0918 0.9874 0.1287
vn 0.0328 0.9989 0.0338
vn 0.0328 0.9985 0.0429
vn 0.0501 0.9970 0.0586
vn 0.0372 0.9987 0.0338
vn 0.0502 0.9976 0.0467
vn -0.0198 0.9945 0.1031
vn 0.0111 0.9995 0.0291
vn 0.0219 0.9996 0.0194
vn 0.0069 0.9997 0.0220
vn 0.0069 0.9999 0.0088
vn 0.0108 0.9998 0.0151
vn -0.0108 0.9999 -0.0075
vn 0.0032 0.9997 0.0261
vn 0.0108 0.9995 0.0296
vn 0.1075 0.9878 0.1129
vn -0.1014 0.9945 0.0255
vn -0.0054 0.9997 0.0221
vn -0.0108 0.9999 0.0116
vn -0.0029 0.9999 0.0137
vn -0.5488 0.4861 0.6801
vn -0.0029 1.0000 -0.0049
vn 0.0376 0.9983 0.0449
vn -0.0157 0.9998 -0.0127
vn -0.0157 0.9999 0.0063
vn -0.3500 0.3100 0.8840
vn -0.1017 0.9660 0.2378
vn -0.4870 0.7637 0.4239
vn -0.4967 0.8199 0.2847
vn -0.2267 0.7259 0.6494
vn 0.0440 0.9912 0.1247
vn -0.4019 0.8713 0.2815
vn -0.2599 0.8323 0.4897
vn -0.0675 0.9817 0.1778
vn -0.0419 0.8867 0.4605
vn 0.0434 0.9789 0.1998
vn -0.0491 0.9975 0.0518
vn -0.1367 0.9506 0.2786
vn -0.0679 0.9873 0.1433
vn -0.0404 0.9821 0.1838
vn -0.0745 0.9663 0.2465
vn -0.0490 0.9960 0.0754
vn 0.1106 0.9897 0.0908
vn -0.0487 0.9969 0.0621
vn -0.0410 0.9946 0.0954
vn 0.0412 0.9979 0.0507
vn 0.0833 0.9732 0.2141
vn 0.1104 0.9875 0.1128
vn -0.1002 0.9946 0.0253
vn 0.0842 0.9938 0.0730
vn 0.0412 0.9981 0.0449
vn -0.2518 0.9677 -0.0098
vn 0.0288 0.9990 0.0340
vn 0.0225 0.9997 -0.0035
vn 0.0225 0.9996 0.0150
vn -0.0735 0.9952 -0.0654
vn -0.0764 0.9963 -0.0398
vn 0.0053 1.0000 -0.0035
vn 0.0080 0.9999 0.0150
vn -0.1151 0.9876 0.1069
vn 0.0787 0.9943 -0.0716
vn -0.1453 0.9887 0.0374
vn -0.1388 0.9903 -0.0032
vn -0.0050 1.0000 -0.0042
vn -0.3440 0.9124 0.2218
vn -0.2692 0.9608 0.0657
vn -0.2877 0.9577 -0.0005
vn -0.0858 0.9963 0.0010
vn 0.2291 0.9725 0.0412
vn -0.0580 0.9983 0.0047
vn -0.0742 0.9963 -0.0444
vn 0.0707 0.9973 -0.0175
vn 0.2195 0.9755 0.0172
vn -0.2004 0.9794 -0.0246
vn -0.1462 0.9842 -0.1001
vn 0.2085 0.9556 -0.2083
vn 0.2449 0.9651 -0.0930
vn -0.0732 0.9947 -0.0716
vn 0.0082 0.9971 -0.0761
vn 0.0512 0.9420 -0.3317
vn 0.5622 0.7819 -0.2694
vn 0.3981 0.7594 -0.5147
vn 0.2389 0.8347 -0.4962
vn -0.0857 0.8154 -0.5726
vn 0.3312 0.7757 0.5373
vn 0.1094 0.9717 -0.2092
vn 0.3684 0.5897 -0.7187
vn -0.0451 0.9972 -0.0601
vn -0.4891 0.4186 0.7652
vn 0.3784 0.8507 -0.3650
vn 0.0889 0.6033 -0.7925
vn -0.0051 1.0000 -0.0039
vn -0.4941 0.8157 0.3009
vn 0.8639 0.4529 -0.2203
vn 0.8146 0.3596 -0.4552
vn 0.0071 0.9999 0.0157
vn 0.4059 0.8932 0.1937
vn 0.4374 0.8927 0.1085
vn 0.0199 0.9991 0.0384
vn -0.0606 0.9981 -0.0103
vn -0.0759 0.9951 0.0629
vn -0.2260 0.9661 0.1244
vn -0.0708 0.9971 0.0278
vn 0.0528 0.9985 0.0165
vn 0.0541 0.9985 -0.0047
vn 0.0541 0.9980 -0.0319
vn -0.1265 0.9862 -0.1071
vn -0.1298 0.9890 -0.0714
vn -0.1167 0.9906 -0.0715
vn 0.0594 0.9804 0.1880
vn 0.0555 0.9981 0.0278
vn 0.0551 0.9925 -0.1087
vn 0.0899 0.9949 -0.0456
vn -0.0662 0.9968 -0.0457
vn -0.0813 0.9965 0.0179
vn -0.2447 0.9386 0.2431
vn -0.2454 0.9413 0.2317
vn -0.5796 0.2248 0.7833
vn -0.8427 0.5318 0.0841
vn -0.8108 0.5117 0.2841
vn -0.9086 0.3788 0.1758
vn -0.9003 0.4351 0.0073
vn -0.8916 0.4309 0.1392
vn -0.6060 0.7885 -0.1049
vn -0.3152 0.9307 0.1858
vn -0.2879 0.8499 0.4414
vn 0.0006 0.9761 0.2173
vn -0.1100 0.9327 0.3435
vn -0.1125 0.9536 0.2794
vn -0.0560 0.9913 0.1187
vn -0.0779 0.9733 0.2161
vn -0.0773 0.9661 0.2464
vn -0.0547 0.9946 0.0883
vn -0.0563 0.9968 0.0562
vn -0.0563 0.9965 0.0621
vn -0.0284 0.9968 0.0744
vn 0.0364 0.9823 0.1838
vn 0.0367 0.9910 0.1286
vn 0.1441 0.9789 0.1448
vn 0.1278 0.9877 0.0906
vn 0.1278 0.9876 0.0909
vn 0.0864 0.9941 0.0663
vn 0.0663 0.9965 0.0507
vn 0.0663 0.9968 0.0441
vn 0.0223 0.9993 -0.0298
vn 0.0039 0.9995 -0.0298
vn -0.0094 0.9993 -0.0351
vn -0.0244 0.9988 -0.0436
vn -0.0260 0.9987 -0.0436
vn -0.0563 0.9952 -0.0804
vn -0.0872 0.9894 -0.1164
vn -0.0981 0.9884 -0.1163
vn -0.2588 0.9436 -0.2062
vn -0.2751 0.9601 -0.0499
vn -0.2026 0.9779 -0.0508
vn -0.1062 0.9943 -0.0111
vn -0.1172 0.9929 -0.0196
vn -0.0975 0.9950 -0.0196
vn -0.0413 0.9990 -0.0192
vn 0.0100 0.9998 -0.0192
vn 0.0654 0.9977 -0.0192
vn 0.1296 0.9914 -0.0175
vn 0.1661 0.9861 -0.0105
vn 0.1324 0.9911 -0.0105
vn 0.2071 0.9747 -0.0839
vn 0.3313 0.9253 -0.1848
vn 0.2096 0.9588 -0.1915
vn 0.0694 0.9899 -0.1240
vn 0.0213 0.9936 -0.1105
vn -0.0082 0.9938 -0.1106
vn -0.0250 0.9946 -0.1005
vn -0.0503 0.9933 -0.1043
vn -0.0776 0.9915 -0.1041
vn -0.1414 0.9888 -0.0467
vn -0.1416 0.9899 -0.0013
vn -0.1475 0.9877 0.0513
vn -0.1467 0.9823 0.1165
vn -0.1123 0.9840 0.1386
vn -0.0014 0.9992 0.0397
vn 0.0137 0.9993 0.0337
vn 0.0137 0.9999 0.0024
vn 0.0221 0.9998 0.0007
vn 0.0243 0.9997 0.0092
vn 0.0243 0.9996 0.0109
vn 0.0307 0.9994 0.0154
vn 0.0329 0.9994 0.0072
vn 0.0329 0.9995 -0.0021
vn 0.0478 0.9988 0.0108
vn 0.0665 0.9969 0.0415
vn 0.0664 0.9959 0.0608
vn 0.1136 0.9843 0.1354
vn 0.1084 0.9832 0.1466
vn 0.1088 0.9871 0.1174
vn 0.0706 0.9960 0.0538
vn 0.0907 0.9937 0.0662
vn 0.0908 0.9942 0.0573
vn 0.1566 0.9826 0.1001
vn 0.1961 0.9744 0.1103
vn 0.1962 0.9748 0.1059
vn 0.3463 0.7709 0.5347
vn 0.0429 0.9120 0.4079
vn 0.0455 0.9674 0.2490
vn -0.0704 0.9916 -0.1086
vn -0.3800 0.9039 -0.1966
vn -0.2870 0.9527 -0.1004
vn -0.2505 0.9628 -0.1015
vn -0.1386 0.9889 -0.0531
vn -0.1431 0.9868 -0.0756
vn -0.0934 0.9927 -0.0760
vn -0.0740 0.9937 -0.0846
vn -0.1981 0.9540 -0.2251
vn -0.2195 0.9496 -0.2240
vn -0.1442 0.9708 -0.1917
vn -0.1180 0.9872 -0.1075
vn -0.0695 0.9917 -0.1080
vn 0.0082 0.9952 -0.0974
vn 0.0508 0.9858 -0.1598
vn 0.1296 0.9544 -0.2690
vn 0.2436 0.8511 -0.4650
vn 0.1622 0.7935 -0.5865
vn 0.1162 0.7543 -0.6462
vn 0.3434 0.5496 -0.7616
vn 0.0303 0.6435 -0.7648
vn 0.2116 0.6407 -0.7381
vn 0.1133 0.7685 -0.6297
vn 0.4555 0.4197 -0.7851
vn 0.4206 0.3173 -0.8499
vn 0.4913 0.2168 -0.8436
vn 0.0883 0.2659 -0.9599
vn 0.7649 0.5857 -0.2681
vn 0.4343 0.8865 -0.1597
vn 0.0731 0.9953 0.0643
vn -0.0189 0.9539 0.2994
vn -0.0296 0.9982 0.0518
vn 0.0561 0.9824 0.1779
vn 0.0309 0.9917 0.1247
vn 0.1484 0.7370 0.6594
vn -0.1250 0.9373 0.3254
vn -0.5301 0.4931 0.6898
vn 0.0150 0.9996 0.0229
vn 0.1928 0.9440 0.2678
vn 0.0732 0.9965 0.0394
vn 0.0870 0.9954 0.0403
vn 0.4136 0.8800 0.2334
vn 0.5126 0.8075 0.2917
vn 0.2628 0.7874 0.5576
vn 0.1948 0.4705 0.8606
vn 0.0027 0.9999 0.0148
vn -0.0031 0.9985 0.0548
vn 0.0876 0.9658 0.2441
vn 0.0234 0.9990 0.0374
vn -0.0064 0.9991 0.0409
vn -0.0234 0.9378 0.3463
vn 0.4206 0.6691 0.6127
vn 0.4901 0.6816 0.5434
vn 0.0081 0.9999 0.0148
vn 0.0257 0.9980 0.0571
vn 0.0589 0.9864 0.1536
vn 0.0164 0.9969 0.0772
vn -0.0176 0.9979 0.0626
vn -0.0410 0.9881 0.1483
vn 0.3890 0.8757 0.2860
vn 0.2016 0.7946 0.5727
vn -0.0049 0.9999 -0.0106
vn 0.0157 0.9991 0.0400
vn 0.0825 0.9902 0.1128
vn 0.1125 0.9510 0.2879
vn 0.0319 0.9977 0.0601
vn 0.0840 0.9902 0.1119
vn 0.0901 0.9934 0.0715
vn 0.2122 0.8460 0.4892
vn -0.0409 0.9983 -0.0406
vn -0.0088 0.9999 0.0118
vn 0.0285 0.9990 0.0355
vn 0.0833 0.9896 0.1173
vn 0.1118 0.9816 0.1546
vn 0.0742 0.9955 0.0584
vn 0.0303 0.9941 0.1038
vn 0.2255 0.9575 0.1798
vn 0.0405 0.9960 -0.0800
vn -0.0031 0.9999 -0.0099
vn -0.0041 0.9998 0.0179
vn -0.0076 0.9975 0.0707
vn -0.0052 0.9859 0.1672
vn 0.0257 0.9942 0.1044
vn 0.0091 0.9909 0.1341
vn -0.0701 0.9963 0.0496
vn 0.0420 0.9990 -0.0124
vn -0.0012 0.9999 0.0119
vn -0.0207 0.9994 0.0278
vn -0.0646 0.9920 0.1086
vn -0.0640 0.9922 0.1069
vn -0.0357 0.9929 0.1131
vn -0.0287 0.9870 0.1583
vn -0.1355 0.9729 0.1875
vn -0.0103 0.9999 0.0133
vn -0.1401 0.9865 0.0852
vn -0.1538 0.9812 0.1168
vn -0.0756 0.9945 0.0721
vn -0.1852 0.9756 0.1182
vn -0.0966 0.9780 0.1847
vn -0.0620 0.9932 0.0987
vn -0.2226 0.9630 -0.1519
vn -0.2361 0.9701 0.0564
vn -0.3647 0.9079 0.2065
vn -0.0772 0.9965 0.0308
vn -0.0584 0.9979 0.0272
vn -0.1034 0.9778 0.1824
vn -0.0432 0.9974 0.0582
vn -0.0664 0.9909 0.1174
vn -0.1566 0.9665 0.2036
vn -0.0981 -0.0000 0.9952
vn -0.2902 -0.0000 0.9570
vn -0.4714 -0.0000 0.8819
vn -0.6344 -0.0000 0.7730
vn -0.7731 -0.0000 0.6343
vn -0.8819 -0.0000 0.4714
vn -0.9569 -0.0000 0.2903
vn -0.9952 -0.0000 0.0980
vn -0.9952 -0.0000 -0.0980
vn -0.9569 -0.0000 -0.2903
vn -0.8819 -0.0000 -0.4714
vn -0.7731 -0.0000 -0.6343
vn -0.6344 -0.0000 -0.7730
vn -0.4714 -0.0000 -0.8819
vn -0.2902 -0.0000 -0.9570
vn -0.0981 -0.0000 -0.9952
vn 0.0981 -0.0000 -0.9952
vn 0.2902 -0.0000 -0.9570
vn 0.4714 -0.0000 -0.8819
vn 0.6344 -0.0000 -0.7730
vn 0.7731 -0.0000 -0.6343
vn 0.8819 -0.0000 -0.4714
vn 0.9569 -0.0000 -0.2903
vn 0.9952 -0.0000 -0.0980
vn 0.9952 -0.0000 0.0980
vn 0.9569 -0.0000 0.2903
vn 0.8819 -0.0000 0.4714
vn 0.7731 -0.0000 0.6343
vn 0.6344 -0.0000 0.7730
vn 0.4714 -0.0000 0.8819
vn -0.0000 1.0000 -0.0000
vn 0.2902 -0.0000 0.9570
vn 0.0981 -0.0000 0.9952
vn -0.0000 -1.0000 -0.0000
vn -1.0000 -0.0000 -0.0000
vn -0.9984 -0.0000 -0.0560
vn -0.0400 0.5095 -0.8595
vn -0.9984 -0.0000 -0.0567
vn 0.0304 -0.0000 0.9995
vn 1.0000 -0.0000 -0.0000
vn -0.0171 -0.9998 -0.0100
vn -0.1276 0.9901 -0.0586
vn 0.0008 1.0000 -0.0013
vn -0.0332 -0.9994 -0.0072
vn 0.0365 0.9976 -0.0590
vn -0.1073 -0.9942 -0.0000
vn -0.0000 -0.0001 -1.0000
vn 0.0018 -1.0000 -0.0021
vn -0.0511 -0.0000 -0.9987
vn 0.1020 0.4077 0.9074
vn 0.0298 -0.9654 -0.2590
vn -0.0945 -0.6670 0.7390
vn 0.0303 -0.0000 -0.9995
vn 0.0302 -0.9980 0.0551
vn 0.0010 0.2457 0.9694
vn -0.0000 -0.0133 -0.9999
vn -0.0000 -0.0000 -1.0000
vn -0.0000 -0.0000 1.0000
vn -0.0262 0.9993 0.0269
vn -0.2699 0.8972 -0.3496
vn 0.0230 0.9996 -0.0182
vn -0.9980 -0.0626 -0.0001
vn 0.0769 -0.9970 0.0086
vn -0.0206 0.9989 0.0422
vn -0.9997 -0.0256 0.0001
vn 0.0546 0.9982 0.0233
vn 0.0422 0.9972 0.0622
vn 0.1479 0.9884 0.0337
vn -0.3541 0.8596 0.3684
vn -0.0032 -0.0010 1.0000
vn 0.0291 -0.0143 0.9995
vn 0.0246 -0.0472 0.9986
vn 0.0276 -0.0048 0.9996
vn 0.0298 0.0049 0.9995
vn 0.0260 0.0164 0.9995
vn -0.1311 0.9914 -0.0000
vn 0.1462 -0.9844 -0.0982
vn -0.2199 -0.9410 -0.2571
vn 0.0710 -0.9937 0.0872
vn -0.4386 -0.8520 0.2859
vn -0.9965 -0.0841 -0.0001
vn -0.0179 -0.9983 -0.0562
vn 0.0220 0.9990 -0.0382
vn -0.2243 0.9745 -0.0000
vn -0.1356 -0.9863 -0.0943
vn -0.0492 -0.9975 -0.0504
vn 0.0214 -0.4790 0.8776
vn -0.9947 -0.0708 -0.0739
vn 0.0615 0.9966 0.0554
vn 0.0060 -0.9991 -0.0423
vn -0.3870 0.9207 0.0512
vn -0.1140 0.9935 -0.0000
vn -0.1275 -0.9908 0.0454
vn 0.0212 0.9992 -0.0338
vn -0.0728 0.9959 0.0541
vn 0.0027 -0.9998 -0.0214
vn -0.0000 0.0001 -1.0000
vn 0.0973 -0.9935 -0.0586
vn -0.0000 -0.0007 -1.0000
vn -0.0000 -0.0004 1.0000
vn 0.1475 -0.9882 -0.0402
vn 0.0509 0.9984 -0.0243
vn -0.2868 -0.9570 -0.0423
vn -0.0360 -0.9986 0.0385
vn -0.1691 -0.9639 -0.2056
vn 0.0312 0.9995 -0.0013
vn 0.3076 0.1135 -0.9447
vn -0.0589 0.0276 -0.9979
vn -0.0613 0.0094 -0.9981
vn -0.1252 -0.2349 -0.9639
vn -0.0597 -0.0094 -0.9982
vn -0.0955 -0.0000 -0.9954
vn -0.0501 -0.0000 -0.9987
vn -0.1224 0.2319 -0.9650
vn -0.0882 -0.0000 -0.9961
vn -0.1155 0.4558 -0.8825
vn -0.1167 -0.3913 -0.9128
vn 0.0518 -0.0244 0.9984
vn 0.1041 0.3972 0.9118
vn 0.0838 -0.0083 0.9964
vn 0.0442 -0.0000 0.9990
vn -0.3211 -0.1252 0.9388
vn 0.1090 -0.1788 0.9778
vn 0.0526 0.0085 0.9986
vn 0.0537 -0.0000 0.9986
vn 0.1115 -0.2196 0.9692
vn 0.0450 -0.0000 0.9990
vn 0.0785 -0.0000 0.9969
vn 0.0442 -0.0000 -0.9990
vn 0.1088 -0.1883 -0.9761
vn 0.0776 -0.0000 -0.9970
vn -0.2640 0.3567 -0.8961
vn 0.0003 1.0000 -0.0003
vn 0.0563 0.8681 -0.4932
vn 0.0450 -0.0000 -0.9990
vn 0.0978 0.4823 -0.8705
vn -0.3089 0.1427 -0.9403
vn -0.3283 -0.1487 -0.9328
vn -0.1279 -0.0000 -0.9918
vn 0.2377 -0.3303 0.9135
vn -0.0398 -0.9519 0.3038
vn 0.0795 -0.1407 0.9868
vn -0.0502 -0.0000 0.9987
vn 0.0818 -0.0231 0.9964
vn -0.1237 0.1807 0.9757
vn 0.2973 0.1405 0.9444
vn 0.3166 -0.0000 0.9486
vn -0.0644 0.8700 0.4889
vn -0.0511 -0.0000 0.9987
vn -0.0891 -0.0000 0.9960
vn 0.5116 -0.3244 -0.7956
vn 0.5728 -0.1424 -0.8072
vn 0.0653 -0.7788 -0.6239
vn 0.5477 0.1438 -0.8242
vn -0.0027 -0.9991 0.0425
vn 0.3143 0.0007 -0.9493
vn 0.0292 -0.0000 -0.9996
vn 0.2473 -0.5262 -0.8136
vn 0.1402 -0.0000 -0.9901
vn -0.0688 0.9550 0.2886
vn 0.0401 0.9507 -0.3074
vn -0.5514 0.3416 0.7611
vn -0.0298 0.9304 0.3653
vn -0.2739 0.1811 0.9445
vn -0.0217 -0.0000 0.9998
vn -0.0929 0.0265 -0.9953
vn -0.2545 0.4620 0.8496
vn -0.5920 -0.1460 0.7926
vn -0.5849 -0.0008 0.8111
vn 0.0138 -0.9967 0.0805
vn -0.0227 -0.0000 0.9997
vn -0.1189 -0.0000 0.9929
vn 0.0280 -0.0033 -0.9996
vn -0.0052 -0.0797 -0.9968
vn -0.0000 -0.0010 -1.0000
vn 0.0283 -0.0017 -0.9996
vn 0.0246 0.0001 -0.9997
vn 0.0100 -0.0001 -0.9999
vn -0.0109 0.0020 0.9999
vn 0.0089 0.0868 0.9962
vn -0.0028 0.0010 1.0000
vn -0.0100 -0.0000 0.9999
vn -0.0022 -0.1287 0.9917
vn -0.0000 0.0003 -1.0000
vn -0.0000 -0.0020 -1.0000
vn -0.0000 -0.0001 1.0000
vn 0.0599 0.9982 -0.0000
vn -0.0000 0.0001 1.0000
vn 0.0142 -0.1022 0.9947
vn -0.1870 -0.9823 0.0072
vn -0.2456 0.9468 -0.2080
vn -0.0056 -0.9992 0.0385
vn -0.0829 0.9964 -0.0174
vn -0.3527 0.9357 -0.0005
vn 0.0205 0.9457 0.3244
vn -0.2127 0.9565 0.1997
vn -0.1317 0.9585 0.2527
vn 0.0161 0.9229 0.3846
vn 0.1474 0.9637 0.2226
vn -0.1224 0.9551 0.2699
vn -0.0842 0.9786 0.1876
vn 0.1247 0.8153 0.5655
vn 0.0710 0.9912 0.1122
vn 0.0169 0.9684 0.2489
vn -0.0676 0.9891 0.1305
vn -0.0138 0.9915 0.1294
vn -0.0040 0.9930 0.1176
vn -0.0513 0.9968 0.0607
vn 0.0525 0.9935 0.1012
vn 0.0261 0.9974 0.0664
vn 0.0525 0.9928 0.1081
vn -0.0138 0.9940 0.1082
vn -0.0121 0.9985 0.0526
vn -0.0126 0.9972 0.0741
vn -0.0516 0.9672 0.2486
vn -0.0953 0.9852 0.1424
vn 0.0268 0.9982 0.0539
vn 0.0392 0.9883 0.1473
vn 0.0268 0.9962 0.0826
vn -0.0121 0.9965 0.0826
vn -0.0397 0.9876 0.1518
vn -0.0349 0.9867 0.1585
vn -0.0678 0.9917 0.1093
vn -0.0527 0.9986 0.0087
vn 0.0281 0.9903 0.1362
vn 0.0116 0.9991 0.0415
vn 0.0282 0.9952 0.0941
vn -0.0400 0.9948 0.0941
vn -0.0267 0.9995 0.0144
vn -0.0284 0.9986 0.0440
vn -0.0512 0.9946 0.0900
vn -0.1211 0.9905 0.0649
vn 0.0063 0.9999 0.0108
vn -0.0004 1.0000 0.0072
vn 0.0063 1.0000 -0.0021
vn -0.0267 0.9996 0.0016
vn -0.0335 0.9992 0.0207
vn -0.0312 0.9994 0.0128
vn -0.0959 0.9916 0.0871
vn -0.4363 0.8840 0.1677
vn -0.0004 0.9999 0.0154
vn -0.0075 0.9999 0.0110
vn -0.0034 0.9999 0.0138
vn -0.0335 0.9993 0.0160
vn -0.1626 0.9820 0.0960
vn -0.0805 0.9957 0.0466
vn -0.0527 0.9986 0.0035
vn -0.1467 0.9886 0.0336
vn -0.0075 1.0000 0.0007
vn -0.1116 0.9886 0.1006
vn -0.0198 0.9998 0.0098
vn -0.1632 0.9860 0.0342
vn -0.3485 0.9296 0.1199
vn -0.3993 0.8947 0.2002
vn -0.1213 0.9922 0.0273
vn -0.0765 0.9970 -0.0090
vn -0.1118 0.9902 0.0839
vn -0.2416 0.9660 0.0918
vn -0.2207 0.9658 0.1360
vn -0.3459 0.9225 0.1715
vn -0.1420 0.9898 -0.0089
vn -0.1736 0.9846 0.0212
vn -0.4361 0.8835 0.1710
vn -0.0536 0.9759 0.2113
vn -0.2422 0.9687 0.0545
vn -0.1652 0.9852 -0.0466
vn -0.2126 0.9768 -0.0258
vn -0.1419 0.9892 -0.0366
vn -0.1332 0.9885 -0.0713
vn -0.1466 0.9874 0.0600
vn -0.1143 0.9843 0.1346
vn -0.0509 0.9545 0.2940
vn -0.1329 0.9877 0.0826
vn -0.2272 0.9659 0.1244
vn -0.0506 0.9746 0.2184
vn -0.0654 0.9632 0.2607
vn -0.0867 0.9896 0.1149
vn -0.2563 0.9644 0.0659
vn -0.1103 0.9499 0.2925
vn -0.1088 0.9847 0.1361
vn -0.0498 0.9583 0.2813
vn -0.1133 0.9852 0.1285
vn -0.1095 0.9876 0.1128
vn -0.1216 0.9777 0.1715
vn -0.1787 0.9760 0.1241
vn -0.1089 0.9855 0.1300
vn -0.0796 0.9954 0.0537
vn -0.1051 0.9894 0.1000
vn -0.1098 0.9908 0.0785
vn -0.1796 0.9750 0.1305
vn -0.1368 0.9872 0.0823
vn -0.0521 0.9487 0.3119
vn -0.0679 0.9957 0.0629
vn -0.0796 0.9950 0.0606
vn -0.1423 0.9744 0.1741
vn -0.1060 0.9874 0.1174
vn -0.1788 0.9707 0.1607
vn -0.0884 0.9936 0.0705
vn -0.1252 0.9845 0.1228
vn -0.1139 0.9905 0.0768
vn -0.1990 0.9713 0.1305
vn -0.1431 0.9795 0.1416
vn -0.0864 0.9959 0.0276
vn -0.1098 0.9918 0.0659
vn -0.0885 0.9952 0.0418
vn -0.1850 0.9791 0.0844
vn -0.1323 0.9892 0.0630
vn -0.1779 0.9713 0.1578
vn -0.0911 0.9937 0.0657
vn -0.0864 0.9962 0.0086
vn -0.2212 0.9699 0.1020
vn -0.1084 0.9941 0.0101
vn -0.1854 0.9812 0.0540
vn -0.2220 0.9685 0.1127
vn -0.2795 0.9505 0.1357
vn -0.0679 0.9964 0.0507
vn -0.0257 0.9992 0.0318
vn -0.2219 0.9730 0.0637
vn -0.2720 0.9554 0.1153
vn -0.3228 0.9390 0.1185
vn -0.2203 0.9610 0.1672
vn -0.0593 0.9972 0.0452
vn -0.0882 0.9940 0.0650
vn -0.1993 0.9727 0.1191
vn -0.0064 0.9999 0.0088
vn -0.2694 0.9462 0.1795
vn -0.0769 0.9966 0.0289
vn -0.1663 0.9803 0.1068
vn -0.0593 0.9972 0.0455
vn -0.0280 0.9995 0.0126
vn -0.0342 0.9992 0.0196
vn -0.0909 0.9920 0.0881
vn -0.0065 0.9998 -0.0188
vn -0.0769 0.9965 0.0339
vn -0.0466 0.9989 0.0010
vn -0.0619 0.9979 0.0190
vn -0.0280 0.9996 0.0086
vn -0.0465 0.9968 -0.0655
vn -0.0257 0.9995 -0.0196
vn -0.0248 0.9997 -0.0040
vn -0.0257 0.9992 0.0298
vn -0.0454 0.9988 -0.0184
vn -0.1154 0.9605 0.2532
vn -0.0454 0.9982 -0.0395
vn -0.0257 0.9990 -0.0378
vn -0.0606 0.9972 -0.0445
vn -0.0278 0.9975 -0.0647
vn -0.0064 1.0000 0.0057
vn -0.0664 0.9928 0.0997
vn -0.0902 0.9943 0.0570
vn -0.1003 0.9950 -0.0032
vn -0.0493 0.9980 0.0388
vn -0.0723 0.9963 0.0455
vn -0.1163 0.9557 0.2703
vn -0.0869 0.9376 0.3368
vn -0.0802 0.9885 0.1282
vn -0.0829 0.9964 0.0152
vn 0.2046 0.9091 -0.3629
vn -0.0652 0.9753 0.2112
vn -0.0810 0.9776 0.1943
vn -0.1144 0.9407 0.3194
vn -0.0354 0.9880 0.1502
vn -0.0537 0.9882 0.1435
vn -0.0559 0.9816 0.1826
vn -0.0275 0.9970 0.0726
vn -0.0819 0.9883 0.1289
vn -0.1255 0.9850 0.1186
vn -0.0990 0.9886 0.1133
vn -0.0538 0.9885 0.1410
vn -0.0368 0.9960 0.0809
vn -0.0511 0.9914 0.1207
vn -0.1147 0.9547 0.2745
vn -0.1012 0.9798 0.1725
vn -0.1254 0.9842 0.1251
vn -0.0384 0.9976 0.0581
vn -0.0951 0.9897 0.1065
vn -0.0368 0.9973 0.0641
vn -0.0918 0.9865 0.1354
vn -0.0426 0.9963 0.0753
vn -0.0355 0.9899 0.1370
vn -0.0428 0.9971 0.0633
vn -0.0384 0.9973 0.0630
vn -0.1512 0.9765 0.1537
vn -0.0619 0.9946 0.0836
vn -0.0918 0.9864 0.1364
vn -0.0763 0.9934 0.0852
vn -0.1093 0.9845 0.1375
vn -0.0275 0.9982 0.0526
vn -0.0118 0.9997 0.0218
vn -0.1517 0.9796 0.1316
vn -0.0666 0.9964 0.0534
vn -0.1382 0.9838 0.1139
vn -0.0763 0.9943 0.0746
vn -0.0234 0.9993 0.0308
vn -0.0367 0.9986 0.0370
vn -0.1012 0.9802 0.1705
vn 0.0189 0.9997 0.0127
vn -0.0665 0.9956 0.0658
vn -0.0159 0.9993 0.0328
vn -0.0447 0.9974 0.0562
vn -0.0234 0.9989 0.0400
vn 0.0086 0.9997 0.0222
vn -0.0009 0.9997 0.0227
vn -0.0428 0.9978 0.0514
vn 0.0517 0.9986 -0.0104
vn -0.0159 0.9994 0.0318
vn 0.0082 0.9999 0.0133
vn -0.0063 0.9998 0.0206
vn 0.0086 1.0000 0.0038
vn 0.0307 0.9995 0.0049
vn 0.0252 0.9997 0.0071
vn -0.0118 0.9996 0.0276
vn 0.0866 0.9956 -0.0369
vn 0.0121 0.9999 0.0088
vn 0.0145 0.9999 -0.0047
vn 0.0121 0.9999 0.0025
vn 0.0307 0.9995 -0.0018
vn 0.0214 0.9973 -0.0698
vn 0.0414 0.9989 -0.0209
vn 0.0376 0.9993 -0.0074
vn 0.0189 0.9998 0.0038
vn 0.0145 0.9997 -0.0173
vn -0.0226 0.9978 0.0616
vn 0.0143 0.9993 -0.0359
vn 0.0414 0.9984 -0.0377
vn -0.1009 0.9898 -0.1006
vn 0.0697 0.9936 -0.0889
vn 0.0517 0.9987 -0.0018
vn -0.1774 0.9641 0.1977
vn -0.0082 0.9979 -0.0643
vn -0.0084 0.9992 -0.0378
vn -0.2464 0.9647 0.0930
vn -0.1369 0.9886 0.0625
vn -0.0653 0.9919 0.1085
vn -0.0952 0.9718 0.2158
vn -0.1323 0.9867 0.0947
vn -0.1372 0.9905 -0.0102
vn 0.3699 0.6974 -0.6138
vn -0.1752 0.9520 0.2510
vn -0.0253 0.9895 0.1422
vn -0.1322 0.9671 -0.2173
vn -0.0648 0.9844 0.1638
vn 0.0145 0.9861 0.1657
vn -0.0141 0.9861 0.1657
vn -0.0086 0.9908 0.1350
vn 0.0190 0.9959 0.0881
vn -0.0253 0.9883 0.1502
vn -0.0223 0.9945 0.1021
vn -0.0356 0.9888 0.1448
vn -0.0142 0.9897 0.1426
vn -0.0171 0.9960 0.0881
vn -0.0061 0.9945 0.1050
vn -0.0225 0.9930 0.1158
vn -0.0172 0.9800 0.1981
vn -0.0223 0.9971 0.0726
vn -0.0709 0.9879 0.1381
vn -0.0269 0.9980 0.0573
vn -0.0171 0.9974 0.0700
vn -0.0504 0.9812 0.1863
vn -0.0465 0.9864 0.1575
vn 0.0257 0.9910 0.1317
vn -0.0056 0.9991 0.0418
vn -0.0705 0.9824 0.1729
vn -0.0387 0.9954 0.0872
vn -0.0800 0.9833 0.1633
vn -0.0508 0.9883 0.1439
vn -0.0153 0.9989 0.0438
vn -0.0218 0.9970 0.0748
vn 0.0047 0.9968 0.0800
vn -0.0388 0.9972 0.0633
vn -0.0122 0.9997 0.0212
vn -0.0258 0.9989 0.0385
vn -0.0153 0.9994 0.0315
vn -0.0047 0.9999 0.0119
vn -0.0079 0.9998 0.0182
vn -0.0174 0.9917 0.1275
vn 0.0057 0.9997 -0.0247
vn -0.0122 0.9997 0.0218
vn 0.0140 0.9998 0.0119
vn -0.0055 0.9998 0.0170
vn -0.0047 1.0000 0.0087
vn 0.0204 0.9996 -0.0178
vn 0.0095 0.9999 -0.0079
vn -0.0056 0.9996 0.0272
vn 0.0833 0.9896 -0.1169
vn 0.0140 0.9999 0.0035
vn 0.0567 0.9979 -0.0316
vn 0.0245 0.9997 -0.0078
vn 0.0203 0.9996 -0.0210
vn 0.1018 0.9920 -0.0740
vn 0.0595 0.9966 -0.0562
vn -0.0041 1.0000 0.0031
vn 0.1721 0.9670 -0.1876
vn 0.0567 0.9983 -0.0104
vn 0.1337 0.9897 -0.0520
vn 0.0778 0.9969 -0.0107
vn 0.1021 0.9942 -0.0326
vn 0.3328 0.9297 -0.1580
vn 0.3506 0.9118 -0.2135
vn 0.2522 0.9558 -0.1511
vn 0.0057 0.9994 -0.0355
vn 0.1338 0.9903 -0.0367
vn 0.0380 0.9962 0.0778
vn 0.2064 0.9754 -0.0774
vn 0.3526 0.9169 -0.1871
vn 0.0513 0.9958 -0.0760
vn 0.2076 0.9769 -0.0516
vn 0.0835 0.9926 -0.0878
vn 0.0107 0.9987 0.0497
vn 0.1180 0.9891 -0.0885
vn 0.0866 0.9952 -0.0467
vn -0.0442 0.9983 0.0374
vn -0.0771 0.9912 0.1073
vn 0.0317 0.9976 0.0608
vn 0.0116 0.9966 0.0813
vn 0.0488 0.9983 0.0319
vn -0.0776 0.9969 0.0161
vn 0.5600 0.7555 -0.3399
vn 0.0116 0.9980 0.0616
vn 0.0236 0.9907 0.1340
vn 0.4741 0.7569 -0.4499
vn 0.0316 0.9949 0.0953
vn 0.0625 0.9892 0.1327
vn 0.0450 0.9877 0.1499
vn 0.0277 0.9917 0.1252
vn 0.0981 0.9933 0.0617
vn 0.0351 0.9863 0.1613
vn 0.0646 0.9924 0.1043
vn 0.0354 0.9935 0.1080
vn 0.0453 0.9948 0.0907
vn 0.1052 0.9908 0.0852
vn 0.0817 0.9928 0.0879
vn 0.0303 0.9950 0.0953
vn 0.1446 0.9559 0.2556
vn 0.0744 0.9927 0.0951
vn 0.0564 0.9844 0.1669
vn 0.0744 0.9921 0.1015
vn 0.1051 0.9899 0.0948
vn 0.0799 0.9704 0.2279
vn 0.1124 0.9780 0.1756
vn 0.0741 0.9931 0.0906
vn 0.0400 0.9979 0.0512
vn 0.0241 0.9799 0.1981
vn 0.0080 0.9975 0.0707
vn 0.0243 0.9906 0.1349
vn 0.0808 0.9812 0.1753
vn 0.0201 0.9988 0.0437
vn 0.0275 0.9969 0.0739
vn 0.1127 0.9891 0.0947
vn 0.0110 0.9997 0.0204
vn 0.0060 0.9991 0.0418
vn 0.0015 0.9998 0.0179
vn 0.0060 0.9996 0.0281
vn 0.0201 0.9993 0.0330
vn 0.0042 0.9999 0.0148
vn 0.0097 0.9997 0.0203
vn 0.0826 0.9811 0.1753
vn -0.0208 0.9997 -0.0122
vn -0.0014 0.9999 0.0119
vn -0.0072 0.9999 -0.0099
vn -0.0014 1.0000 0.0021
vn 0.0042 0.9999 0.0112
vn -0.0199 0.9995 -0.0225
vn -0.0096 0.9999 -0.0074
vn 0.0285 0.9991 0.0330
vn -0.0832 0.9888 -0.1242
vn -0.0093 0.9997 -0.0247
vn -0.0114 0.9967 -0.0801
vn -0.0093 0.9990 -0.0438
vn -0.0198 0.9991 -0.0362
vn -0.0573 0.9884 -0.1406
vn -0.0412 0.9959 -0.0806
vn 0.0025 0.9999 0.0112
vn 0.0635 0.9802 -0.1874
vn -0.0114 0.9930 -0.1173
vn 0.1202 0.9629 -0.2414
vn 0.0125 0.9870 -0.1605
vn -0.0546 0.9426 -0.3295
vn 0.1654 0.9820 -0.0910
vn 0.0936 0.9797 -0.1770
vn 0.0774 0.9596 -0.2704
vn -0.0409 0.9985 -0.0362
vn 0.1217 0.9744 -0.1890
vn 0.0919 0.9039 0.4179
vn 0.0958 0.9911 -0.0922
vn 0.0943 0.9867 -0.1323
vn 0.1552 0.7592 -0.6321
vn 0.1290 0.9871 -0.0952
vn -0.0152 0.9439 -0.3300
vn 0.1621 0.9698 0.1821
vn 0.1208 0.9913 -0.0524
vn 0.1734 0.9741 -0.1453
vn 0.3741 0.9265 0.0402
vn 0.6741 0.7087 0.2081
vn 0.1048 0.9677 0.2293
vn 0.0754 0.9887 0.1297
vn 0.2614 0.7831 0.5643
vn 0.5086 0.8119 -0.2866
vn 0.3854 0.9026 0.1917
vn 0.0753 0.9867 0.1441
vn 0.0948 0.9901 0.1034
vn 0.2236 0.6182 -0.7535
vn 0.1063 0.9811 0.1617
vn 0.0617 0.9958 0.0677
vn 0.1469 0.9829 0.1113
vn 0.1034 0.9930 0.0569
vn 0.0438 0.9964 0.0721
vn 0.0942 0.9893 0.1115
vn 0.0741 0.9955 0.0584
vn 0.0944 0.9912 0.0927
vn 0.1464 0.9796 0.1375
vn 0.0538 0.9971 0.0539
vn 0.0719 0.9953 0.0654
vn 0.0891 0.9828 0.1619
vn 0.0624 0.9964 0.0579
vn 0.0688 0.9965 0.0485
vn 0.1154 0.9812 0.1545
vn 0.0688 0.9955 0.0652
vn 0.0537 0.9962 0.0684
vn 0.2095 0.9646 0.1600
vn 0.1080 0.9866 0.1224
vn 0.0837 0.9868 0.1385
vn 0.1224 0.9820 0.1442
vn 0.1920 0.9521 0.2380
vn 0.0829 0.9896 0.1173
vn 0.1903 0.9434 0.2717
vn 0.2082 0.9586 0.1942
vn 0.0784 0.9930 0.0887
vn 0.1327 0.9730 0.1889
vn 0.0318 0.9971 0.0685
vn 0.0302 0.9980 0.0564
vn 0.0574 0.9964 0.0630
vn 0.0266 0.9990 0.0355
vn 0.0574 0.9964 0.0616
vn 0.0784 0.9937 0.0799
vn 0.0148 0.9991 0.0404
vn 0.0309 0.9983 0.0492
vn 0.1151 0.9736 0.1972
vn 0.0011 0.9997 0.0236
vn 0.0144 0.9995 0.0282
vn -0.0062 0.9998 0.0208
vn 0.0144 0.9994 0.0313
vn 0.0148 0.9993 0.0341
vn -0.0081 0.9997 0.0236
vn 0.0025 0.9998 0.0208
vn 0.0827 0.9934 0.0799
vn -0.0294 0.9978 -0.0586
vn -0.0062 1.0000 -0.0002
vn -0.0449 0.9982 -0.0406
vn -0.0196 0.9998 -0.0018
vn -0.0081 1.0000 -0.0018
vn -0.0472 0.9957 -0.0799
vn -0.0258 0.9992 -0.0295
vn 0.0157 0.9993 0.0341
vn -0.0605 0.9841 -0.1668
vn -0.0729 0.9915 -0.1079
vn 0.0168 0.9431 -0.3321
vn -0.0692 0.9413 -0.3305
vn -0.0464 0.9782 -0.2022
vn 0.0100 0.9958 -0.0907
vn -0.0367 0.9825 -0.1827
vn -0.0186 0.8907 -0.4543
vn 0.0011 1.0000 0.0060
vn 0.0175 0.9821 -0.1877
vn 0.2606 0.6775 0.6878
vn 0.0124 0.9858 -0.1675
vn -0.0369 0.9867 -0.1581
vn 0.0384 0.8160 -0.5767
vn -0.0429 0.9950 -0.0906
vn -0.1024 0.9742 -0.2013
vn 0.3550 0.8093 0.4680
vn 0.0688 0.9930 -0.0958
vn 0.0638 0.9846 -0.1629
vn 0.4192 0.9021 -0.1021
vn 0.1751 0.9844 0.0174
vn 0.3985 0.5420 0.7399
vn 0.1428 0.9671 0.2106
vn 0.3317 0.8609 0.3859
vn 0.3184 0.8804 -0.3514
vn 0.1370 0.9681 0.2099
vn 0.1001 0.6780 0.7282
vn 0.0746 0.9946 0.0716
vn 0.4210 0.5494 -0.7217
vn 0.5431 0.7387 0.3992
vn 0.1451 0.9573 0.2501
vn 0.0434 0.9942 0.0988
vn 0.2003 0.9746 0.1000
vn -0.0353 0.9924 0.1178
vn 0.0281 0.9982 0.0525
vn 0.0437 0.9927 0.1122
vn 0.0280 0.9938 0.1076
vn 0.0433 0.9907 0.1286
vn -0.0073 0.9923 0.1237
vn 0.0006 0.9944 0.1058
vn 0.3640 0.8194 0.4428
vn 0.0002 0.9973 0.0728
vn 0.0236 0.9951 0.0958
vn -0.0079 0.9982 0.0601
vn 0.0236 0.9954 0.0933
vn -0.0074 0.9956 0.0933
vn -0.0242 0.9956 0.0904
vn -0.0022 0.9974 0.0718
vn -0.0191 0.9915 0.1287
vn 0.0662 0.9796 0.1896
vn -0.0079 0.9994 0.0325
vn 0.1102 0.9513 0.2880
vn -0.0436 0.9884 0.1452
vn -0.0241 0.9924 0.1205
vn 0.0894 0.9746 0.2055
vn 0.0732 0.9835 0.1655
vn -0.0354 0.9949 0.0950
vn 0.0321 0.9960 0.0836
vn 0.1006 0.9760 0.1933
vn 0.0427 0.9927 0.1131
vn 0.1013 0.9828 0.1545
vn 0.0891 0.9709 0.2225
vn 0.0307 0.9954 0.0904
vn 0.0238 0.9902 0.1373
vn 0.0163 0.9956 0.0921
vn 0.0156 0.9991 0.0392
vn 0.0264 0.9969 0.0741
vn 0.0120 0.9991 0.0400
vn 0.0264 0.9980 0.0572
vn 0.0308 0.9975 0.0641
vn 0.0112 0.9994 0.0331
vn 0.0173 0.9988 0.0459
vn 0.0581 0.9731 0.2230
vn -0.0148 0.9997 -0.0192
vn 0.0074 0.9996 0.0285
vn -0.0063 0.9999 -0.0106
vn 0.0074 0.9998 0.0178
vn 0.0112 0.9996 0.0241
vn -0.0152 0.9994 -0.0314
vn -0.0030 1.0000 -0.0026
vn 0.0257 0.9976 0.0641
vn -0.4216 0.8333 -0.3574
vn -0.0179 0.9989 -0.0430
vn -0.0824 0.8156 -0.5727
vn -0.0179 0.9948 -0.1000
vn -0.0152 0.9981 -0.0599
vn -0.1084 0.9905 -0.0840
vn -0.2640 0.9452 -0.1924
vn -0.3897 0.7722 -0.5018
vn 0.0081 0.9997 0.0241
vn -0.0874 0.9783 -0.1877
vn 0.3126 0.7084 0.6328
vn -0.0882 0.9875 -0.1308
vn -0.2588 0.9269 -0.2719
vn 0.4968 0.4577 -0.7373
vn -0.1004 0.9929 -0.0644
vn -0.0451 0.9972 -0.0598
vn 0.3977 0.7443 0.5365
vn -0.0971 0.9909 -0.0930
vn -0.0876 0.9836 -0.1576
vn 0.5024 0.8600 -0.0896
vn 0.2995 0.9497 -0.0915
vn 0.5257 0.5802 0.6221
vn 0.3030 0.7335 0.6084
vn 0.5437 0.7477 0.3812
vn 0.4987 0.6507 -0.5726
vn 0.2867 0.6942 0.6602
vn 0.1696 0.9368 0.3060
vn 0.5988 0.4965 -0.6285
vn 0.4234 0.4673 0.7761
vn -0.1825 0.8547 0.4859
vn 0.1155 0.8930 0.4349
vn 0.0073 0.9786 0.2055
vn -0.0163 0.9964 0.0833
vn 0.1994 0.8633 0.4636
vn -0.0656 0.9823 0.1754
vn 0.1967 0.8519 0.4854
vn 0.1099 0.8503 0.5146
vn -0.0567 0.9942 0.0916
vn -0.0694 0.9821 0.1754
vn 0.3084 0.4906 0.8149
vn 0.0177 0.9986 0.0498
vn -0.0661 0.9909 0.1176
vn -0.0320 0.9977 0.0590
vn -0.0534 0.9948 0.0862
vn -0.0568 0.9960 0.0684
vn -0.0172 0.9986 0.0498
vn -0.0302 0.9981 0.0538
vn -0.1797 0.8416 0.5093
vn 0.0604 0.9919 0.1117
vn -0.0320 0.9968 0.0727
vn 0.0177 0.9969 0.0772
vn -0.0221 0.9969 0.0761
vn -0.0172 0.9984 0.0534
vn 0.0246 0.9916 0.1266
vn 0.0097 0.9981 0.0603
vn -0.0164 0.9988 0.0471
vn 0.0041 0.9913 0.1318
vn 0.0527 0.9855 0.1611
vn 0.0338 0.9875 0.1538
vn 0.0521 0.9742 0.2195
vn 0.0243 0.9787 0.2041
vn -0.0145 0.9912 0.1318
vn 0.0118 0.9829 0.1835
vn 0.0234 0.9990 0.0384
vn 0.0012 0.9993 0.0380
vn 0.0179 0.9958 0.0898
vn 0.0064 0.9983 0.0571
vn 0.0180 0.9968 0.0783
vn -0.0145 0.9968 0.0783
vn -0.0123 0.9990 0.0423
vn -0.0174 0.9982 0.0574
vn 0.0884 0.9751 0.2033
vn 0.0004 1.0000 0.0069
vn 0.0037 0.9990 0.0447
vn -0.0010 0.9999 0.0148
vn 0.0037 0.9994 0.0332
vn -0.0123 0.9994 0.0332
vn -0.0045 1.0000 0.0069
vn -0.0020 0.9999 0.0142
vn 0.0041 0.9964 0.0845
vn -0.0313 0.9991 -0.0271
vn -0.0112 0.9999 -0.0059
vn -0.0563 0.9966 -0.0601
vn -0.0112 0.9998 -0.0133
vn -0.0045 1.0000 -0.0033
vn -0.3979 0.8781 -0.2656
vn -0.0535 0.9973 -0.0504
vn -0.0302 0.9991 -0.0312
vn 0.0027 0.9996 0.0266
vn -0.1134 0.9877 -0.1075
vn 0.1791 0.7212 0.6692
vn -0.1134 0.9880 -0.1051
vn -0.0535 0.9974 -0.0480
vn 0.2387 0.7189 -0.6528
vn -0.2250 0.9497 -0.2180
vn -0.0051 1.0000 -0.0033
vn 0.2183 0.7631 0.6083
vn -0.2022 0.9761 -0.0802
vn -0.3795 0.8878 -0.2604
vn 0.7070 0.5849 0.3975
vn 0.7615 0.6128 -0.2111
vn 0.1816 0.7080 0.6825
vn 0.2234 0.6867 0.6917
vn 0.1335 0.6056 0.7845
vn 0.7399 0.6135 -0.2760
vn 0.2239 0.6880 0.6903
vn 0.0482 0.7366 0.6746
vn 0.3492 0.9336 0.0803
vn 0.2071 0.8074 0.5524
vn 0.5876 0.5248 0.6159
vn 0.3735 0.7572 0.5358
vn 0.4465 0.4654 0.7642
vn 0.4340 0.8821 0.1830
vn 0.0568 0.8679 0.4934
vn 0.1021 0.9332 0.3446
vn -0.0684 0.9293 0.3629
vn 0.4005 0.8121 0.4243
vn 0.2528 0.9557 0.1505
vn 0.2895 0.9203 0.2631
vn 0.2655 0.7957 0.5444
vn 0.1373 0.9890 0.0547
vn 0.0354 0.9959 0.0832
vn 0.0436 0.9982 0.0409
vn 0.0355 0.9985 0.0421
vn 0.2538 0.9596 0.1216
vn 0.0840 0.9960 0.0298
vn 0.1090 0.9937 0.0276
vn 0.4904 0.7724 0.4036
vn 0.0698 0.9975 0.0101
vn 0.0524 0.9979 0.0386
vn 0.0636 0.9973 0.0374
vn 0.0524 0.9981 0.0321
vn 0.0839 0.9954 0.0452
vn 0.0946 0.9950 0.0309
vn 0.0739 0.9969 0.0267
vn 0.4226 0.8991 0.1139
vn 0.2691 0.9251 0.2679
vn 0.1177 0.9894 0.0853
vn 0.2671 0.9343 0.2361
vn 0.1178 0.9908 0.0670
vn 0.0946 0.9953 0.0198
vn 0.3100 0.8929 0.3267
vn 0.2569 0.9482 0.1867
vn 0.0869 0.9952 0.0452
vn 0.0253 0.9980 0.0582
vn 0.1009 0.9786 0.1792
vn 0.0178 0.9983 0.0548
vn 0.1012 0.9820 0.1595
vn 0.3046 0.8772 0.3712
vn 0.0099 0.9991 0.0419
vn 0.0262 0.9970 0.0722
vn 0.0733 0.9971 0.0198
vn 0.0138 0.9992 0.0380
vn 0.0057 0.9999 0.0148
vn 0.0138 0.9995 0.0290
vn 0.0099 0.9994 0.0326
vn 0.0074 0.9999 0.0099
vn 0.1848 0.9051 0.3830
vn -0.0062 0.9999 0.0160
vn 0.0044 1.0000 0.0086
vn -0.0066 1.0000 0.0043
vn 0.0044 1.0000 0.0051
vn 0.0074 1.0000 0.0066
vn -0.0510 0.9970 -0.0574
vn -0.0095 0.9999 0.0080
vn -0.0002 1.0000 0.0043
vn 0.0150 0.9994 0.0326
vn -0.0178 0.9998 -0.0125
vn -0.2367 0.7591 0.6064
vn -0.0178 0.9997 -0.0143
vn -0.0095 0.9999 -0.0032
vn 0.1325 0.9839 0.1196
vn -0.0346 0.9987 -0.0370
vn 0.0071 1.0000 0.0066
vn 0.2846 0.4599 0.8411
vn -0.0982 0.9898 -0.1034
vn -0.0522 0.9975 -0.0480
vn 0.3123 0.8435 0.4370
vn 0.2743 0.9243 0.2654
vn 0.2227 0.5680 0.7923
vn 0.1849 0.8953 0.4053
vn 0.2510 0.4486 0.8578
vn 0.2841 0.9573 0.0529
vn -0.0686 0.9945 0.0794
vn 0.1457 0.7057 0.6933
vn 0.3706 0.7580 0.5368
vn 0.3226 0.8226 0.4683
vn 0.0270 0.9060 0.4224
vn 0.4392 0.7185 0.5393
vn 0.3915 0.7988 0.4567
vn 0.0773 0.9233 0.3761
vn 0.4438 0.6523 0.6144
vn 0.3280 0.8885 0.3209
vn 0.4567 0.6713 0.5838
vn 0.4121 0.6742 0.6128
vn 0.1358 0.9579 0.2530
vn 0.2162 0.7586 0.6147
vn -0.2616 0.8388 0.4775
vn 0.0134 0.9764 0.2153
vn 0.3041 0.9300 0.2065
vn 0.4076 0.8826 0.2341
vn 0.3084 0.9429 0.1257
vn 0.1388 0.9791 0.1484
vn 0.2303 0.9279 0.2931
vn 0.1496 0.9784 0.1427
vn 0.1474 0.7319 0.6653
vn -0.0055 0.9834 0.1816
vn 0.3359 0.9201 0.2016
vn 0.0992 0.9943 0.0403
vn 0.3327 0.9114 0.2420
vn 0.2334 0.9403 0.2479
vn 0.0695 0.9955 0.0649
vn 0.1843 0.9737 0.1336
vn 0.0308 0.9882 0.1497
vn -0.0307 0.9974 0.0654
vn 0.0452 0.9989 0.0106
vn 0.0378 0.9985 0.0395
vn 0.0452 0.9987 0.0240
vn 0.0694 0.9939 0.0861
vn 0.0047 0.9977 0.0673
vn 0.0017 0.9992 0.0392
vn 0.0552 0.9655 0.2545
vn 0.1057 0.9713 0.2130
vn 0.0714 0.9923 0.1008
vn 0.0890 0.9582 0.2718
vn 0.0702 0.9752 0.2101
vn 0.0046 0.9935 0.1138
vn 0.0696 0.9892 0.1289
vn 0.1379 0.8653 0.4820
vn -0.0055 0.9963 0.0863
vn 0.0377 0.9987 0.0338
vn 0.0484 0.9951 0.0856
vn 0.0219 0.9995 0.0229
vn 0.0485 0.9971 0.0586
vn 0.0700 0.9945 0.0784
vn 0.0229 0.9995 0.0194
vn -0.0306 0.9930 0.1138
vn 0.0080 0.9996 0.0261
vn 0.0132 0.9999 0.0107
vn 0.0006 0.9999 0.0157
vn 0.0132 0.9998 0.0151
vn 0.0229 0.9994 0.0272
vn -0.0160 0.9998 -0.0127
vn -0.0008 0.9998 0.0221
vn 0.0032 0.9998 0.0220
vn 0.0730 0.9942 0.0784
vn -0.0920 0.9956 0.0160
vn 0.0006 0.9999 0.0160
vn -0.0054 1.0000 0.0063
vn -0.0008 0.9999 0.0116
vn -0.5004 0.5677 0.6537
vn -0.0054 1.0000 -0.0075
vn 0.0199 0.9994 0.0272
vn -0.0260 0.9994 -0.0230
vn -0.0062 1.0000 -0.0032
vn -0.0505 0.4794 0.8762
vn -0.0674 0.9764 0.2050
vn -0.5672 0.6435 0.5141
vn -0.4960 0.8206 0.2838
vn -0.0399 0.8456 0.5323
vn -0.0770 0.9673 0.2416
vn -0.4804 0.7949 0.3706
vn -0.3481 0.7545 0.5563
vn -0.0843 0.9774 0.1941
vn 0.1291 0.8018 0.5834
vn 0.1516 0.9412 0.3019
vn -0.0520 0.9971 0.0548
vn -0.0774 0.9719 0.2224
vn -0.1391 0.9671 0.2130
vn 0.0814 0.9509 0.2985
vn -0.0831 0.9635 0.2546
vn -0.0764 0.9918 0.1027
vn 0.0842 0.9944 0.0642
vn -0.0520 0.9965 0.0654
vn -0.0486 0.9935 0.1030
vn 0.0288 0.9988 0.0383
vn 0.1388 0.9537 0.2669
vn 0.1425 0.9791 0.1449
vn -0.0903 0.9958 0.0152
vn 0.0628 0.9967 0.0515
vn 0.0627 0.9958 0.0664
vn -0.2568 0.9663 -0.0152
vn 0.0239 0.9993 0.0291
vn 0.0223 0.9997 -0.0034
vn 0.0239 0.9996 0.0165
vn -0.0779 0.9945 -0.0698
vn -0.0736 0.9966 -0.0369
vn 0.0067 1.0000 -0.0049
vn 0.0067 0.9999 0.0137
vn -0.0917 0.9923 0.0835
vn 0.3216 0.8929 -0.3151
vn -0.1333 0.9908 0.0252
vn -0.1454 0.9893 -0.0100
vn -0.0050 1.0000 -0.0043
vn -0.2163 0.9725 0.0861
vn -0.2866 0.9543 0.0845
vn -0.3009 0.9535 -0.0150
vn -0.1060 0.9941 0.0214
vn 0.3378 0.9381 -0.0771
vn -0.0493 0.9988 -0.0041
vn -0.0580 0.9979 -0.0282
vn 0.0607 0.9981 -0.0074
vn 0.2431 0.9691 0.0421
vn -0.2474 0.9686 0.0248
vn -0.1981 0.9682 -0.1528
vn 0.1545 0.9759 -0.1543
vn 0.4450 0.8390 -0.3130
vn -0.0442 0.9981 -0.0426
vn -0.0725 0.9851 -0.1557
vn -0.0155 0.9624 -0.2711
vn 0.5712 0.7706 -0.2826
vn 0.3326 0.8238 -0.4591
vn 0.3737 0.7128 -0.5935
vn -0.0692 0.8246 -0.5615
vn 0.3239 0.7825 0.5318
vn 0.3747 0.8064 -0.4576
vn 0.0915 0.8132 -0.5747
vn -0.1793 0.9645 -0.1937
vn 0.1247 0.8810 0.4564
vn 0.4528 0.7751 -0.4406
vn 0.2284 0.5135 -0.8272
vn -0.0167 0.9997 -0.0155
vn -0.5094 0.7988 0.3201
vn 0.7636 0.6316 0.1342
vn 0.8161 0.4278 -0.3885
vn 0.0018 0.9999 0.0103
vn 0.3445 0.9306 0.1234
vn 0.4125 0.9076 0.0781
vn 0.0111 0.9995 0.0296
vn -0.0544 0.9985 -0.0041
vn -0.0544 0.9977 0.0414
vn -0.2661 0.9495 0.1662
vn -0.0856 0.9954 0.0427
vn 0.0562 0.9982 0.0199
vn 0.0528 0.9986 -0.0034
vn 0.0629 0.9972 -0.0407
vn -0.1326 0.9847 -0.1132
vn -0.1644 0.9806 -0.1065
vn -0.0802 0.9962 -0.0347
vn 0.0523 0.9821 0.1811
vn 0.0605 0.9976 0.0328
vn 0.0973 0.9838 -0.1504
vn 0.2159 0.9609 -0.1731
vn -0.0027 0.9998 0.0179
vn -0.6938 0.2725 -0.6667
vn -0.0810 0.9936 0.0793
vn -0.6668 0.3427 0.6618
vn -0.5413 0.2782 0.7934
vn -0.8607 0.3338 0.3844
vn -0.8180 0.3552 0.4524
vn -0.9075 0.3941 0.1453
vn -0.9149 0.3815 0.1319
vn -0.8220 0.5517 -0.1413
vn -0.7890 0.5295 0.3116
vn -0.5453 0.7094 0.4466
vn -0.0935 0.9592 0.2668
vn -0.0924 0.9481 0.3041
vn 0.0006 0.9702 0.2423
vn -0.0791 0.9655 0.2482
vn -0.0808 0.9864 0.1432
vn -0.0554 0.9793 0.1945
vn -0.0409 0.9765 0.2118
vn -0.0417 0.9963 0.0754
vn -0.0548 0.9970 0.0548
vn -0.0496 0.9972 0.0554
vn -0.0495 0.9942 0.0954
vn -0.0283 0.9923 0.1206
vn 0.1233 0.9692 0.2132
vn 0.1252 0.9841 0.1259
vn 0.1448 0.9836 0.1078
vn 0.1098 0.9913 0.0728
vn 0.1096 0.9899 0.0897
vn 0.0863 0.9937 0.0708
vn 0.0562 0.9978 0.0340
vn 0.0244 0.9992 -0.0319
vn 0.0053 0.9995 -0.0312
vn -0.0054 0.9995 -0.0312
vn -0.0160 0.9993 -0.0351
vn -0.0411 0.9974 -0.0586
vn -0.0345 0.9977 -0.0586
vn -0.0510 0.9955 -0.0804
vn -0.1581 0.9716 -0.1760
vn -0.2271 0.9583 -0.1736
vn -0.4048 0.8933 -0.1952
vn -0.1587 0.9873 -0.0055
vn -0.1006 0.9949 -0.0055
vn -0.1088 0.9940 -0.0111
vn -0.0989 0.9949 -0.0210
vn -0.0431 0.9988 -0.0211
vn 0.0651 0.9977 -0.0189
vn 0.1308 0.9912 -0.0188
vn 0.1728 0.9848 -0.0174
vn 0.1299 0.9915 -0.0080
vn 0.1332 0.9911 -0.0080
vn 0.2366 0.9680 -0.0834
vn 0.1733 0.9726 -0.1549
vn 0.1023 0.9824 -0.1564
vn 0.0352 0.9916 -0.1242
vn -0.0007 0.9947 -0.1032
vn -0.0277 0.9943 -0.1032
vn -0.0464 0.9939 -0.1004
vn -0.0873 0.9897 -0.1138
vn -0.1170 0.9929 -0.0219
vn -0.1519 0.9884 0.0093
vn -0.1517 0.9869 0.0555
vn -0.1130 0.9902 0.0825
vn -0.0461 0.9963 0.0727
vn -0.0461 0.9954 0.0843
vn -0.0014 0.9998 0.0186
vn 0.0211 0.9997 0.0098
vn 0.0211 0.9998 -0.0003
vn 0.0221 0.9997 0.0070
vn 0.0271 0.9995 0.0138
vn 0.0271 0.9996 0.0118
vn 0.0307 0.9995 0.0050
vn 0.0372 0.9993 -0.0064
vn 0.0372 0.9993 0.0002
vn 0.0478 0.9986 0.0227
vn 0.0904 0.9923 0.0848
vn 0.0901 0.9896 0.1120
vn 0.1133 0.9820 0.1514
vn 0.0823 0.9925 0.0909
vn 0.0824 0.9944 0.0656
vn 0.0707 0.9964 0.0460
vn 0.1246 0.9880 0.0913
vn 0.1248 0.9899 0.0678
vn 0.1570 0.9851 0.0702
vn 0.2417 0.9582 0.1528
vn 0.2203 0.8736 0.4338
vn 0.3239 0.7211 0.6125
vn 0.0515 0.9657 0.2546
vn -0.1722 0.9626 -0.2094
vn -0.3051 0.9456 -0.1132
vn -0.2990 0.9475 -0.1135
vn -0.2038 0.9776 -0.0525
vn -0.1316 0.9902 -0.0461
vn -0.1141 0.9924 -0.0462
vn -0.1017 0.9912 -0.0844
vn -0.1122 0.9861 -0.1227
vn -0.0950 0.9879 -0.1229
vn -0.1857 0.9640 -0.1904
vn -0.1597 0.9652 -0.2069
vn -0.2148 0.9550 -0.2047
vn -0.0587 0.9935 -0.0973
vn -0.0114 0.9931 -0.1168
vn 0.0070 0.9931 -0.1168
vn 0.0159 0.9870 -0.1600
vn 0.0208 0.9623 -0.2712
vn 0.0102 0.8775 -0.4794
vn 0.0294 0.8038 -0.5941
vn 0.0726 0.7574 -0.6489
vn 0.1415 0.5793 -0.8027
vn 0.2297 0.6266 -0.7447
vn 0.3002 0.6253 -0.7204
vn 0.0264 0.7732 -0.6336
vn 0.2372 0.4580 -0.8567
vn 0.3458 0.3282 -0.8790
vn 0.1507 0.2461 -0.9575
vn 0.7656 0.1717 -0.6200
vn 0.5723 0.7457 -0.3413
vn 0.0555 0.9974 0.0467
vn 0.1497 0.8832 0.4444
vn -0.0225 0.9987 0.0447
vn 0.0725 0.9784 0.1938
vn 0.0219 0.9930 0.1158
vn 0.2626 0.6499 0.7132
vn -0.1337 0.9333 0.3333
vn -0.5452 0.4667 0.6964
vn 0.0112 0.9998 0.0190
vn 0.0526 0.9899 0.1313
vn 0.1021 0.9924 0.0684
vn 0.0703 0.9973 0.0235
vn 0.2885 0.9529 0.0934
vn 0.4424 0.8734 0.2034
vn 0.4829 0.5437 0.6865
vn 0.1506 0.4973 0.8544
vn 0.0022 0.9999 0.0142
vn -0.0057 0.9983 0.0574
vn 0.0530 0.9760 0.2112
vn 0.0345 0.9982 0.0485
vn 0.0065 0.9985 0.0538
vn 0.0010 0.9458 0.3246
vn -0.0098 0.9637 0.2669
vn 0.4228 0.7670 0.4828
vn -0.0015 1.0000 0.0052
vn 0.0211 0.9984 0.0525
vn 0.0380 0.9904 0.1331
vn 0.0373 0.9945 0.0979
vn -0.0267 0.9971 0.0717
vn -0.0191 0.9917 0.1268
vn 0.3778 0.8845 0.2738
vn 0.2441 0.7619 0.6000
vn -0.0138 0.9997 -0.0195
vn 0.0059 0.9995 0.0303
vn 0.0479 0.9958 0.0784
vn 0.1632 0.9282 0.3345
vn 0.0369 0.9972 0.0651
vn 0.0674 0.9932 0.0954
vn 0.0465 0.9985 0.0278
vn 0.4431 0.6211 0.6465
vn -0.0670 0.9955 -0.0667
vn 0.0025 1.0000 0.0005
vn 0.0188 0.9995 0.0258
vn 0.0518 0.9950 0.0860
vn 0.1306 0.9762 0.1731
vn 0.0848 0.9940 0.0690
vn 0.0415 0.9925 0.1149
vn 0.1054 0.9927 0.0580
vn 0.0167 0.9983 -0.0563
vn -0.0011 1.0000 -0.0079
vn -0.0044 0.9998 0.0182
vn -0.0117 0.9971 0.0748
vn 0.0046 0.9875 0.1577
vn 0.0263 0.9941 0.1050
vn 0.0101 0.9908 0.1350
vn -0.1152 0.9888 0.0949
vn 0.0305 0.9995 -0.0008
vn 0.0096 0.9997 0.0227
vn -0.0299 0.9989 0.0370
vn -0.0940 0.9860 0.1377
vn -0.0322 0.9966 0.0753
vn -0.0435 0.9917 0.1208
vn -0.0537 0.9817 0.1826
vn -0.0754 0.9889 0.1282
vn -0.0166 0.9997 0.0196
vn -0.0590 0.9961 0.0651
vn -0.1927 0.9714 0.1387
vn -0.1006 0.9929 0.0632
vn -0.1264 0.9844 0.1228
vn -0.1498 0.9853 0.0821
vn -0.0837 0.9815 0.1721
vn -0.0783 0.9903 0.1150
vn -0.1511 0.9854 -0.0788
vn -0.3707 0.9064 0.2028
vn -0.2155 0.9754 0.0457
vn -0.0593 0.9982 0.0128
vn -0.0750 0.9962 0.0439
vn -0.0786 0.9843 0.1581
vn -0.0590 0.9955 0.0740
vn -0.0663 0.9909 0.1174
vn -0.2196 0.9388 0.2653
vn -0.9966 -0.0497 -0.0651
vn 0.0093 -0.7314 -0.6819
vn -0.9591 0.2828 -0.0119
vn -0.0084 -1.0000 -0.0037
vn 0.0058 0.9999 0.0155
vn -0.2207 0.9474 0.2317
vn -0.1160 -0.9924 -0.0413
vn -0.0078 0.9995 -0.0320
vn -0.0850 -0.9964 -0.0073
vn -0.0529 -0.9971 0.0555
vn 0.0050 0.9994 -0.0356
vn -0.9985 -0.0554 -0.0002
vn 0.0961 -0.9954 -0.0000
vn 0.0153 0.9998 0.0157
vn -0.9997 -0.0224 -0.0001
vn 0.1434 0.9892 -0.0316
vn 0.1021 0.9948 -0.0041
vn -0.2776 0.9573 0.0805
vn -0.9972 -0.0751 -0.0002
vn 0.0293 -0.9994 -0.0187
vn 0.0378 0.9987 -0.0337
vn -0.2450 0.9694 0.0131
vn -0.9981 -0.0167 -0.0598
vn 0.0084 -0.9991 0.0418
vn -0.0193 0.7000 0.7139
vn -0.9919 -0.1018 -0.0760
vn 0.0218 0.9989 0.0418
vn 0.0269 -0.9993 -0.0242
vn -0.3085 0.9512 -0.0000
vn -0.1953 0.9805 -0.0242
vn -0.0523 -0.9986 -0.0000
vn 0.1005 0.9941 0.0416
vn -0.0224 0.9995 0.0233
vn 0.0394 -0.9992 -0.0021
vn 0.0534 -0.9977 -0.0406
vn 0.0786 -0.9969 -0.0000
vn -0.0436 0.9838 -0.1740
vn -0.2431 -0.9697 -0.0260
vn -0.1052 -0.9912 0.0808
vn 0.1125 -0.9936 -0.0000
vn 0.0017 0.9999 -0.0132
vn 0.1274 0.0430 -0.9909
vn -0.0018 -1.0000 0.0016
vn -0.1185 -0.0420 0.9921
vn 0.0806 0.0256 0.9964
vn 0.0760 -0.9930 0.0904
vn -0.0916 -0.0288 -0.9954
vn 0.0366 0.9993 0.0083
vn 0.0138 0.1053 0.9943
vn -0.2462 -0.9683 0.0412
vn 0.0100 0.0034 -0.9999
vn 0.0796 -0.9927 0.0904
vt 0.905071 0.926459
vt 0.915309 0.955513
vt 0.905071 0.955513
vt 0.956259 0.955513
vt 0.966497 0.926459
vt 0.966497 0.955513
vt 0.966497 0.868351
vt 0.976735 0.839297
vt 0.976735 0.868351
vt 0.956259 0.897405
vt 0.956259 0.868351
vt 0.966497 0.897405
vt 0.956259 0.839297
vt 0.966497 0.810243
vt 0.966497 0.839297
vt 0.976735 0.810243
vt 0.966497 0.781189
vt 0.976735 0.781189
vt 0.976735 0.897405
vt 0.966497 0.752135
vt 0.956259 0.781189
vt 0.946022 0.752135
vt 0.956259 0.723081
vt 0.956259 0.752135
vt 0.966497 0.723081
vt 0.946022 0.664972
vt 0.956259 0.635918
vt 0.956259 0.664972
vt 0.976735 0.752135
vt 0.966497 0.664972
vt 0.976735 0.694027
vt 0.966497 0.694027
vt 0.976735 0.723081
vt 0.956259 0.694027
vt 0.966497 0.635918
vt 0.946022 0.810243
vt 0.946022 0.781189
vt 0.946022 0.577810
vt 0.956259 0.548756
vt 0.956259 0.577810
vt 0.976735 0.664972
vt 0.966497 0.577810
vt 0.976735 0.606864
vt 0.966497 0.606864
vt 0.976735 0.635918
vt 0.956259 0.606864
vt 0.966497 0.548756
vt 0.946022 0.723081
vt 0.946022 0.694027
vt 0.946022 0.490648
vt 0.956259 0.461594
vt 0.956259 0.490648
vt 0.976735 0.577810
vt 0.966497 0.490648
vt 0.976735 0.519702
vt 0.966497 0.519702
vt 0.976735 0.548756
vt 0.956259 0.519702
vt 0.966497 0.461594
vt 0.946022 0.635918
vt 0.946022 0.606864
vt 0.946022 0.403485
vt 0.956259 0.374431
vt 0.956259 0.403485
vt 0.976735 0.490648
vt 0.966497 0.403485
vt 0.976735 0.432540
vt 0.966497 0.432540
vt 0.956259 0.432540
vt 0.966497 0.374431
vt 0.946022 0.548756
vt 0.946022 0.519702
vt 0.946022 0.316323
vt 0.956259 0.287269
vt 0.956259 0.316323
vt 0.976735 0.374431
vt 0.966497 0.345377
vt 0.976735 0.316323
vt 0.976735 0.345377
vt 0.956259 0.345377
vt 0.966497 0.287269
vt 0.966497 0.316323
vt 0.946022 0.461594
vt 0.946022 0.432540
vt 0.946022 0.229161
vt 0.956259 0.200107
vt 0.956259 0.229161
vt 0.976735 0.287269
vt 0.966497 0.258215
vt 0.976735 0.229161
vt 0.976735 0.258215
vt 0.956259 0.258215
vt 0.966497 0.200107
vt 0.966497 0.229161
vt 0.946022 0.374431
vt 0.946022 0.345377
vt 0.946022 0.112945
vt 0.956259 0.141999
vt 0.946022 0.141999
vt 0.976735 0.200107
vt 0.966497 0.171053
vt 0.976735 0.141999
vt 0.976735 0.171053
vt 0.956259 0.171053
vt 0.966497 0.112945
vt 0.966497 0.141999
vt 0.946022 0.287269
vt 0.946022 0.258215
vt 0.915309 0.839297
vt 0.925547 0.810243
vt 0.925547 0.839297
vt 0.976735 0.112945
vt 0.966497 0.054836
vt 0.976735 0.083890
vt 0.966497 0.083890
vt 0.956259 0.083890
vt 0.956259 0.054836
vt 0.946022 0.200107
vt 0.946022 0.171053
vt 0.935784 0.868351
vt 0.946022 0.839297
vt 0.946022 0.868351
vt 0.956259 0.810243
vt 0.925547 0.897405
vt 0.925547 0.868351
vt 0.935784 0.897405
vt 0.935784 0.810243
vt 0.935784 0.839297
vt 0.935784 0.781189
vt 0.946022 0.897405
vt 0.935784 0.926459
vt 0.925547 0.781189
vt 0.915309 0.752135
vt 0.925547 0.723081
vt 0.925547 0.752135
vt 0.935784 0.723081
vt 0.935784 0.752135
vt 0.915309 0.664972
vt 0.925547 0.635918
vt 0.925547 0.664972
vt 0.935784 0.694027
vt 0.925547 0.694027
vt 0.935784 0.635918
vt 0.935784 0.664972
vt 0.915309 0.810243
vt 0.915309 0.781189
vt 0.915309 0.577810
vt 0.925547 0.548756
vt 0.925547 0.577810
vt 0.935784 0.606864
vt 0.925547 0.606864
vt 0.935784 0.548756
vt 0.935784 0.577810
vt 0.915309 0.723081
vt 0.915309 0.694027
vt 0.915309 0.490648
vt 0.925547 0.461594
vt 0.925547 0.490648
vt 0.935784 0.519702
vt 0.925547 0.519702
vt 0.935784 0.461594
vt 0.935784 0.490648
vt 0.915309 0.635918
vt 0.915309 0.606864
vt 0.915309 0.403485
vt 0.925547 0.374431
vt 0.925547 0.403485
vt 0.935784 0.432540
vt 0.925547 0.432540
vt 0.935784 0.374431
vt 0.935784 0.403485
vt 0.915309 0.548756
vt 0.915309 0.519702
vt 0.915309 0.316323
vt 0.925547 0.287269
vt 0.925547 0.316323
vt 0.935784 0.345377
vt 0.925547 0.345377
vt 0.935784 0.287269
vt 0.935784 0.316323
vt 0.915309 0.461594
vt 0.915309 0.432540
vt 0.915309 0.229161
vt 0.925547 0.200107
vt 0.925547 0.229161
vt 0.935784 0.258215
vt 0.925547 0.258215
vt 0.935784 0.200107
vt 0.935784 0.229161
vt 0.915309 0.374431
vt 0.915309 0.345377
vt 0.915309 0.112945
vt 0.925547 0.141999
vt 0.915309 0.141999
vt 0.935784 0.141999
vt 0.935784 0.171053
vt 0.925547 0.171053
vt 0.935784 0.054836
vt 0.946022 0.083890
vt 0.935784 0.083890
vt 0.925547 0.112945
vt 0.915309 0.287269
vt 0.915309 0.258215
vt 0.935784 0.112945
vt 0.884596 0.839297
vt 0.894833 0.810243
vt 0.894833 0.839297
vt 0.925547 0.083890
vt 0.884596 0.926459
vt 0.894833 0.955513
vt 0.884596 0.955513
vt 0.925547 0.054836
vt 0.915309 0.200107
vt 0.915309 0.171053
vt 0.905071 0.868351
vt 0.915309 0.868351
vt 0.915309 0.897405
vt 0.915309 0.926459
vt 0.925547 0.955513
vt 0.894833 0.897405
vt 0.894833 0.868351
vt 0.905071 0.897405
vt 0.905071 0.810243
vt 0.905071 0.839297
vt 0.905071 0.781189
vt 0.792457 0.926459
vt 0.802695 0.897405
vt 0.802695 0.926459
vt 0.894833 0.781189
vt 0.884596 0.752135
vt 0.894833 0.723081
vt 0.894833 0.752135
vt 0.905071 0.723081
vt 0.905071 0.752135
vt 0.884596 0.664972
vt 0.894833 0.635918
vt 0.894833 0.664972
vt 0.905071 0.694027
vt 0.894833 0.694027
vt 0.905071 0.635918
vt 0.905071 0.664972
vt 0.884596 0.810243
vt 0.884596 0.781189
vt 0.884596 0.577810
vt 0.894833 0.548756
vt 0.894833 0.577810
vt 0.905071 0.606864
vt 0.894833 0.606864
vt 0.905071 0.548756
vt 0.905071 0.577810
vt 0.884596 0.723081
vt 0.884596 0.694027
vt 0.884596 0.490648
vt 0.894833 0.461594
vt 0.894833 0.490648
vt 0.905071 0.519702
vt 0.894833 0.519702
vt 0.905071 0.461594
vt 0.905071 0.490648
vt 0.884596 0.635918
vt 0.884596 0.606864
vt 0.884596 0.403485
vt 0.894833 0.374431
vt 0.894833 0.403485
vt 0.905071 0.432540
vt 0.894833 0.432540
vt 0.905071 0.374431
vt 0.905071 0.403485
vt 0.884596 0.548756
vt 0.884596 0.519702
vt 0.884596 0.287269
vt 0.894833 0.316323
vt 0.884596 0.316323
vt 0.905071 0.345377
vt 0.894833 0.345377
vt 0.894833 0.287269
vt 0.905071 0.316323
vt 0.884596 0.461594
vt 0.884596 0.432540
vt 0.884596 0.229161
vt 0.894833 0.200107
vt 0.894833 0.229161
vt 0.905071 0.287269
vt 0.905071 0.229161
vt 0.905071 0.258215
vt 0.894833 0.258215
vt 0.884596 0.374431
vt 0.884596 0.345377
vt 0.884596 0.141999
vt 0.894833 0.112945
vt 0.894833 0.141999
vt 0.905071 0.200107
vt 0.905071 0.171053
vt 0.894833 0.171053
vt 0.905071 0.083890
vt 0.915309 0.054836
vt 0.915309 0.083890
vt 0.905071 0.112945
vt 0.905071 0.141999
vt 0.884596 0.258215
vt 0.853883 0.839297
vt 0.864120 0.810243
vt 0.864120 0.839297
vt 0.894833 0.083890
vt 0.853883 0.926459
vt 0.864120 0.955513
vt 0.853883 0.955513
vt 0.905071 0.054836
vt 0.884596 0.200107
vt 0.884596 0.171053
vt 0.874358 0.868351
vt 0.884596 0.868351
vt 0.864120 0.897405
vt 0.864120 0.868351
vt 0.874358 0.897405
vt 0.874358 0.810243
vt 0.874358 0.839297
vt 0.874358 0.781189
vt 0.874358 0.926459
vt 0.761745 0.926459
vt 0.771982 0.897405
vt 0.771982 0.926459
vt 0.843645 0.926459
vt 0.843645 0.955513
vt 0.864120 0.781189
vt 0.853883 0.723081
vt 0.864120 0.752135
vt 0.853883 0.752135
vt 0.874358 0.723081
vt 0.874358 0.752135
vt 0.853883 0.635918
vt 0.864120 0.664972
vt 0.853883 0.664972
vt 0.874358 0.694027
vt 0.864120 0.723081
vt 0.864120 0.694027
vt 0.874358 0.635918
vt 0.874358 0.664972
vt 0.853883 0.810243
vt 0.853883 0.781189
vt 0.853883 0.577810
vt 0.864120 0.548756
vt 0.864120 0.577810
vt 0.874358 0.606864
vt 0.864120 0.635918
vt 0.864120 0.606864
vt 0.874358 0.548756
vt 0.874358 0.577810
vt 0.853883 0.694027
vt 0.853883 0.490648
vt 0.864120 0.461594
vt 0.864120 0.490648
vt 0.874358 0.519702
vt 0.864120 0.519702
vt 0.874358 0.461594
vt 0.874358 0.490648
vt 0.853883 0.606864
vt 0.853883 0.403485
vt 0.864120 0.374431
vt 0.864120 0.403485
vt 0.874358 0.432540
vt 0.864120 0.432540
vt 0.874358 0.374431
vt 0.874358 0.403485
vt 0.853883 0.548756
vt 0.853883 0.519702
vt 0.853883 0.316323
vt 0.864120 0.287269
vt 0.864120 0.316323
vt 0.874358 0.316323
vt 0.874358 0.345377
vt 0.864120 0.345377
vt 0.874358 0.287269
vt 0.853883 0.461594
vt 0.853883 0.432540
vt 0.853883 0.229161
vt 0.864120 0.200107
vt 0.864120 0.229161
vt 0.874358 0.258215
vt 0.864120 0.258215
vt 0.874358 0.200107
vt 0.874358 0.229161
vt 0.853883 0.374431
vt 0.853883 0.345377
vt 0.853883 0.141999
vt 0.864120 0.112945
vt 0.864120 0.141999
vt 0.874358 0.171053
vt 0.864120 0.171053
vt 0.874358 0.083890
vt 0.884596 0.054836
vt 0.884596 0.083890
vt 0.874358 0.112945
vt 0.874358 0.141999
vt 0.853883 0.287269
vt 0.853883 0.258215
vt 0.884596 0.112945
vt 0.823170 0.810243
vt 0.833408 0.839297
vt 0.823170 0.839297
vt 0.864120 0.083890
vt 0.833408 0.926459
vt 0.823170 0.955513
vt 0.823170 0.926459
vt 0.874358 0.054836
vt 0.853883 0.200107
vt 0.853883 0.171053
vt 0.843645 0.839297
vt 0.853883 0.868351
vt 0.843645 0.868351
vt 0.894833 0.054836
vt 0.833408 0.897405
vt 0.833408 0.868351
vt 0.843645 0.897405
vt 0.833408 0.810243
vt 0.843645 0.781189
vt 0.731032 0.926459
vt 0.741269 0.897405
vt 0.741269 0.926459
vt 0.843645 0.810243
vt 0.843645 0.752135
vt 0.812933 0.955513
vt 0.833408 0.781189
vt 0.823170 0.723081
vt 0.833408 0.752135
vt 0.823170 0.752135
vt 0.833408 0.723081
vt 0.823170 0.635918
vt 0.833408 0.664972
vt 0.823170 0.664972
vt 0.843645 0.723081
vt 0.843645 0.664972
vt 0.843645 0.694027
vt 0.833408 0.694027
vt 0.833408 0.635918
vt 0.823170 0.781189
vt 0.823170 0.548756
vt 0.833408 0.577810
vt 0.823170 0.577810
vt 0.843645 0.635918
vt 0.843645 0.577810
vt 0.843645 0.606864
vt 0.833408 0.606864
vt 0.833408 0.548756
vt 0.823170 0.694027
vt 0.823170 0.461594
vt 0.833408 0.490648
vt 0.823170 0.490648
vt 0.843645 0.548756
vt 0.843645 0.490648
vt 0.843645 0.519702
vt 0.833408 0.519702
vt 0.833408 0.461594
vt 0.823170 0.606864
vt 0.823170 0.374431
vt 0.833408 0.403485
vt 0.823170 0.403485
vt 0.843645 0.461594
vt 0.843645 0.403485
vt 0.843645 0.432540
vt 0.833408 0.432540
vt 0.833408 0.374431
vt 0.823170 0.519702
vt 0.823170 0.287269
vt 0.833408 0.316323
vt 0.823170 0.316323
vt 0.843645 0.374431
vt 0.843645 0.316323
vt 0.843645 0.345377
vt 0.833408 0.345377
vt 0.833408 0.287269
vt 0.823170 0.432540
vt 0.823170 0.200107
vt 0.833408 0.229161
vt 0.823170 0.229161
vt 0.843645 0.287269
vt 0.843645 0.229161
vt 0.843645 0.258215
vt 0.833408 0.258215
vt 0.833408 0.200107
vt 0.823170 0.345377
vt 0.823170 0.141999
vt 0.833408 0.112945
vt 0.833408 0.141999
vt 0.843645 0.200107
vt 0.843645 0.171053
vt 0.833408 0.171053
vt 0.843645 0.083890
vt 0.853883 0.054836
vt 0.853883 0.083890
vt 0.843645 0.112945
vt 0.843645 0.141999
vt 0.823170 0.258215
vt 0.853883 0.112945
vt 0.792457 0.810243
vt 0.802695 0.839297
vt 0.792457 0.839297
vt 0.833408 0.083890
vt 0.792457 0.955513
vt 0.843645 0.054836
vt 0.823170 0.171053
vt 0.812933 0.839297
vt 0.823170 0.868351
vt 0.812933 0.868351
vt 0.864120 0.054836
vt 0.812933 0.897405
vt 0.802695 0.868351
vt 0.823170 0.897405
vt 0.802695 0.810243
vt 0.812933 0.781189
vt 0.812933 0.926459
vt 0.700319 0.897405
vt 0.710556 0.926459
vt 0.700319 0.926459
vt 0.812933 0.810243
vt 0.812933 0.752135
vt 0.782220 0.955513
vt 0.802695 0.781189
vt 0.792457 0.723081
vt 0.802695 0.752135
vt 0.792457 0.752135
vt 0.802695 0.723081
vt 0.792457 0.635918
vt 0.802695 0.664972
vt 0.792457 0.664972
vt 0.812933 0.723081
vt 0.812933 0.664972
vt 0.812933 0.694027
vt 0.802695 0.694027
vt 0.802695 0.635918
vt 0.792457 0.781189
vt 0.792457 0.548756
vt 0.802695 0.577810
vt 0.792457 0.577810
vt 0.812933 0.635918
vt 0.812933 0.577810
vt 0.812933 0.606864
vt 0.802695 0.606864
vt 0.802695 0.548756
vt 0.792457 0.694027
vt 0.792457 0.461594
vt 0.802695 0.490648
vt 0.792457 0.490648
vt 0.812933 0.548756
vt 0.812933 0.490648
vt 0.812933 0.519702
vt 0.802695 0.519702
vt 0.802695 0.461594
vt 0.792457 0.606864
vt 0.792457 0.374431
vt 0.802695 0.403485
vt 0.792457 0.403485
vt 0.812933 0.461594
vt 0.812933 0.403485
vt 0.812933 0.432540
vt 0.802695 0.432540
vt 0.802695 0.374431
vt 0.792457 0.519702
vt 0.792457 0.287269
vt 0.802695 0.316323
vt 0.792457 0.316323
vt 0.812933 0.374431
vt 0.812933 0.345377
vt 0.802695 0.345377
vt 0.812933 0.287269
vt 0.812933 0.316323
vt 0.792457 0.432540
vt 0.792457 0.200107
vt 0.802695 0.229161
vt 0.792457 0.229161
vt 0.812933 0.229161
vt 0.812933 0.258215
vt 0.802695 0.287269
vt 0.802695 0.258215
vt 0.802695 0.200107
vt 0.792457 0.345377
vt 0.792457 0.112945
vt 0.802695 0.141999
vt 0.792457 0.141999
vt 0.812933 0.200107
vt 0.812933 0.141999
vt 0.812933 0.171053
vt 0.802695 0.171053
vt 0.812933 0.083890
vt 0.823170 0.054836
vt 0.823170 0.083890
vt 0.802695 0.112945
vt 0.792457 0.258215
vt 0.823170 0.112945
vt 0.812933 0.112945
vt 0.761745 0.810243
vt 0.771982 0.839297
vt 0.761745 0.839297
vt 0.802695 0.083890
vt 0.761745 0.955513
vt 0.802695 0.054836
vt 0.792457 0.171053
vt 0.782220 0.839297
vt 0.792457 0.868351
vt 0.782220 0.868351
vt 0.833408 0.054836
vt 0.771982 0.868351
vt 0.782220 0.897405
vt 0.771982 0.810243
vt 0.782220 0.781189
vt 0.792457 0.897405
vt 0.782220 0.926459
vt 0.669606 0.897405
vt 0.679843 0.926459
vt 0.669606 0.926459
vt 0.782220 0.810243
vt 0.782220 0.752135
vt 0.751507 0.955513
vt 0.771982 0.781189
vt 0.761745 0.723081
vt 0.771982 0.752135
vt 0.761745 0.752135
vt 0.771982 0.723081
vt 0.761745 0.664972
vt 0.771982 0.635918
vt 0.771982 0.664972
vt 0.782220 0.723081
vt 0.782220 0.664972
vt 0.782220 0.694027
vt 0.771982 0.694027
vt 0.782220 0.635918
vt 0.761745 0.781189
vt 0.761745 0.577810
vt 0.771982 0.548756
vt 0.771982 0.577810
vt 0.782220 0.577810
vt 0.782220 0.606864
vt 0.771982 0.606864
vt 0.782220 0.548756
vt 0.761745 0.694027
vt 0.761745 0.461594
vt 0.771982 0.490648
vt 0.761745 0.490648
vt 0.782220 0.490648
vt 0.782220 0.519702
vt 0.771982 0.519702
vt 0.771982 0.461594
vt 0.761745 0.635918
vt 0.761745 0.606864
vt 0.761745 0.374431
vt 0.771982 0.403485
vt 0.761745 0.403485
vt 0.782220 0.461594
vt 0.782220 0.403485
vt 0.782220 0.432540
vt 0.771982 0.432540
vt 0.771982 0.374431
vt 0.761745 0.519702
vt 0.761745 0.548756
vt 0.761745 0.287269
vt 0.771982 0.316323
vt 0.761745 0.316323
vt 0.782220 0.374431
vt 0.782220 0.316323
vt 0.782220 0.345377
vt 0.771982 0.345377
vt 0.771982 0.287269
vt 0.761745 0.432540
vt 0.761745 0.200107
vt 0.771982 0.229161
vt 0.761745 0.229161
vt 0.782220 0.287269
vt 0.782220 0.229161
vt 0.782220 0.258215
vt 0.771982 0.258215
vt 0.771982 0.200107
vt 0.761745 0.345377
vt 0.761745 0.112945
vt 0.771982 0.141999
vt 0.761745 0.141999
vt 0.782220 0.200107
vt 0.782220 0.141999
vt 0.782220 0.171053
vt 0.771982 0.171053
vt 0.782220 0.054836
vt 0.792457 0.083890
vt 0.782220 0.083890
vt 0.771982 0.112945
vt 0.761745 0.258215
vt 0.782220 0.112945
vt 0.731032 0.810243
vt 0.741269 0.839297
vt 0.731032 0.839297
vt 0.771982 0.083890
vt 0.731032 0.955513
vt 0.771982 0.054836
vt 0.761745 0.171053
vt 0.751507 0.839297
vt 0.761745 0.868351
vt 0.751507 0.868351
vt 0.792457 0.054836
vt 0.741269 0.868351
vt 0.751507 0.897405
vt 0.741269 0.810243
vt 0.751507 0.781189
vt 0.761745 0.897405
vt 0.751507 0.926459
vt 0.751507 0.810243
vt 0.751507 0.752135
vt 0.720794 0.955513
vt 0.741269 0.781189
vt 0.731032 0.752135
vt 0.741269 0.723081
vt 0.741269 0.752135
vt 0.731032 0.664972
vt 0.741269 0.635918
vt 0.741269 0.664972
vt 0.751507 0.723081
vt 0.751507 0.694027
vt 0.741269 0.694027
vt 0.751507 0.635918
vt 0.751507 0.664972
vt 0.731032 0.781189
vt 0.731032 0.548756
vt 0.741269 0.577810
vt 0.731032 0.577810
vt 0.751507 0.606864
vt 0.741269 0.606864
vt 0.751507 0.548756
vt 0.751507 0.577810
vt 0.731032 0.723081
vt 0.731032 0.694027
vt 0.731032 0.461594
vt 0.741269 0.490648
vt 0.731032 0.490648
vt 0.751507 0.490648
vt 0.751507 0.519702
vt 0.741269 0.548756
vt 0.741269 0.519702
vt 0.741269 0.461594
vt 0.731032 0.635918
vt 0.731032 0.606864
vt 0.731032 0.374431
vt 0.741269 0.403485
vt 0.731032 0.403485
vt 0.751507 0.461594
vt 0.751507 0.403485
vt 0.751507 0.432540
vt 0.741269 0.432540
vt 0.751507 0.374431
vt 0.731032 0.519702
vt 0.731032 0.316323
vt 0.741269 0.287269
vt 0.741269 0.316323
vt 0.751507 0.316323
vt 0.751507 0.345377
vt 0.741269 0.374431
vt 0.741269 0.345377
vt 0.751507 0.287269
vt 0.731032 0.432540
vt 0.731032 0.200107
vt 0.741269 0.229161
vt 0.731032 0.229161
vt 0.751507 0.229161
vt 0.751507 0.258215
vt 0.741269 0.258215
vt 0.751507 0.200107
vt 0.731032 0.345377
vt 0.731032 0.112945
vt 0.741269 0.141999
vt 0.731032 0.141999
vt 0.751507 0.141999
vt 0.751507 0.171053
vt 0.741269 0.171053
vt 0.751507 0.054836
vt 0.761745 0.083890
vt 0.751507 0.083890
vt 0.741269 0.112945
vt 0.731032 0.258215
vt 0.731032 0.287269
vt 0.751507 0.112945
vt 0.700319 0.810243
vt 0.710556 0.839297
vt 0.700319 0.839297
vt 0.741269 0.083890
vt 0.700319 0.955513
vt 0.741269 0.054836
vt 0.731032 0.171053
vt 0.741269 0.200107
vt 0.720794 0.839297
vt 0.731032 0.868351
vt 0.720794 0.868351
vt 0.761745 0.054836
vt 0.720794 0.897405
vt 0.710556 0.868351
vt 0.710556 0.810243
vt 0.720794 0.781189
vt 0.731032 0.897405
vt 0.720794 0.926459
vt 0.720794 0.810243
vt 0.720794 0.752135
vt 0.690081 0.955513
vt 0.710556 0.781189
vt 0.700319 0.723081
vt 0.710556 0.752135
vt 0.700319 0.752135
vt 0.710556 0.723081
vt 0.700319 0.635918
vt 0.710556 0.664972
vt 0.700319 0.664972
vt 0.720794 0.723081
vt 0.720794 0.664972
vt 0.720794 0.694027
vt 0.710556 0.694027
vt 0.710556 0.635918
vt 0.700319 0.781189
vt 0.700319 0.548756
vt 0.710556 0.577810
vt 0.700319 0.577810
vt 0.720794 0.635918
vt 0.720794 0.577810
vt 0.720794 0.606864
vt 0.710556 0.606864
vt 0.710556 0.548756
vt 0.700319 0.694027
vt 0.700319 0.461594
vt 0.710556 0.490648
vt 0.700319 0.490648
vt 0.720794 0.548756
vt 0.720794 0.490648
vt 0.720794 0.519702
vt 0.710556 0.519702
vt 0.710556 0.461594
vt 0.700319 0.606864
vt 0.700319 0.374431
vt 0.710556 0.403485
vt 0.700319 0.403485
vt 0.720794 0.461594
vt 0.720794 0.403485
vt 0.720794 0.432540
vt 0.710556 0.432540
vt 0.710556 0.374431
vt 0.700319 0.519702
vt 0.700319 0.287269
vt 0.710556 0.316323
vt 0.700319 0.316323
vt 0.720794 0.374431
vt 0.720794 0.316323
vt 0.720794 0.345377
vt 0.710556 0.345377
vt 0.710556 0.287269
vt 0.700319 0.432540
vt 0.700319 0.200107
vt 0.710556 0.229161
vt 0.700319 0.229161
vt 0.720794 0.287269
vt 0.720794 0.229161
vt 0.720794 0.258215
vt 0.710556 0.258215
vt 0.710556 0.200107
vt 0.700319 0.345377
vt 0.700319 0.141999
vt 0.710556 0.112945
vt 0.710556 0.141999
vt 0.720794 0.200107
vt 0.720794 0.171053
vt 0.710556 0.171053
vt 0.720794 0.054836
vt 0.731032 0.083890
vt 0.720794 0.083890
vt 0.720794 0.112945
vt 0.720794 0.141999
vt 0.700319 0.258215
vt 0.669606 0.839297
vt 0.679843 0.810243
vt 0.679843 0.839297
vt 0.710556 0.083890
vt 0.679843 0.955513
vt 0.669606 0.955513
vt 0.710556 0.054836
vt 0.700319 0.171053
vt 0.690081 0.839297
vt 0.700319 0.868351
vt 0.690081 0.868351
vt 0.731032 0.054836
vt 0.690081 0.897405
vt 0.679843 0.868351
vt 0.690081 0.781189
vt 0.690081 0.926459
vt 0.659368 0.955513
vt 0.690081 0.810243
vt 0.690081 0.752135
vt 0.679843 0.781189
vt 0.669606 0.752135
vt 0.679843 0.723081
vt 0.679843 0.752135
vt 0.669606 0.635918
vt 0.679843 0.664972
vt 0.669606 0.664972
vt 0.690081 0.723081
vt 0.690081 0.664972
vt 0.690081 0.694027
vt 0.679843 0.694027
vt 0.679843 0.635918
vt 0.669606 0.810243
vt 0.669606 0.781189
vt 0.669606 0.548756
vt 0.679843 0.577810
vt 0.669606 0.577810
vt 0.690081 0.635918
vt 0.690081 0.577810
vt 0.690081 0.606864
vt 0.679843 0.606864
vt 0.679843 0.548756
vt 0.669606 0.694027
vt 0.669606 0.723081
vt 0.669606 0.461594
vt 0.679843 0.490648
vt 0.669606 0.490648
vt 0.690081 0.548756
vt 0.690081 0.490648
vt 0.690081 0.519702
vt 0.679843 0.519702
vt 0.679843 0.461594
vt 0.669606 0.606864
vt 0.669606 0.403485
vt 0.679843 0.374431
vt 0.679843 0.403485
vt 0.690081 0.461594
vt 0.690081 0.403485
vt 0.690081 0.432540
vt 0.679843 0.432540
vt 0.669606 0.519702
vt 0.669606 0.287269
vt 0.679843 0.316323
vt 0.669606 0.316323
vt 0.690081 0.374431
vt 0.690081 0.316323
vt 0.690081 0.345377
vt 0.679843 0.345377
vt 0.679843 0.287269
vt 0.669606 0.432540
vt 0.669606 0.200107
vt 0.679843 0.229161
vt 0.669606 0.229161
vt 0.690081 0.287269
vt 0.690081 0.229161
vt 0.690081 0.258215
vt 0.679843 0.258215
vt 0.679843 0.200107
vt 0.669606 0.374431
vt 0.669606 0.345377
vt 0.669606 0.112945
vt 0.679843 0.141999
vt 0.669606 0.141999
vt 0.690081 0.200107
vt 0.690081 0.141999
vt 0.690081 0.171053
vt 0.679843 0.171053
vt 0.690081 0.054836
vt 0.700319 0.083890
vt 0.690081 0.083890
vt 0.679843 0.112945
vt 0.669606 0.258215
vt 0.864120 0.926459
vt 0.700319 0.112945
vt 0.690081 0.112945
vt 0.679843 0.083890
vt 0.659368 0.868351
vt 0.669606 0.868351
vt 0.679843 0.054836
vt 0.669606 0.171053
vt 0.700319 0.054836
vt 0.659368 0.897405
vt 0.659368 0.926459
vt 0.659368 0.839297
vt 0.659368 0.810243
vt 0.659368 0.781189
vt 0.659368 0.694027
vt 0.659368 0.606864
vt 0.659368 0.752135
vt 0.659368 0.723081
vt 0.659368 0.519702
vt 0.659368 0.635918
vt 0.659368 0.664972
vt 0.659368 0.432540
vt 0.659368 0.577810
vt 0.659368 0.548756
vt 0.659368 0.316323
vt 0.659368 0.345377
vt 0.659368 0.490648
vt 0.659368 0.461594
vt 0.659368 0.229161
vt 0.659368 0.258215
vt 0.659368 0.403485
vt 0.659368 0.374431
vt 0.659368 0.141999
vt 0.659368 0.171053
vt 0.659368 0.287269
vt 0.925547 0.926459
vt 0.659368 0.200107
vt 0.946022 0.955513
vt 0.935784 0.955513
vt 0.659368 0.112945
vt 0.659368 0.083890
vt 0.669606 0.054836
vt 0.669606 0.083890
vt 0.946022 0.054836
vt 0.956259 0.112945
vt 0.853883 0.897405
vt 0.956259 0.926459
vt 0.946022 0.926459
vt 0.894833 0.926459
vt 0.874358 0.955513
vt 0.833408 0.955513
vt 0.802695 0.955513
vt 0.710556 0.897405
vt 0.771982 0.955513
vt 0.741269 0.955513
vt 0.710556 0.955513
vt 0.679843 0.897405
vt 0.884596 0.897405
vt 0.976735 0.926459
vt 0.976735 0.955513
vt 0.649130 0.083890
vt 0.659368 0.054836
vt 0.649130 0.054836
vt 0.659368 0.025782
vt 0.956259 0.025782
vt 0.966497 0.025782
vt 0.976735 0.054836
vt 0.976735 0.025782
vt 0.986972 0.054836
vt 0.986972 0.926459
vt 0.986972 0.955513
vt 0.976735 0.984567
vt 0.669606 0.984567
vt 0.659368 0.984567
vt 0.649130 0.955513
vt 0.649130 0.926459
vt 0.649130 0.897405
vt 0.649130 0.868351
vt 0.649130 0.839297
vt 0.649130 0.810243
vt 0.649130 0.781189
vt 0.649130 0.752135
vt 0.649130 0.723081
vt 0.649130 0.694027
vt 0.649130 0.664972
vt 0.649130 0.635918
vt 0.649130 0.606864
vt 0.649130 0.577810
vt 0.649130 0.548756
vt 0.649130 0.519702
vt 0.649130 0.490648
vt 0.649130 0.461594
vt 0.649130 0.432540
vt 0.649130 0.403485
vt 0.649130 0.374431
vt 0.649130 0.345377
vt 0.649130 0.316323
vt 0.649130 0.287269
vt 0.649130 0.258215
vt 0.649130 0.229161
vt 0.649130 0.200107
vt 0.649130 0.171053
vt 0.649130 0.141999
vt 0.649130 0.112945
vt 0.669606 0.025782
vt 0.679843 0.025782
vt 0.690081 0.025782
vt 0.700319 0.025782
vt 0.710556 0.025782
vt 0.720794 0.025782
vt 0.731032 0.025782
vt 0.741269 0.025782
vt 0.751507 0.025782
vt 0.761745 0.025782
vt 0.771982 0.025782
vt 0.782220 0.025782
vt 0.792457 0.025782
vt 0.812933 0.054836
vt 0.802695 0.025782
vt 0.812933 0.025782
vt 0.823170 0.025782
vt 0.833408 0.025782
vt 0.843645 0.025782
vt 0.853883 0.025782
vt 0.864120 0.025782
vt 0.874358 0.025782
vt 0.884596 0.025782
vt 0.894833 0.025782
vt 0.905071 0.025782
vt 0.915309 0.025782
vt 0.925547 0.025782
vt 0.935784 0.025782
vt 0.946022 0.025782
vt 0.986972 0.083890
vt 0.986972 0.112945
vt 0.986972 0.141999
vt 0.986972 0.171053
vt 0.986972 0.200107
vt 0.986972 0.229161
vt 0.986972 0.258215
vt 0.986972 0.287269
vt 0.986972 0.316323
vt 0.986972 0.345377
vt 0.986972 0.374431
vt 0.986972 0.403485
vt 0.976735 0.403485
vt 0.986972 0.432540
vt 0.976735 0.461594
vt 0.986972 0.490648
vt 0.986972 0.519702
vt 0.986972 0.548756
vt 0.986972 0.577810
vt 0.986972 0.606864
vt 0.986972 0.635918
vt 0.986972 0.664972
vt 0.986972 0.694027
vt 0.986972 0.723081
vt 0.986972 0.752135
vt 0.986972 0.781189
vt 0.986972 0.810243
vt 0.986972 0.839297
vt 0.986972 0.868351
vt 0.986972 0.897405
vt 0.966497 0.984567
vt 0.956259 0.984567
vt 0.946022 0.984567
vt 0.935784 0.984567
vt 0.925547 0.984567
vt 0.915309 0.984567
vt 0.905071 0.984567
vt 0.894833 0.984567
vt 0.884596 0.984567
vt 0.874358 0.984567
vt 0.864120 0.984567
vt 0.853883 0.984567
vt 0.843645 0.984567
vt 0.823170 0.984567
vt 0.812933 0.984567
vt 0.802695 0.984567
vt 0.792457 0.984567
vt 0.782220 0.984567
vt 0.771982 0.984567
vt 0.761745 0.984567
vt 0.751507 0.984567
vt 0.741269 0.984567
vt 0.731032 0.984567
vt 0.720794 0.984567
vt 0.710556 0.984567
vt 0.700319 0.984567
vt 0.690081 0.984567
vt 0.679843 0.984567
vt 0.273443 0.042680
vt 0.257783 0.011406
vt 0.257783 0.042680
vt 0.210800 0.328943
vt 0.195140 0.297668
vt 0.195140 0.328943
vt 0.210800 0.297668
vt 0.195140 0.260893
vt 0.210800 0.260893
vt 0.195140 0.220031
vt 0.210800 0.220031
vt 0.195140 0.176651
vt 0.210800 0.176651
vt 0.195140 0.132422
vt 0.210800 0.132422
vt 0.195140 0.089043
vt 0.210800 0.089043
vt 0.195140 0.048181
vt 0.210800 0.048181
vt 0.195140 0.011405
vt 0.179479 0.297669
vt 0.163818 0.260893
vt 0.163818 0.297669
vt 0.179479 0.260893
vt 0.163818 0.220031
vt 0.179479 0.220031
vt 0.163818 0.176652
vt 0.179479 0.176652
vt 0.163818 0.132422
vt 0.179479 0.132422
vt 0.163818 0.089043
vt 0.179479 0.089043
vt 0.163818 0.048181
vt 0.179479 0.048181
vt 0.163818 0.011406
vt 0.242122 0.328943
vt 0.226461 0.292168
vt 0.226461 0.328943
vt 0.242122 0.292168
vt 0.226461 0.251306
vt 0.242122 0.251306
vt 0.226461 0.207926
vt 0.242122 0.207926
vt 0.226461 0.163697
vt 0.242122 0.163697
vt 0.226461 0.120318
vt 0.242122 0.120318
vt 0.226461 0.079455
vt 0.242122 0.079455
vt 0.226461 0.042680
vt 0.242122 0.042680
vt 0.226461 0.011406
vt 0.273443 0.360218
vt 0.257783 0.328943
vt 0.257783 0.360218
vt 0.273443 0.328943
vt 0.257783 0.292168
vt 0.273443 0.292168
vt 0.257783 0.251306
vt 0.273443 0.251306
vt 0.257783 0.207926
vt 0.273443 0.207926
vt 0.257783 0.163697
vt 0.273443 0.163697
vt 0.257783 0.120318
vt 0.325947 0.446088
vt 0.335756 0.321238
vt 0.330513 0.027751
vt 0.273443 0.120318
vt 0.257783 0.079455
vt 0.273443 0.079455
vt 0.316284 0.425619
vt 0.320103 0.283019
vt 0.305051 0.190820
vt 0.257783 0.042680
vt 0.242122 0.011405
vt 0.242122 0.042680
vt 0.179479 0.297668
vt 0.179479 0.328943
vt 0.179479 0.260893
vt 0.179479 0.220031
vt 0.179479 0.176651
vt 0.179479 0.132422
vt 0.179479 0.089043
vt 0.179479 0.048181
vt 0.179479 0.011405
vt 0.148158 0.260893
vt 0.148158 0.297669
vt 0.148158 0.220031
vt 0.148158 0.176652
vt 0.148158 0.132422
vt 0.148158 0.089043
vt 0.148158 0.048181
vt 0.148158 0.011406
vt 0.210800 0.292168
vt 0.210800 0.328943
vt 0.210800 0.251306
vt 0.210800 0.207926
vt 0.210800 0.163697
vt 0.210800 0.120318
vt 0.210800 0.079455
vt 0.210800 0.042680
vt 0.210800 0.011406
vt 0.257783 0.360218
vt 0.242122 0.328943
vt 0.242122 0.360218
vt 0.257783 0.328943
vt 0.257783 0.292168
vt 0.242122 0.251306
vt 0.257783 0.251306
vt 0.242122 0.207926
vt 0.257783 0.207926
vt 0.242122 0.163697
vt 0.257783 0.163697
vt 0.242122 0.120318
vt 0.294641 0.446088
vt 0.304450 0.321238
vt 0.299207 0.027751
vt 0.257783 0.120318
vt 0.242122 0.079455
vt 0.257783 0.079455
vt 0.273744 0.190820
vt 0.278987 0.457681
vt 0.288796 0.283019
vt 0.154780 0.605127
vt 0.152501 0.697670
vt 0.152501 0.605127
vt 0.152501 0.803189
vt 0.150223 0.895732
vt 0.150223 0.803189
vt 0.032893 0.016416
vt 0.032893 0.282033
vt 0.027483 0.149224
vt 0.051921 0.995488
vt 0.068599 0.828816
vt 0.068599 0.995488
vt 0.145665 0.895732
vt 0.147944 0.803189
vt 0.147944 0.895732
vt 0.123548 0.821769
vt 0.118290 0.993271
vt 0.113031 0.993271
vt 0.134899 0.406685
vt 0.132620 0.480051
vt 0.132620 0.406685
vt 0.035243 0.514452
vt 0.051921 0.422857
vt 0.051921 0.514452
vt 0.152501 0.317174
vt 0.154780 0.485571
vt 0.152501 0.499609
vt 0.176368 0.994811
vt 0.160175 0.909727
vt 0.176368 0.909727
vt 0.160175 0.671175
vt 0.176368 0.624242
vt 0.176368 0.713170
vt 0.068599 0.422857
vt 0.192560 0.909727
vt 0.018565 0.995488
vt 0.001887 0.828816
vt 0.018565 0.814922
vt 0.145665 0.506097
vt 0.147944 0.598639
vt 0.145665 0.598639
vt 0.139456 0.802808
vt 0.137178 0.985243
vt 0.137178 0.802808
vt 0.096560 0.821769
vt 0.091302 0.993271
vt 0.086043 0.993271
vt 0.154780 0.704158
vt 0.152501 0.796701
vt 0.152501 0.704158
vt 0.134899 0.697290
vt 0.132620 0.648449
vt 0.134899 0.604747
vt 0.150223 0.697670
vt 0.147944 0.605127
vt 0.150223 0.605127
vt 0.035243 0.808501
vt 0.051921 0.716906
vt 0.051921 0.808501
vt 0.018565 0.710485
vt 0.001887 0.662144
vt 0.018565 0.618890
vt 0.016665 0.215628
vt 0.013960 0.282033
vt 0.011255 0.282033
vt 0.024779 0.016416
vt 0.027483 0.082820
vt 0.027483 0.149224
vt 0.035597 0.016416
vt 0.038302 0.082820
vt 0.038302 0.149224
vt 0.046416 0.016416
vt 0.049121 0.082820
vt 0.049121 0.149224
vt 0.059940 0.215628
vt 0.057235 0.282033
vt 0.054530 0.282033
vt 0.068054 0.016416
vt 0.070758 0.082820
vt 0.070758 0.149224
vt 0.078872 0.016416
vt 0.081577 0.082820
vt 0.081577 0.149224
vt 0.089691 0.016416
vt 0.092395 0.082820
vt 0.092395 0.149224
vt 0.095100 0.016416
vt 0.097805 0.016416
vt 0.111328 0.016416
vt 0.114033 0.082820
vt 0.114033 0.149224
vt 0.134899 0.311655
vt 0.132620 0.400198
vt 0.132620 0.311655
vt 0.147944 0.317174
vt 0.145665 0.485571
vt 0.145665 0.317174
vt 0.147944 0.506097
vt 0.150223 0.598639
vt 0.224945 0.671175
vt 0.224945 0.713170
vt 0.208752 0.713170
vt 0.141735 0.648449
vt 0.139456 0.697290
vt 0.139456 0.604747
vt 0.137178 0.796320
vt 0.139456 0.703777
vt 0.139456 0.796320
vt 0.035243 0.716906
vt 0.018565 0.808501
vt 0.018565 0.716906
vt 0.160175 0.713170
vt 0.141735 0.400198
vt 0.139456 0.311655
vt 0.141735 0.311655
vt 0.192560 0.624242
vt 0.192560 0.713170
vt 0.150223 0.990763
vt 0.152501 0.902219
vt 0.152501 0.990763
vt 0.134899 0.985243
vt 0.134899 0.802808
vt 0.139456 0.499228
vt 0.137178 0.406685
vt 0.139456 0.406685
vt 0.018565 0.422857
vt 0.035243 0.422857
vt 0.208752 0.903493
vt 0.224945 0.832993
vt 0.224945 0.903493
vt 0.147944 0.990763
vt 0.150223 0.902219
vt 0.147944 0.499609
vt 0.145665 0.499609
vt 0.035243 0.995488
vt 0.154780 0.499609
vt 0.141735 0.480051
vt 0.192560 0.994811
vt 0.208752 0.909727
vt 0.208752 0.994811
vt 0.208752 0.814565
vt 0.224945 0.814565
vt 0.192560 0.814565
vt 0.192560 0.903493
vt 0.160175 0.832993
vt 0.160175 0.814565
vt 0.176368 0.814565
vt 0.102514 0.478765
vt 0.102514 0.307263
vt 0.107773 0.307263
vt 0.113031 0.307263
vt 0.102514 0.650267
vt 0.118290 0.307263
vt 0.123548 0.307263
vt 0.123548 0.478765
vt 0.086986 0.282033
vt 0.123548 0.650267
vt 0.107773 0.993271
vt 0.102514 0.993271
vt 0.102514 0.821769
vt 0.123548 0.993271
vt 0.160175 0.903493
vt 0.176368 0.903493
vt 0.152501 0.506097
vt 0.154780 0.598639
vt 0.152501 0.598639
vt 0.018565 0.514452
vt 0.001887 0.514452
vt 0.001887 0.495472
vt 0.035243 0.814922
vt 0.068599 0.495472
vt 0.068599 0.514452
vt 0.001887 0.618890
vt 0.145665 0.653968
vt 0.145665 0.605127
vt 0.134899 0.703777
vt 0.132620 0.796320
vt 0.132620 0.703777
vt 0.137178 0.311655
vt 0.139456 0.400198
vt 0.137178 0.400198
vt 0.051921 0.618890
vt 0.068599 0.618890
vt 0.068599 0.662144
vt 0.154780 0.902219
vt 0.154780 0.990763
vt 0.150223 0.317174
vt 0.051921 0.520873
vt 0.035243 0.612469
vt 0.035243 0.520873
vt 0.208752 0.347539
vt 0.224945 0.509357
vt 0.208752 0.522846
vt 0.224945 0.808331
vt 0.208752 0.719404
vt 0.224945 0.719404
vt 0.051921 0.814922
vt 0.068599 0.814922
vt 0.160175 0.618008
vt 0.176368 0.529080
vt 0.176368 0.618008
vt 0.001887 0.814922
vt 0.108624 0.016416
vt 0.108624 0.282033
vt 0.103214 0.149224
vt 0.134899 0.400198
vt 0.132620 0.604747
vt 0.051921 0.710485
vt 0.043711 0.016416
vt 0.043711 0.282033
vt 0.137178 0.598259
vt 0.139456 0.505715
vt 0.139456 0.598259
vt 0.141735 0.604747
vt 0.152502 0.895732
vt 0.154780 0.822365
vt 0.154780 0.895732
vt 0.176368 0.719404
vt 0.192560 0.808331
vt 0.176368 0.808331
vt 0.134899 0.499228
vt 0.132620 0.499228
vt 0.035243 0.710485
vt 0.141735 0.499228
vt 0.132620 0.505715
vt 0.134899 0.598259
vt 0.132620 0.598259
vt 0.160175 0.808331
vt 0.192560 0.529080
vt 0.176368 0.522846
vt 0.160175 0.347539
vt 0.176368 0.347539
vt 0.001887 0.716906
vt 0.001887 0.808501
vt 0.141735 0.802808
vt 0.141735 0.816845
vt 0.208752 0.808331
vt 0.192560 0.719404
vt 0.132620 0.816845
vt 0.132620 0.802808
vt 0.224945 0.909727
vt 0.224945 0.994811
vt 0.035243 0.618890
vt 0.147944 0.704158
vt 0.145665 0.796701
vt 0.145665 0.704158
vt 0.192560 0.618008
vt 0.208752 0.529080
vt 0.208752 0.618008
vt 0.141735 0.703777
vt 0.137178 0.703777
vt 0.134899 0.796320
vt 0.075526 0.478765
vt 0.075526 0.307263
vt 0.080785 0.307263
vt 0.086043 0.307263
vt 0.075526 0.650267
vt 0.091302 0.307263
vt 0.096560 0.307263
vt 0.096560 0.478765
vt 0.018565 0.520873
vt 0.096560 0.650267
vt 0.080785 0.993271
vt 0.075526 0.993271
vt 0.075526 0.821769
vt 0.096560 0.993271
vt 0.150223 0.796701
vt 0.018565 0.612469
vt 0.001887 0.520873
vt 0.208752 0.624242
vt 0.150223 0.499609
vt 0.147944 0.697670
vt 0.145665 0.697670
vt 0.150223 0.704158
vt 0.147944 0.796701
vt 0.154780 0.653968
vt 0.154780 0.697670
vt 0.051921 0.612469
vt 0.068599 0.520873
vt 0.068599 0.612469
vt 0.051921 0.328800
vt 0.068599 0.416436
vt 0.051921 0.416436
vt 0.145665 0.902219
vt 0.145665 0.990763
vt 0.137178 0.499228
vt 0.137178 0.697290
vt 0.001887 0.422857
vt 0.154780 0.803189
vt 0.059940 0.149224
vt 0.049121 0.149224
vt 0.054530 0.016416
vt 0.145665 0.822365
vt 0.145665 0.803189
vt 0.005846 0.082820
vt 0.005846 0.016416
vt 0.008551 0.016416
vt 0.011255 0.016416
vt 0.005846 0.149224
vt 0.013960 0.016416
vt 0.016665 0.016416
vt 0.016665 0.082820
vt 0.068599 0.808501
vt 0.016665 0.149224
vt 0.008551 0.282033
vt 0.005846 0.282033
vt 0.005846 0.215628
vt 0.016665 0.282033
vt 0.019369 0.282033
vt 0.022074 0.282033
vt 0.019369 0.016416
vt 0.065349 0.282033
vt 0.022074 0.016416
vt 0.027483 0.215628
vt 0.027483 0.282033
vt 0.024779 0.282033
vt 0.027483 0.016416
vt 0.030188 0.282033
vt 0.030188 0.016416
vt 0.224945 0.529080
vt 0.224945 0.618008
vt 0.038302 0.215628
vt 0.038302 0.282033
vt 0.035597 0.282033
vt 0.038302 0.016416
vt 0.041007 0.282033
vt 0.041007 0.016416
vt 0.049121 0.215628
vt 0.049121 0.282033
vt 0.046416 0.282033
vt 0.049121 0.016416
vt 0.049121 0.016416
vt 0.051826 0.016416
vt 0.057235 0.016416
vt 0.059940 0.016416
vt 0.059940 0.082820
vt 0.035243 0.328800
vt 0.018565 0.416436
vt 0.018565 0.328800
vt 0.051826 0.282033
vt 0.059940 0.282033
vt 0.062644 0.282033
vt 0.062644 0.016416
vt 0.065349 0.016416
vt 0.070758 0.215628
vt 0.070758 0.282033
vt 0.068054 0.282033
vt 0.070758 0.016416
vt 0.073463 0.282033
vt 0.076168 0.282033
vt 0.073463 0.016416
vt 0.150223 0.506097
vt 0.076168 0.016416
vt 0.081577 0.215628
vt 0.081577 0.282033
vt 0.078872 0.282033
vt 0.081577 0.016416
vt 0.084282 0.282033
vt 0.084282 0.016416
vt 0.137178 0.604747
vt 0.086986 0.016416
vt 0.092395 0.215628
vt 0.092395 0.282033
vt 0.089691 0.282033
vt 0.092395 0.016416
vt 0.103214 0.215628
vt 0.103214 0.282033
vt 0.100510 0.282033
vt 0.097805 0.282033
vt 0.095100 0.282033
vt 0.134899 0.505715
vt 0.092395 0.149224
vt 0.100510 0.016416
vt 0.103214 0.016416
vt 0.103214 0.082820
vt 0.092395 0.016416
vt 0.105919 0.282033
vt 0.105919 0.016416
vt 0.114033 0.215628
vt 0.114033 0.282033
vt 0.111328 0.282033
vt 0.114033 0.016416
vt 0.001887 0.328800
vt 0.001887 0.416436
vt 0.192560 0.522846
vt 0.160175 0.522846
vt 0.160175 0.509357
vt 0.139456 0.985243
vt 0.141735 0.985243
vt 0.224945 0.522846
vt 0.192560 0.347539
vt 0.141735 0.505715
vt 0.035243 0.416436
vt 0.649130 0.025782
vt 0.986972 0.025782
vt 0.986972 0.984567
vt 0.649130 0.984567
vt 0.986972 0.461594
vt 0.833408 0.984567
vt 0.273443 0.011406
vt 0.210800 0.011405
vt 0.242122 0.011406
vt 0.320704 0.152601
vt 0.320404 0.195028
vt 0.320404 0.239064
vt 0.320704 0.283019
vt 0.321294 0.325202
vt 0.322151 0.363992
vt 0.323241 0.397898
vt 0.324523 0.425619
vt 0.327460 0.458518
vt 0.329001 0.462433
vt 0.330513 0.457681
vt 0.331938 0.444446
vt 0.333220 0.423235
vt 0.334310 0.394865
vt 0.335166 0.360424
vt 0.336057 0.278811
vt 0.336057 0.234774
vt 0.335756 0.190820
vt 0.335166 0.148637
vt 0.334310 0.109847
vt 0.333220 0.075940
vt 0.331938 0.048220
vt 0.329001 0.015320
vt 0.324523 0.029393
vt 0.327460 0.011405
vt 0.325947 0.016157
vt 0.323241 0.050603
vt 0.322151 0.078974
vt 0.321294 0.113414
vt 0.320404 0.239064
vt 0.320404 0.195028
vt 0.320103 0.152601
vt 0.319513 0.113414
vt 0.318656 0.078974
vt 0.317566 0.050603
vt 0.316284 0.029393
vt 0.314860 0.016157
vt 0.313348 0.011405
vt 0.311806 0.015320
vt 0.310294 0.027751
vt 0.308870 0.048220
vt 0.307588 0.075940
vt 0.306498 0.109847
vt 0.305641 0.148637
vt 0.304750 0.234774
vt 0.304750 0.278811
vt 0.305051 0.321238
vt 0.305641 0.360424
vt 0.306498 0.394864
vt 0.307588 0.423235
vt 0.308870 0.444446
vt 0.310294 0.457681
vt 0.311806 0.462433
vt 0.313348 0.458518
vt 0.314860 0.446088
vt 0.317566 0.397898
vt 0.318656 0.363992
vt 0.319513 0.325202
vt 0.257783 0.011405
vt 0.289398 0.152601
vt 0.289097 0.195028
vt 0.289097 0.239064
vt 0.289398 0.283019
vt 0.289988 0.325202
vt 0.290844 0.363992
vt 0.291934 0.397898
vt 0.293216 0.425619
vt 0.296153 0.458518
vt 0.297694 0.462433
vt 0.299207 0.457681
vt 0.300631 0.444446
vt 0.301913 0.423235
vt 0.303003 0.394864
vt 0.303859 0.360424
vt 0.304450 0.190820
vt 0.303859 0.148637
vt 0.303003 0.109847
vt 0.301913 0.075940
vt 0.300631 0.048220
vt 0.297694 0.015320
vt 0.293216 0.029393
vt 0.296153 0.011405
vt 0.294641 0.016157
vt 0.291934 0.050603
vt 0.290844 0.078974
vt 0.289988 0.113414
vt 0.288796 0.152601
vt 0.288206 0.113414
vt 0.287350 0.078974
vt 0.286259 0.050603
vt 0.284977 0.029393
vt 0.283553 0.016157
vt 0.282041 0.011405
vt 0.280499 0.015320
vt 0.278987 0.027751
vt 0.277563 0.048220
vt 0.276281 0.075940
vt 0.275191 0.109847
vt 0.274334 0.148637
vt 0.273443 0.234774
vt 0.273443 0.278811
vt 0.273744 0.321238
vt 0.274334 0.360424
vt 0.275191 0.394864
vt 0.276281 0.423235
vt 0.277563 0.444446
vt 0.280499 0.462433
vt 0.282041 0.458518
vt 0.283553 0.446088
vt 0.284977 0.425619
vt 0.286259 0.397898
vt 0.287350 0.363992
vt 0.288206 0.325202
vt 0.154780 0.317174
vt 0.160175 0.994811
vt 0.160175 0.624242
vt 0.001887 0.995488
vt 0.154780 0.796701
vt 0.132620 0.697290
vt 0.001887 0.710485
vt 0.141735 0.697290
vt 0.147944 0.902219
vt 0.141735 0.406685
vt 0.154780 0.506097
vt 0.224945 0.347539
vt 0.160175 0.529080
vt 0.068599 0.710485
vt 0.137178 0.505715
vt 0.160175 0.719404
vt 0.141735 0.796320
vt 0.001887 0.612469
vt 0.224945 0.624242
vt 0.068599 0.328800
vt 0.068599 0.716906
vt 0.132620 0.985243
vt 0.141735 0.598259
s 0
f 1117/1/1 1120/2/1 1118/3/1
f 432/4/2 1153/5/2 1154/6/2
f 674/7/3 675/8/3 676/9/3
f 674/7/4 144/10/4 452/11/4
f 676/9/5 672/12/5 674/7/5
f 451/13/6 670/14/6 673/15/6
f 669/16/7 678/17/7 680/18/7
f 452/11/8 673/15/8 674/7/8
f 671/19/9 1153/5/9 672/12/9
f 670/14/10 675/8/10 673/15/10
f 677/20/11 680/18/11 678/17/11
f 670/14/12 450/21/12 678/17/12
f 719/22/13 142/23/13 449/24/13
f 449/24/14 668/25/14 677/20/14
f 450/21/15 677/20/15 678/17/15
f 723/26/16 141/27/16 447/28/16
f 668/25/17 679/29/17 677/20/17
f 681/30/18 684/31/18 682/32/18
f 667/33/19 682/32/19 684/31/19
f 682/32/20 142/23/20 448/34/20
f 447/28/21 666/35/21 681/30/21
f 448/34/22 681/30/22 682/32/22
f 450/21/23 649/36/23 720/37/23
f 727/38/24 140/39/24 445/40/24
f 666/35/25 683/41/25 681/30/25
f 685/42/26 688/43/26 686/44/26
f 665/45/27 686/44/27 688/43/27
f 686/44/28 141/27/28 446/46/28
f 445/40/29 664/47/29 685/42/29
f 446/46/30 685/42/30 686/44/30
f 448/34/31 647/48/31 724/49/31
f 731/50/32 139/51/32 443/52/32
f 664/47/33 687/53/33 685/42/33
f 689/54/34 692/55/34 690/56/34
f 663/57/35 690/56/35 692/55/35
f 690/56/36 140/39/36 444/58/36
f 443/52/37 662/59/37 689/54/37
f 444/58/38 689/54/38 690/56/38
f 446/46/39 645/60/39 728/61/39
f 735/62/40 138/63/40 441/64/40
f 662/59/41 691/65/41 689/54/41
f 693/66/42 696/67/42 694/68/42
f 696/67/43 662/59/43 694/68/43
f 694/68/44 139/51/44 442/69/44
f 441/64/45 660/70/45 693/66/45
f 442/69/46 693/66/46 694/68/46
f 444/58/47 643/71/47 732/72/47
f 739/73/48 137/74/48 439/75/48
f 659/76/49 693/66/49 660/70/49
f 698/77/50 699/78/50 700/79/50
f 700/79/51 660/70/51 698/77/51
f 698/77/52 138/63/52 440/80/52
f 439/75/53 658/81/53 697/82/53
f 440/80/54 697/82/54 698/77/54
f 442/69/55 641/83/55 736/84/55
f 743/85/56 136/86/56 437/87/56
f 657/88/57 697/82/57 658/81/57
f 702/89/58 703/90/58 704/91/58
f 704/91/59 658/81/59 702/89/59
f 702/89/60 137/74/60 438/92/60
f 437/87/61 656/93/61 701/94/61
f 438/92/62 701/94/62 702/89/62
f 440/80/63 639/95/63 740/96/63
f 633/97/64 435/98/64 747/99/64
f 655/100/65 701/94/65 656/93/65
f 706/101/66 707/102/66 708/103/66
f 708/103/67 656/93/67 706/101/67
f 706/101/68 136/86/68 436/104/68
f 435/98/69 654/105/69 705/106/69
f 436/104/70 705/106/70 706/101/70
f 438/92/71 637/107/71 744/108/71
f 755/109/72 133/110/72 429/111/72
f 653/112/73 705/106/73 654/105/73
f 709/113/74 712/114/74 710/115/74
f 653/112/75 710/115/75 712/114/75
f 654/105/76 434/116/76 710/115/76
f 433/117/77 710/115/77 434/116/77
f 436/104/78 635/118/78 748/119/78
f 714/120/79 715/121/79 716/122/79
f 715/121/80 143/123/80 451/13/80
f 714/120/81 134/124/81 430/125/81
f 716/122/82 652/126/82 714/120/82
f 429/111/83 650/127/83 713/128/83
f 720/37/84 650/127/84 718/129/84
f 430/125/85 713/128/85 714/120/85
f 651/130/86 1113/131/86 652/126/86
f 649/36/87 713/128/87 650/127/87
f 718/129/88 719/22/88 720/37/88
f 718/129/89 133/110/89 428/132/89
f 759/133/90 132/134/90 427/135/90
f 427/135/91 648/136/91 717/137/91
f 428/132/92 717/137/92 718/129/92
f 763/138/93 131/139/93 425/140/93
f 647/48/94 717/137/94 648/136/94
f 722/141/95 723/26/95 724/49/95
f 724/49/96 648/136/96 722/141/96
f 722/141/97 132/134/97 426/142/97
f 425/140/98 646/143/98 721/144/98
f 426/142/99 721/144/99 722/141/99
f 428/132/100 629/145/100 760/146/100
f 767/147/101 130/148/101 423/149/101
f 645/60/102 721/144/102 646/143/102
f 726/150/103 727/38/103 728/61/103
f 728/61/104 646/143/104 726/150/104
f 726/150/105 131/139/105 424/151/105
f 423/149/106 644/152/106 725/153/106
f 424/151/107 725/153/107 726/150/107
f 426/142/108 627/154/108 764/155/108
f 771/156/109 129/157/109 421/158/109
f 643/71/110 725/153/110 644/152/110
f 730/159/111 731/50/111 732/72/111
f 732/72/112 644/152/112 730/159/112
f 730/159/113 130/148/113 422/160/113
f 421/158/114 642/161/114 729/162/114
f 422/160/115 729/162/115 730/159/115
f 424/151/116 625/163/116 768/164/116
f 775/165/117 128/166/117 419/167/117
f 641/83/118 729/162/118 642/161/118
f 734/168/119 735/62/119 736/84/119
f 736/84/120 642/161/120 734/168/120
f 734/168/121 129/157/121 420/169/121
f 419/167/122 640/170/122 733/171/122
f 420/169/123 733/171/123 734/168/123
f 422/160/124 623/172/124 772/173/124
f 779/174/125 127/175/125 417/176/125
f 639/95/126 733/171/126 640/170/126
f 738/177/127 739/73/127 740/96/127
f 740/96/128 640/170/128 738/177/128
f 738/177/129 128/166/129 418/178/129
f 417/176/130 638/179/130 737/180/130
f 418/178/131 737/180/131 738/177/131
f 420/169/132 621/181/132 776/182/132
f 783/183/133 126/184/133 415/185/133
f 637/107/134 737/180/134 638/179/134
f 742/186/135 743/85/135 744/108/135
f 744/108/136 638/179/136 742/186/136
f 742/186/137 127/175/137 416/187/137
f 415/185/138 636/188/138 741/189/138
f 416/187/139 741/189/139 742/186/139
f 418/178/140 619/190/140 780/191/140
f 613/192/141 413/193/141 787/194/141
f 635/118/142 741/189/142 636/188/142
f 745/195/143 748/119/143 746/196/143
f 748/119/144 636/188/144 746/196/144
f 746/196/145 126/184/145 414/197/145
f 749/198/146 752/199/146 750/200/146
f 125/201/147 745/195/147 413/193/147
f 413/193/148 746/196/148 414/197/148
f 416/187/149 617/202/149 784/203/149
f 634/204/150 747/99/150 745/195/150
f 795/205/151 123/206/151 407/207/151
f 633/97/152 750/200/152 752/199/152
f 634/204/153 412/208/153 750/200/153
f 1123/209/154 388/210/154 1124/211/154
f 411/212/155 750/200/155 412/208/155
f 414/197/156 615/213/156 788/214/156
f 754/215/157 755/109/157 756/216/157
f 430/125/158 631/217/158 756/216/158
f 1119/218/159 410/219/159 1120/2/159
f 754/215/160 124/220/160 408/221/160
f 756/216/161 632/222/161 754/215/161
f 407/207/162 630/223/162 753/224/162
f 760/146/163 630/223/163 758/225/163
f 408/221/164 753/224/164 754/215/164
f 631/217/165 1117/1/165 632/222/165
f 1135/226/166 94/227/166 321/228/166
f 629/145/167 753/224/167 630/223/167
f 758/225/168 759/133/168 760/146/168
f 758/225/169 123/206/169 406/229/169
f 799/230/170 122/231/170 405/232/170
f 405/232/171 628/233/171 757/234/171
f 406/229/172 757/234/172 758/225/172
f 803/235/173 121/236/173 403/237/173
f 627/154/174 757/234/174 628/233/174
f 762/238/175 763/138/175 764/155/175
f 764/155/176 628/233/176 762/238/176
f 762/238/177 122/231/177 404/239/177
f 403/237/178 626/240/178 761/241/178
f 404/239/179 761/241/179 762/238/179
f 406/229/180 609/242/180 800/243/180
f 807/244/181 120/245/181 401/246/181
f 625/163/182 761/241/182 626/240/182
f 766/247/183 767/147/183 768/164/183
f 768/164/184 626/240/184 766/247/184
f 766/247/185 121/236/185 402/248/185
f 401/246/186 624/249/186 765/250/186
f 402/248/187 765/250/187 766/247/187
f 404/239/188 607/251/188 804/252/188
f 811/253/189 119/254/189 399/255/189
f 623/172/190 765/250/190 624/249/190
f 770/256/191 771/156/191 772/173/191
f 772/173/192 624/249/192 770/256/192
f 770/256/193 120/245/193 400/257/193
f 399/255/194 622/258/194 769/259/194
f 400/257/195 769/259/195 770/256/195
f 402/248/196 605/260/196 808/261/196
f 815/262/197 118/263/197 397/264/197
f 621/181/198 769/259/198 622/258/198
f 774/265/199 775/165/199 776/182/199
f 776/182/200 622/258/200 774/265/200
f 774/265/201 119/254/201 398/266/201
f 397/264/202 620/267/202 773/268/202
f 398/266/203 773/268/203 774/265/203
f 400/257/204 603/269/204 812/270/204
f 597/271/205 395/272/205 819/273/205
f 619/190/206 773/268/206 620/267/206
f 778/274/207 779/174/207 780/191/207
f 780/191/208 620/267/208 778/274/208
f 778/274/209 118/263/209 396/275/209
f 117/276/210 777/277/210 395/272/210
f 396/275/211 777/277/211 778/274/211
f 398/266/212 601/278/212 816/279/212
f 823/280/213 116/281/213 393/282/213
f 617/202/214 777/277/214 618/283/214
f 781/284/215 784/203/215 782/285/215
f 784/203/216 618/283/216 782/285/216
f 618/283/217 394/286/217 782/285/217
f 116/281/218 781/284/218 393/282/218
f 393/282/219 782/285/219 394/286/219
f 396/275/220 599/287/220 820/288/220
f 827/289/221 115/290/221 391/291/221
f 616/292/222 783/183/222 781/284/222
f 786/293/223 787/194/223 788/214/223
f 615/213/224 786/293/224 788/214/224
f 616/292/225 392/294/225 786/293/225
f 790/295/226 791/296/226 792/297/226
f 391/291/227 614/298/227 785/299/227
f 392/294/228 785/299/228 786/293/228
f 394/286/229 597/271/229 824/300/229
f 613/192/230 785/299/230 614/298/230
f 835/301/231 113/302/231 385/303/231
f 792/297/232 614/298/232 790/295/232
f 790/295/233 115/290/233 390/304/233
f 1127/305/234 366/306/234 1128/307/234
f 390/304/235 789/308/235 790/295/235
f 392/294/236 595/309/236 828/310/236
f 794/311/237 795/205/237 796/312/237
f 791/296/238 412/208/238 792/297/238
f 792/297/239 125/201/239 613/192/239
f 794/311/240 114/313/240 386/314/240
f 796/312/241 612/315/241 794/311/241
f 385/303/242 610/316/242 793/317/242
f 800/243/243 610/316/243 798/318/243
f 386/314/244 793/317/244 794/311/244
f 612/315/245 1123/209/245 1121/319/245
f 1139/320/246 84/321/246 299/322/246
f 609/242/247 793/317/247 610/316/247
f 798/318/248 799/230/248 800/243/248
f 1125/323/249 1128/307/249 1126/324/249
f 798/318/250 113/302/250 384/325/250
f 587/326/251 383/327/251 839/328/251
f 383/327/252 608/329/252 797/330/252
f 384/325/253 797/330/253 798/318/253
f 585/331/254 381/332/254 843/333/254
f 607/251/255 797/330/255 608/329/255
f 802/334/256 803/235/256 804/252/256
f 804/252/257 608/329/257 802/334/257
f 802/334/258 112/335/258 382/336/258
f 381/332/259 606/337/259 801/338/259
f 382/336/260 801/338/260 802/334/260
f 384/325/261 589/339/261 840/340/261
f 847/341/262 110/342/262 379/343/262
f 605/260/263 801/338/263 606/337/263
f 806/344/264 807/244/264 808/261/264
f 808/261/265 606/337/265 806/344/265
f 806/344/266 111/345/266 380/346/266
f 379/343/267 604/347/267 805/348/267
f 380/346/268 805/348/268 806/344/268
f 844/349/269 112/335/269 587/326/269
f 851/350/270 109/351/270 377/352/270
f 603/269/271 805/348/271 604/347/271
f 810/353/272 811/253/272 812/270/272
f 812/270/273 604/347/273 810/353/273
f 810/353/274 110/342/274 378/354/274
f 377/352/275 602/355/275 809/356/275
f 378/354/276 809/356/276 810/353/276
f 848/357/277 111/345/277 585/331/277
f 855/358/278 108/359/278 375/360/278
f 601/278/279 809/356/279 602/355/279
f 814/361/280 815/262/280 816/279/280
f 816/279/281 602/355/281 814/361/281
f 814/361/282 109/351/282 376/362/282
f 375/360/283 600/363/283 813/364/283
f 376/362/284 813/364/284 814/361/284
f 378/354/285 583/365/285 852/366/285
f 859/367/286 107/368/286 373/369/286
f 599/287/287 813/364/287 600/363/287
f 817/370/288 820/288/288 818/371/288
f 820/288/289 600/363/289 818/371/289
f 818/371/290 108/359/290 374/372/290
f 373/369/291 598/373/291 817/370/291
f 374/372/292 817/370/292 818/371/292
f 376/362/293 581/374/293 856/375/293
f 863/376/294 106/377/294 371/378/294
f 597/271/295 817/370/295 598/373/295
f 822/379/296 823/280/296 824/300/296
f 824/300/297 598/373/297 822/379/297
f 822/379/298 107/368/298 372/380/298
f 371/378/299 596/381/299 821/382/299
f 372/380/300 821/382/300 822/379/300
f 374/372/301 579/383/301 860/384/301
f 867/385/302 105/386/302 369/387/302
f 595/309/303 821/382/303 596/381/303
f 826/388/304 827/289/304 828/310/304
f 828/310/305 596/381/305 826/388/305
f 826/388/306 106/377/306 370/389/306
f 830/390/307 831/391/307 832/392/307
f 369/387/308 594/393/308 825/394/308
f 370/389/309 825/394/309 826/388/309
f 372/380/310 577/395/310 864/396/310
f 593/397/311 825/394/311 594/393/311
f 569/398/312 363/399/312 875/400/312
f 832/392/313 594/393/313 830/390/313
f 830/390/314 105/386/314 368/401/314
f 343/402/315 1132/403/315 1131/404/315
f 368/401/316 829/405/316 830/390/316
f 370/389/317 575/406/317 868/407/317
f 833/408/318 836/409/318 834/410/318
f 389/411/319 832/392/319 831/391/319
f 390/304/320 593/397/320 832/392/320
f 834/410/321 104/412/321 364/413/321
f 836/409/322 592/414/322 834/410/322
f 103/415/323 833/408/323 363/399/323
f 589/339/324 838/416/324 840/340/324
f 363/399/325 834/410/325 364/413/325
f 592/414/326 1127/305/326 1125/323/326
f 1143/417/327 74/418/327 277/419/327
f 590/420/328 835/301/328 833/408/328
f 837/421/329 840/340/329 838/416/329
f 1130/422/330 1131/404/330 1132/403/330
f 590/420/331 362/423/331 838/416/331
f 567/424/332 361/425/332 879/426/332
f 102/427/333 837/421/333 361/425/333
f 361/425/334 838/416/334 362/423/334
f 565/428/335 359/429/335 883/430/335
f 588/431/336 839/328/336 837/421/336
f 841/432/337 844/349/337 842/433/337
f 587/326/338 842/433/338 844/349/338
f 588/431/339 360/434/339 842/433/339
f 101/435/340 841/432/340 359/429/340
f 359/429/341 842/433/341 360/434/341
f 880/436/342 103/415/342 569/398/342
f 563/437/343 357/438/343 887/439/343
f 586/440/344 843/333/344 841/432/344
f 845/441/345 848/357/345 846/442/345
f 585/331/346 846/442/346 848/357/346
f 586/440/347 358/443/347 846/442/347
f 100/444/348 845/441/348 357/438/348
f 357/438/349 846/442/349 358/443/349
f 884/445/350 102/427/350 567/424/350
f 561/446/351 355/447/351 891/448/351
f 584/449/352 847/341/352 845/441/352
f 849/450/353 852/366/353 850/451/353
f 583/365/354 850/451/354 852/366/354
f 584/449/355 356/452/355 850/451/355
f 99/453/356 849/450/356 355/447/356
f 355/447/357 850/451/357 356/452/357
f 888/454/358 101/435/358 565/428/358
f 559/455/359 353/456/359 895/457/359
f 582/458/360 851/350/360 849/450/360
f 853/459/361 856/375/361 854/460/361
f 581/374/362 854/460/362 856/375/362
f 582/458/363 354/461/363 854/460/363
f 98/462/364 853/459/364 353/456/364
f 353/456/365 854/460/365 354/461/365
f 892/463/366 100/444/366 563/437/366
f 557/464/367 351/465/367 899/466/367
f 580/467/368 855/358/368 853/459/368
f 857/468/369 860/384/369 858/469/369
f 860/384/370 580/467/370 858/469/370
f 580/467/371 352/470/371 858/469/371
f 97/471/372 857/468/372 351/465/372
f 351/465/373 858/469/373 352/470/373
f 896/472/374 99/453/374 561/446/374
f 555/473/375 349/474/375 903/475/375
f 578/476/376 859/367/376 857/468/376
f 861/477/377 864/396/377 862/478/377
f 577/395/378 862/478/378 864/396/378
f 578/476/379 350/479/379 862/478/379
f 96/480/380 861/477/380 349/474/380
f 349/474/381 862/478/381 350/479/381
f 900/481/382 98/462/382 559/455/382
f 907/482/383 95/483/383 347/484/383
f 575/406/384 861/477/384 576/485/384
f 866/486/385 867/385/385 868/407/385
f 868/407/386 576/485/386 866/486/386
f 576/485/387 348/487/387 866/486/387
f 870/488/388 871/489/388 872/490/388
f 347/484/389 574/491/389 865/492/389
f 348/487/390 865/492/390 866/486/390
f 904/493/391 97/471/391 557/464/391
f 573/494/392 865/492/392 574/491/392
f 549/495/393 341/496/393 915/497/393
f 872/490/394 574/491/394 870/488/394
f 870/488/395 95/483/395 346/498/395
f 321/228/396 1136/499/396 1135/226/396
f 346/498/397 869/500/397 870/488/397
f 908/501/398 96/480/398 555/473/398
f 873/502/399 876/503/399 874/504/399
f 367/505/400 872/490/400 871/489/400
f 368/401/401 573/494/401 872/490/401
f 572/506/402 342/507/402 874/504/402
f 571/508/403 874/504/403 876/503/403
f 93/509/404 873/502/404 341/496/404
f 569/398/405 878/510/405 880/436/405
f 341/496/406 874/504/406 342/507/406
f 571/508/407 1129/511/407 572/506/407
f 491/512/408 255/513/408 1147/514/408
f 570/515/409 875/400/409 873/502/409
f 877/516/410 880/436/410 878/510/410
f 1134/517/411 1135/226/411 1136/499/411
f 570/515/412 340/518/412 878/510/412
f 547/519/413 339/520/413 919/521/413
f 92/522/414 877/516/414 339/520/414
f 339/520/415 878/510/415 340/518/415
f 545/523/416 337/524/416 923/525/416
f 568/526/417 879/426/417 877/516/417
f 881/527/418 884/445/418 882/528/418
f 567/424/419 882/528/419 884/445/419
f 568/526/420 338/529/420 882/528/420
f 91/530/421 881/527/421 337/524/421
f 337/524/422 882/528/422 338/529/422
f 920/531/423 93/509/423 549/495/423
f 543/532/424 335/533/424 927/534/424
f 566/535/425 883/430/425 881/527/425
f 885/536/426 888/454/426 886/537/426
f 565/428/427 886/537/427 888/454/427
f 566/535/428 336/538/428 886/537/428
f 90/539/429 885/536/429 335/533/429
f 335/533/430 886/537/430 336/538/430
f 924/540/431 92/522/431 547/519/431
f 541/541/432 333/542/432 931/543/432
f 564/544/433 887/439/433 885/536/433
f 889/545/434 892/463/434 890/546/434
f 563/437/435 890/546/435 892/463/435
f 564/544/436 334/547/436 890/546/436
f 89/548/437 889/545/437 333/542/437
f 333/542/438 890/546/438 334/547/438
f 928/549/439 91/530/439 545/523/439
f 539/550/440 331/551/440 935/552/440
f 562/553/441 891/448/441 889/545/441
f 893/554/442 896/472/442 894/555/442
f 561/446/443 894/555/443 896/472/443
f 562/553/444 332/556/444 894/555/444
f 88/557/445 893/554/445 331/551/445
f 331/551/446 894/555/446 332/556/446
f 932/558/447 90/539/447 543/532/447
f 537/559/448 329/560/448 939/561/448
f 560/562/449 895/457/449 893/554/449
f 898/563/450 899/466/450 900/481/450
f 559/455/451 898/563/451 900/481/451
f 560/562/452 330/564/452 898/563/452
f 329/560/453 558/565/453 897/566/453
f 329/560/454 898/563/454 330/564/454
f 936/567/455 89/548/455 541/541/455
f 535/568/456 327/569/456 943/570/456
f 557/464/457 897/566/457 558/565/457
f 901/571/458 904/493/458 902/572/458
f 557/464/459 902/572/459 904/493/459
f 902/572/460 87/573/460 328/574/460
f 86/575/461 901/571/461 327/569/461
f 327/569/462 902/572/462 328/574/462
f 940/576/463 88/557/463 539/550/463
f 533/577/464 325/578/464 947/579/464
f 556/580/465 903/475/465 901/571/465
f 905/581/466 908/501/466 906/582/466
f 555/473/467 906/582/467 908/501/467
f 556/580/468 326/583/468 906/582/468
f 910/584/469 911/585/469 912/586/469
f 85/587/470 905/581/470 325/578/470
f 325/578/471 906/582/471 326/583/471
f 328/574/472 537/559/472 944/588/472
f 553/589/473 905/581/473 554/590/473
f 529/591/474 319/592/474 955/593/474
f 912/586/475 554/590/475 910/584/475
f 554/590/476 324/594/476 910/584/476
f 299/322/477 1140/595/477 1139/320/477
f 323/596/478 910/584/478 324/594/478
f 948/597/479 86/575/479 535/568/479
f 913/598/480 916/599/480 914/600/480
f 345/601/481 912/586/481 911/585/481
f 346/498/482 553/589/482 912/586/482
f 914/600/483 84/321/483 320/602/483
f 916/599/484 552/603/484 914/600/484
f 83/604/485 913/598/485 319/592/485
f 549/495/486 918/605/486 920/531/486
f 319/592/487 914/600/487 320/602/487
f 551/606/488 1133/607/488 552/603/488
f 471/608/489 233/609/489 1151/610/489
f 550/611/490 915/497/490 913/598/490
f 917/612/491 920/531/491 918/605/491
f 1138/613/492 1139/320/492 1140/595/492
f 550/611/493 318/614/493 918/605/493
f 527/615/494 317/616/494 959/617/494
f 82/618/495 917/612/495 317/616/495
f 317/616/496 918/605/496 318/614/496
f 963/619/497 81/620/497 315/621/497
f 548/622/498 919/521/498 917/612/498
f 921/623/499 924/540/499 922/624/499
f 547/519/500 922/624/500 924/540/500
f 548/622/501 316/625/501 922/624/501
f 315/621/502 546/626/502 921/623/502
f 315/621/503 922/624/503 316/625/503
f 960/627/504 83/604/504 529/591/504
f 967/628/505 80/629/505 313/630/505
f 546/626/506 923/525/506 921/623/506
f 925/631/507 928/549/507 926/632/507
f 545/523/508 926/632/508 928/549/508
f 926/632/509 81/620/509 314/633/509
f 313/630/510 544/634/510 925/631/510
f 314/633/511 925/631/511 926/632/511
f 964/635/512 82/618/512 527/615/512
f 521/636/513 311/637/513 971/638/513
f 543/532/514 925/631/514 544/634/514
f 929/639/515 932/558/515 930/640/515
f 932/558/516 544/634/516 930/640/516
f 930/640/517 80/629/517 312/641/517
f 79/642/518 929/639/518 311/637/518
f 311/637/519 930/640/519 312/641/519
f 314/633/520 525/643/520 968/644/520
f 519/645/521 309/646/521 975/647/521
f 542/648/522 931/543/522 929/639/522
f 933/649/523 936/567/523 934/650/523
f 541/541/524 934/650/524 936/567/524
f 542/648/525 310/651/525 934/650/525
f 78/652/526 933/649/526 309/646/526
f 309/646/527 934/650/527 310/651/527
f 972/653/528 80/629/528 523/654/528
f 517/655/529 307/656/529 979/657/529
f 540/658/530 935/552/530 933/649/530
f 937/659/531 940/576/531 938/660/531
f 539/550/532 938/660/532 940/576/532
f 540/658/533 308/661/533 938/660/533
f 77/662/534 937/659/534 307/656/534
f 307/656/535 938/660/535 308/661/535
f 976/663/536 79/642/536 521/636/536
f 515/664/537 305/665/537 983/666/537
f 538/667/538 939/561/538 937/659/538
f 941/668/539 944/588/539 942/669/539
f 537/559/540 942/669/540 944/588/540
f 538/667/541 306/670/541 942/669/541
f 76/671/542 941/668/542 305/665/542
f 305/665/543 942/669/543 306/670/543
f 980/672/544 78/652/544 519/645/544
f 513/673/545 303/674/545 987/675/545
f 536/676/546 943/570/546 941/668/546
f 945/677/547 948/597/547 946/678/547
f 535/568/548 946/678/548 948/597/548
f 536/676/549 304/679/549 946/678/549
f 949/680/550 952/681/550 950/682/550
f 75/683/551 945/677/551 303/674/551
f 303/674/552 946/678/552 304/679/552
f 984/684/553 77/662/553 517/655/553
f 534/685/554 947/579/554 945/677/554
f 509/686/555 297/687/555 995/688/555
f 533/577/556 950/682/556 952/681/556
f 534/685/557 302/689/557 950/682/557
f 277/419/558 1144/690/558 1143/417/558
f 301/691/559 950/682/559 302/689/559
f 988/692/560 76/671/560 515/664/560
f 953/693/561 956/694/561 954/695/561
f 951/696/562 324/594/562 952/681/562
f 952/681/563 85/587/563 533/577/563
f 954/695/564 74/418/564 298/697/564
f 956/694/565 532/698/565 954/695/565
f 73/699/566 953/693/566 297/687/566
f 529/591/567 958/700/567 960/627/567
f 297/687/568 954/695/568 298/697/568
f 531/701/569 1137/702/569 532/698/569
f 530/703/570 955/593/570 953/693/570
f 957/704/571 960/627/571 958/700/571
f 1142/705/572 1143/417/572 1144/690/572
f 530/703/573 296/706/573 958/700/573
f 999/707/574 72/708/574 295/709/574
f 72/708/575 957/704/575 295/709/575
f 295/709/576 958/700/576 296/706/576
f 1003/710/577 71/711/577 293/712/577
f 528/713/578 959/617/578 957/704/578
f 962/714/579 963/619/579 964/635/579
f 527/615/580 962/714/580 964/635/580
f 528/713/581 294/715/581 962/714/581
f 293/712/582 526/716/582 961/717/582
f 293/712/583 962/714/583 294/715/583
f 1000/718/584 73/699/584 509/686/584
f 503/719/585 291/720/585 1007/721/585
f 525/643/586 961/717/586 526/716/586
f 966/722/587 967/628/587 968/644/587
f 968/644/588 526/716/588 966/722/588
f 966/722/589 71/711/589 292/723/589
f 291/720/590 524/724/590 965/725/590
f 292/723/591 965/725/591 966/722/591
f 294/715/592 507/726/592 1004/727/592
f 501/728/593 289/729/593 1011/730/593
f 523/654/594 965/725/594 524/724/594
f 969/731/595 972/653/595 970/732/595
f 972/653/596 524/724/596 970/732/596
f 970/732/597 70/733/597 290/734/597
f 69/735/598 969/731/598 289/729/598
f 289/729/599 970/732/599 290/734/599
f 292/723/600 505/736/600 1008/737/600
f 499/738/601 287/739/601 1015/740/601
f 522/741/602 971/638/602 969/731/602
f 973/742/603 976/663/603 974/743/603
f 521/636/604 974/743/604 976/663/604
f 522/741/605 288/744/605 974/743/605
f 287/739/606 520/745/606 973/742/606
f 287/739/607 974/743/607 288/744/607
f 1012/746/608 70/733/608 503/719/608
f 1019/747/609 67/748/609 285/749/609
f 520/745/610 975/647/610 973/742/610
f 977/750/611 980/672/611 978/751/611
f 519/645/612 978/751/612 980/672/612
f 978/751/613 68/752/613 286/753/613
f 285/749/614 518/754/614 977/750/614
f 286/753/615 977/750/615 978/751/615
f 1016/755/616 69/735/616 501/728/616
f 495/756/617 283/757/617 1023/758/617
f 518/754/618 979/657/618 977/750/618
f 981/759/619 984/684/619 982/760/619
f 517/655/620 982/760/620 984/684/620
f 982/760/621 67/748/621 284/761/621
f 283/757/622 516/762/622 981/759/622
f 284/761/623 981/759/623 982/760/623
f 286/753/624 499/738/624 1020/763/624
f 493/764/625 281/765/625 1027/766/625
f 516/762/626 983/666/626 981/759/626
f 985/767/627 988/692/627 986/768/627
f 515/664/628 986/768/628 988/692/628
f 516/762/629 282/769/629 986/768/629
f 989/770/630 992/771/630 990/772/630
f 65/773/631 985/767/631 281/765/631
f 281/765/632 986/768/632 282/769/632
f 1024/774/633 67/748/633 497/775/633
f 514/776/634 987/675/634 985/767/634
f 489/777/635 275/778/635 1035/779/635
f 513/673/636 990/772/636 992/771/636
f 514/776/637 280/780/637 990/772/637
f 255/513/638 1148/781/638 1147/514/638
f 279/782/639 990/772/639 280/780/639
f 1028/783/640 66/784/640 495/756/640
f 993/785/641 996/786/641 994/787/641
f 991/788/642 302/689/642 992/771/642
f 992/771/643 75/683/643 513/673/643
f 512/789/644 276/790/644 994/787/644
f 996/786/645 512/789/645 994/787/645
f 63/791/646 993/785/646 275/778/646
f 509/686/647 998/792/647 1000/718/647
f 275/778/648 994/787/648 276/790/648
f 511/793/649 1141/794/649 512/789/649
f 510/795/650 995/688/650 993/785/650
f 997/796/651 1000/718/651 998/792/651
f 1146/797/652 1147/514/652 1148/781/652
f 510/795/653 274/798/653 998/792/653
f 487/799/654 273/800/654 1039/801/654
f 62/802/655 997/796/655 273/800/655
f 273/800/656 998/792/656 274/798/656
f 485/803/657 271/804/657 1043/805/657
f 507/726/658 997/796/658 508/806/658
f 1001/807/659 1004/727/659 1002/808/659
f 1004/727/660 508/806/660 1002/808/660
f 508/806/661 272/809/661 1002/808/661
f 61/810/662 1001/807/662 271/804/662
f 271/804/663 1002/808/663 272/809/663
f 1040/811/664 63/791/664 489/777/664
f 483/812/665 269/813/665 1047/814/665
f 506/815/666 1003/710/666 1001/807/666
f 1005/816/667 1008/737/667 1006/817/667
f 505/736/668 1006/817/668 1008/737/668
f 506/815/669 270/818/669 1006/817/669
f 60/819/670 1005/816/670 269/813/670
f 269/813/671 1006/817/671 270/818/671
f 1044/820/672 62/802/672 487/799/672
f 481/821/673 267/822/673 1051/823/673
f 504/824/674 1007/721/674 1005/816/674
f 1009/825/675 1012/746/675 1010/826/675
f 503/719/676 1010/826/676 1012/746/676
f 504/824/677 268/827/677 1010/826/677
f 59/828/678 1009/825/678 267/822/678
f 267/822/679 1010/826/679 268/827/679
f 1048/829/680 61/810/680 485/803/680
f 479/830/681 265/831/681 1055/832/681
f 502/833/682 1011/730/682 1009/825/682
f 1013/834/683 1016/755/683 1014/835/683
f 501/728/684 1014/835/684 1016/755/684
f 502/833/685 266/836/685 1014/835/685
f 58/837/686 1013/834/686 265/831/686
f 265/831/687 1014/835/687 266/836/687
f 1052/838/688 60/819/688 483/812/688
f 477/839/689 263/840/689 1059/841/689
f 500/842/690 1015/740/690 1013/834/690
f 1017/843/691 1020/763/691 1018/844/691
f 499/738/692 1018/844/692 1020/763/692
f 500/842/693 264/845/693 1018/844/693
f 57/846/694 1017/843/694 263/840/694
f 263/840/695 1018/844/695 264/845/695
f 1056/847/696 59/828/696 481/821/696
f 475/848/697 261/849/697 1063/850/697
f 498/851/698 1019/747/698 1017/843/698
f 1021/852/699 1024/774/699 1022/853/699
f 497/775/700 1022/853/700 1024/774/700
f 498/851/701 262/854/701 1022/853/701
f 56/855/702 1021/852/702 261/849/702
f 261/849/703 1022/853/703 262/854/703
f 1060/856/704 58/837/704 479/830/704
f 1067/857/705 55/858/705 259/859/705
f 496/860/706 1023/758/706 1021/852/706
f 1026/861/707 1027/766/707 1028/783/707
f 495/756/708 1026/861/708 1028/783/708
f 496/860/709 260/862/709 1026/861/709
f 1029/863/710 1032/864/710 1030/865/710
f 259/859/711 494/866/711 1025/867/711
f 259/859/712 1026/861/712 260/862/712
f 1064/868/713 57/846/713 477/839/713
f 494/866/714 1027/766/714 1025/867/714
f 1075/869/715 53/870/715 253/871/715
f 493/764/716 1030/865/716 1032/864/716
f 494/866/717 258/872/717 1030/865/717
f 1151/610/718 234/873/718 1152/874/718
f 257/875/719 1030/865/719 258/872/719
f 1068/876/720 56/855/720 475/848/720
f 1033/877/721 1036/878/721 1034/879/721
f 1031/880/722 280/780/722 1032/864/722
f 1032/864/723 65/773/723 493/764/723
f 492/881/724 254/882/724 1034/879/724
f 491/512/725 1034/879/725 1036/878/725
f 53/870/726 1033/877/726 253/871/726
f 489/777/727 1038/883/727 1040/811/727
f 253/871/728 1034/879/728 254/882/728
f 492/881/729 1147/514/729 1145/884/729
f 1150/885/730 1151/610/730 1152/874/730
f 490/886/731 1035/779/731 1033/877/731
f 1037/887/732 1040/811/732 1038/883/732
f 490/886/733 252/888/733 1038/883/733
f 1079/889/734 52/890/734 251/891/734
f 52/890/735 1037/887/735 251/891/735
f 251/891/736 1038/883/736 252/888/736
f 465/892/737 249/893/737 1083/894/737
f 488/895/738 1039/801/738 1037/887/738
f 1041/896/739 1044/820/739 1042/897/739
f 487/799/740 1042/897/740 1044/820/740
f 488/895/741 250/898/741 1042/897/741
f 51/899/742 1041/896/742 249/893/742
f 249/893/743 1042/897/743 250/898/743
f 252/888/744 469/900/744 1080/901/744
f 463/902/745 247/903/745 1087/904/745
f 486/905/746 1043/805/746 1041/896/746
f 1045/906/747 1048/829/747 1046/907/747
f 485/803/748 1046/907/748 1048/829/748
f 486/905/749 248/908/749 1046/907/749
f 50/909/750 1045/906/750 247/903/750
f 247/903/751 1046/907/751 248/908/751
f 1084/910/752 52/890/752 467/911/752
f 461/912/753 245/913/753 1091/914/753
f 484/915/754 1047/814/754 1045/906/754
f 1049/916/755 1052/838/755 1050/917/755
f 483/812/756 1050/917/756 1052/838/756
f 484/915/757 246/918/757 1050/917/757
f 49/919/758 1049/916/758 245/913/758
f 245/913/759 1050/917/759 246/918/759
f 1088/920/760 51/899/760 465/892/760
f 1095/921/761 48/922/761 243/923/761
f 482/924/762 1051/823/762 1049/916/762
f 1053/925/763 1056/847/763 1054/926/763
f 481/821/764 1054/926/764 1056/847/764
f 482/924/765 244/927/765 1054/926/765
f 48/922/766 1053/925/766 243/923/766
f 243/923/767 1054/926/767 244/927/767
f 1092/928/768 50/909/768 463/902/768
f 457/929/769 241/930/769 1099/931/769
f 480/932/770 1055/832/770 1053/925/770
f 1057/933/771 1060/856/771 1058/934/771
f 479/830/772 1058/934/772 1060/856/772
f 480/932/773 242/935/773 1058/934/773
f 47/936/774 1057/933/774 241/930/774
f 241/930/775 1058/934/775 242/935/775
f 244/927/776 461/912/776 1096/937/776
f 455/938/777 239/939/777 1103/940/777
f 478/941/778 1059/841/778 1057/933/778
f 1061/942/779 1064/868/779 1062/943/779
f 477/839/780 1062/943/780 1064/868/780
f 478/941/781 240/944/781 1062/943/781
f 46/945/782 1061/942/782 239/939/782
f 239/939/783 1062/943/783 240/944/783
f 242/935/784 459/946/784 1100/947/784
f 453/948/785 237/949/785 1107/950/785
f 476/951/786 1063/850/786 1061/942/786
f 1065/952/787 1068/876/787 1066/953/787
f 475/848/788 1066/953/788 1068/876/788
f 476/951/789 238/954/789 1066/953/789
f 1069/955/790 1072/956/790 1070/957/790
f 45/958/791 1065/952/791 237/949/791
f 237/949/792 1066/953/792 238/954/792
f 1104/959/793 47/936/793 457/929/793
f 1127/305/794 114/313/794 365/960/794
f 473/961/795 1065/952/795 474/962/795
f 1072/956/796 474/962/796 1070/957/796
f 1070/957/797 45/958/797 236/963/797
f 1074/964/798 1075/869/798 1076/965/798
f 235/966/799 1070/957/799 236/963/799
f 1108/967/800 46/945/800 455/938/800
f 1071/968/801 258/872/801 1072/956/801
f 258/872/802 473/961/802 1072/956/802
f 1076/965/803 472/969/803 1074/964/803
f 471/608/804 1149/970/804 472/969/804
f 469/900/805 1073/971/805 470/972/805
f 1078/973/806 1079/889/806 1080/901/806
f 1082/974/807 1083/894/807 1084/910/807
f 1086/975/808 1087/904/808 1088/920/808
f 467/911/809 1077/976/809 468/977/809
f 1084/910/810 468/977/810 1082/974/810
f 1090/978/811 1091/914/811 1092/928/811
f 466/979/812 1083/894/812 1081/980/812
f 465/892/813 1086/975/813 1088/920/813
f 1094/981/814 1095/921/814 1096/937/814
f 463/902/815 1085/982/815 464/983/815
f 1092/928/816 464/983/816 1090/978/816
f 1097/984/817 1100/947/817 1098/985/817
f 461/912/818 1089/986/818 462/987/818
f 1096/937/819 462/987/819 1094/981/819
f 1101/988/820 1104/959/820 1102/989/820
f 459/946/821 1093/990/821 460/991/821
f 1100/947/822 460/991/822 1098/985/822
f 1105/992/823 1108/967/823 1106/993/823
f 458/994/824 1099/931/824 1097/984/824
f 457/929/825 1102/989/825 1104/959/825
f 1119/218/826 134/124/826 409/995/826
f 456/996/827 1103/940/827 1101/988/827
f 455/938/828 1106/993/828 1108/967/828
f 1113/131/829 1116/997/829 1114/998/829
f 454/999/830 1107/950/830 1105/992/830
f 1110/1000/831 1111/1001/831 1112/1002/831
f 453/948/832 1110/1000/832 1112/1002/832
f 751/1003/833 434/116/833 752/199/833
f 752/199/834 135/1004/834 633/97/834
f 235/966/835 1112/1002/835 1111/1001/835
f 1112/1002/836 45/958/836 453/948/836
f 386/314/837 591/1005/837 836/409/837
f 1131/404/838 104/412/838 343/402/838
f 409/995/839 652/126/839 1113/131/839
f 409/995/840 1114/998/840 410/219/840
f 787/194/841 414/197/841 788/214/841
f 431/1006/842 672/12/842 1153/5/842
f 144/10/843 1115/1007/843 651/130/843
f 432/4/844 1115/1007/844 431/1006/844
f 435/98/845 748/119/845 747/99/845
f 364/413/846 571/508/846 876/503/846
f 387/1008/847 632/222/847 1117/1/847
f 387/1008/848 1118/3/848 388/210/848
f 391/291/849 828/310/849 827/289/849
f 916/599/850 94/227/850 551/606/850
f 365/960/851 612/315/851 1121/319/851
f 365/960/852 1122/1009/852 366/306/852
f 369/387/853 868/407/853 867/385/853
f 320/602/854 531/701/854 956/694/854
f 104/412/855 1125/323/855 343/402/855
f 343/402/856 1126/324/856 344/1010/856
f 347/484/857 908/501/857 907/482/857
f 298/697/858 511/793/858 996/786/858
f 321/228/859 572/506/859 1129/511/859
f 322/1011/860 1129/511/860 1130/422/860
f 947/579/861 326/583/861 948/597/861
f 1036/878/862 64/1012/862 491/512/862
f 299/322/863 552/603/863 1133/607/863
f 300/1013/864 1133/607/864 1134/517/864
f 987/675/865 304/679/865 988/692/865
f 254/882/866 471/608/866 1076/965/866
f 277/419/867 532/698/867 1137/702/867
f 278/1014/868 1137/702/868 1138/613/868
f 1027/766/869 282/769/869 1028/783/869
f 1080/901/870 470/972/870 1078/973/870
f 255/513/871 512/789/871 1141/794/871
f 256/1015/872 1141/794/872 1142/705/872
f 1067/857/873 260/862/873 1068/876/873
f 54/1016/874 1145/884/874 233/609/874
f 233/609/875 1146/797/875 234/873/875
f 1107/950/876 238/954/876 1108/967/876
f 611/1017/877 387/1008/877 1123/209/877
f 408/221/878 611/1017/878 796/312/878
f 452/11/879 651/130/879 716/122/879
f 1154/6/880 1155/1018/880 1156/1019/880
f 454/999/881 145/1020/881 1110/1000/881
f 1109/1021/882 145/1020/882 146/1022/882
f 146/1022/883 173/1023/883 1109/1021/883
f 709/113/884 24/1024/884 147/1025/884
f 711/1026/885 147/1025/885 148/1027/885
f 148/1027/886 193/1028/886 711/1026/886
f 671/19/887 149/1029/887 1155/1018/887
f 1155/1018/888 150/1030/888 1156/1019/888
f 150/1030/889 213/1031/889 1156/1019/889
f 234/873/890 151/1032/890 1152/874/890
f 151/1032/891 1150/885/891 1152/874/891
f 152/1033/892 153/1034/892 1150/885/892
f 1149/970/893 153/1034/893 154/1035/893
f 154/1035/894 472/969/894 1149/970/894
f 1074/964/895 5/1036/895 155/1037/895
f 1073/971/896 155/1037/896 156/1038/896
f 156/1038/897 470/972/897 1073/971/897
f 1078/973/898 6/1039/898 157/1040/898
f 1077/976/899 157/1040/899 158/1041/899
f 158/1041/900 468/977/900 1077/976/900
f 1082/974/901 7/1042/901 159/1043/901
f 1081/980/902 159/1043/902 160/1044/902
f 160/1044/903 466/979/903 1081/980/903
f 1086/975/904 8/1045/904 161/1046/904
f 1085/982/905 161/1046/905 162/1047/905
f 162/1047/906 464/983/906 1085/982/906
f 1090/978/907 9/1048/907 163/1049/907
f 1089/986/908 163/1049/908 164/1050/908
f 164/1050/909 462/987/909 1089/986/909
f 1094/981/910 10/1051/910 165/1052/910
f 1093/990/911 165/1052/911 166/1053/911
f 166/1053/912 460/991/912 1093/990/912
f 1098/985/913 11/1054/913 167/1055/913
f 1098/985/914 168/1056/914 1097/984/914
f 12/1057/915 1097/984/915 168/1056/915
f 458/994/916 169/1058/916 1102/989/916
f 1102/989/917 170/1059/917 1101/988/917
f 13/1060/918 1101/988/918 170/1059/918
f 456/996/919 171/1061/919 1106/993/919
f 1106/993/920 172/1062/920 1105/992/920
f 14/1063/921 1105/992/921 172/1062/921
f 1109/1021/922 174/1064/922 1111/1001/922
f 15/1065/923 1111/1001/923 174/1064/923
f 1069/955/924 15/1065/924 175/1066/924
f 1071/968/925 175/1066/925 176/1067/925
f 176/1067/926 257/875/926 1071/968/926
f 1029/863/927 16/1068/927 177/1069/927
f 1031/880/928 177/1069/928 178/1070/928
f 178/1070/929 279/782/929 1031/880/929
f 989/770/930 17/1071/930 179/1072/930
f 991/788/931 179/1072/931 180/1073/931
f 180/1073/932 301/691/932 991/788/932
f 949/680/933 18/1074/933 181/1075/933
f 951/696/934 181/1075/934 182/1076/934
f 182/1076/935 323/596/935 951/696/935
f 909/1077/936 19/1078/936 183/1079/936
f 909/1077/937 184/1080/937 911/585/937
f 20/1081/938 911/585/938 184/1080/938
f 345/601/939 185/1082/939 869/500/939
f 869/500/940 186/1083/940 871/489/940
f 21/1084/941 871/489/941 186/1083/941
f 367/505/942 187/1085/942 829/405/942
f 829/405/943 188/1086/943 831/391/943
f 22/1087/944 831/391/944 188/1086/944
f 389/411/945 189/1088/945 789/308/945
f 789/308/946 190/1089/946 791/296/946
f 190/1089/947 411/212/947 791/296/947
f 749/198/948 23/1090/948 191/1091/948
f 751/1003/949 191/1091/949 192/1092/949
f 192/1092/950 433/117/950 751/1003/950
f 711/1026/951 194/1093/951 712/114/951
f 194/1093/952 653/112/952 712/114/952
f 707/102/953 25/1094/953 195/1095/953
f 195/1095/954 708/103/954 707/102/954
f 196/1096/955 655/100/955 708/103/955
f 703/90/956 26/1097/956 197/1098/956
f 703/90/957 198/1099/957 704/91/957
f 27/1100/958 704/91/958 198/1099/958
f 657/88/959 199/1101/959 699/78/959
f 699/78/960 200/1102/960 700/79/960
f 28/1103/961 700/79/961 200/1102/961
f 659/76/962 201/1104/962 695/1105/962
f 695/1105/963 202/1106/963 696/67/963
f 202/1106/964 661/1107/964 696/67/964
f 661/1107/965 203/1108/965 691/65/965
f 691/65/966 204/1109/966 692/55/966
f 30/1110/967 692/55/967 204/1109/967
f 663/57/968 205/1111/968 687/53/968
f 687/53/969 206/1112/969 688/43/969
f 31/1113/970 688/43/970 206/1112/970
f 665/45/971 207/1114/971 683/41/971
f 683/41/972 208/1115/972 684/31/972
f 32/1116/973 684/31/973 208/1115/973
f 667/33/974 209/1117/974 679/29/974
f 679/29/975 210/1118/975 680/18/975
f 33/1119/976 680/18/976 210/1118/976
f 669/16/977 211/1120/977 675/8/977
f 675/8/978 212/1121/978 676/9/978
f 34/1122/979 676/9/979 212/1121/979
f 213/1031/980 1154/6/980 1156/1019/980
f 214/1123/981 432/4/981 1154/6/981
f 1116/997/982 35/1124/982 215/1125/982
f 215/1125/983 1114/998/983 1116/997/983
f 216/1126/984 410/219/984 1114/998/984
f 1120/2/985 36/1127/985 217/1128/985
f 217/1128/986 1118/3/986 1120/2/986
f 218/1129/987 388/210/987 1118/3/987
f 1124/211/988 37/1130/988 219/1131/988
f 219/1131/989 1122/1009/989 1124/211/989
f 220/1132/990 366/306/990 1122/1009/990
f 1128/307/991 38/1133/991 221/1134/991
f 221/1134/992 1126/324/992 1128/307/992
f 222/1135/993 344/1010/993 1126/324/993
f 344/1010/994 223/1136/994 1132/403/994
f 1132/403/995 224/1137/995 1130/422/995
f 1130/422/996 40/1138/996 322/1011/996
f 322/1011/997 225/1139/997 1136/499/997
f 1136/499/998 226/1140/998 1134/517/998
f 1134/517/999 41/1141/999 300/1013/999
f 300/1013/1000 227/1142/1000 1140/595/1000
f 1140/595/1001 228/1143/1001 1138/613/1001
f 1138/613/1002 42/1144/1002 278/1014/1002
f 278/1014/1003 229/1145/1003 1144/690/1003
f 1144/690/1004 230/1146/1004 1142/705/1004
f 1142/705/1005 43/1147/1005 256/1015/1005
f 256/1015/1006 231/1148/1006 1148/781/1006
f 1148/781/1007 232/1149/1007 1146/797/1007
f 1146/797/1008 44/1150/1008 234/873/1008
f 1103/940/1009 240/944/1009 1104/959/1009
f 1099/931/1010 242/935/1010 1100/947/1010
f 243/923/1011 1096/937/1011 1095/921/1011
f 1091/914/1012 246/918/1012 1092/928/1012
f 1087/904/1013 248/908/1013 1088/920/1013
f 1083/894/1014 250/898/1014 1084/910/1014
f 251/891/1015 1080/901/1015 1079/889/1015
f 253/871/1016 1076/965/1016 1075/869/1016
f 1063/850/1017 262/854/1017 1064/868/1017
f 1059/841/1018 264/845/1018 1060/856/1018
f 1055/832/1019 266/836/1019 1056/847/1019
f 1051/823/1020 268/827/1020 1052/838/1020
f 1047/814/1021 270/818/1021 1048/829/1021
f 1043/805/1022 272/809/1022 1044/820/1022
f 1039/801/1023 274/798/1023 1040/811/1023
f 1035/779/1024 276/790/1024 1036/878/1024
f 1023/758/1025 284/761/1025 1024/774/1025
f 285/749/1026 1020/763/1026 1019/747/1026
f 1015/740/1027 288/744/1027 1016/755/1027
f 1011/730/1028 290/734/1028 1012/746/1028
f 1007/721/1029 292/723/1029 1008/737/1029
f 293/712/1030 1004/727/1030 1003/710/1030
f 999/707/1031 296/706/1031 1000/718/1031
f 995/688/1032 298/697/1032 996/786/1032
f 983/666/1033 306/670/1033 984/684/1033
f 979/657/1034 308/661/1034 980/672/1034
f 975/647/1035 310/651/1035 976/663/1035
f 971/638/1036 312/641/1036 972/653/1036
f 313/630/1037 968/644/1037 967/628/1037
f 315/621/1038 964/635/1038 963/619/1038
f 959/617/1039 318/614/1039 960/627/1039
f 955/593/1040 320/602/1040 956/694/1040
f 943/570/1041 328/574/1041 944/588/1041
f 939/561/1042 330/564/1042 940/576/1042
f 935/552/1043 332/556/1043 936/567/1043
f 931/543/1044 334/547/1044 932/558/1044
f 927/534/1045 336/538/1045 928/549/1045
f 923/525/1046 338/529/1046 924/540/1046
f 919/521/1047 340/518/1047 920/531/1047
f 915/497/1048 342/507/1048 916/599/1048
f 903/475/1049 350/479/1049 904/493/1049
f 351/465/1050 900/481/1050 899/466/1050
f 895/457/1051 354/461/1051 896/472/1051
f 891/448/1052 356/452/1052 892/463/1052
f 887/439/1053 358/443/1053 888/454/1053
f 883/430/1054 360/434/1054 884/445/1054
f 879/426/1055 362/423/1055 880/436/1055
f 875/400/1056 364/413/1056 876/503/1056
f 371/378/1057 864/396/1057 863/376/1057
f 859/367/1058 374/372/1058 860/384/1058
f 375/360/1059 856/375/1059 855/358/1059
f 377/352/1060 852/366/1060 851/350/1060
f 379/343/1061 848/357/1061 847/341/1061
f 843/333/1062 382/336/1062 844/349/1062
f 839/328/1063 384/325/1063 840/340/1063
f 385/303/1064 836/409/1064 835/301/1064
f 393/282/1065 824/300/1065 823/280/1065
f 819/273/1066 396/275/1066 820/288/1066
f 397/264/1067 816/279/1067 815/262/1067
f 399/255/1068 812/270/1068 811/253/1068
f 401/246/1069 808/261/1069 807/244/1069
f 403/237/1070 804/252/1070 803/235/1070
f 405/232/1071 800/243/1071 799/230/1071
f 407/207/1072 796/312/1072 795/205/1072
f 415/185/1073 784/203/1073 783/183/1073
f 417/176/125 780/191/125 779/174/125
f 419/167/1074 776/182/1074 775/165/1074
f 421/158/1075 772/173/1075 771/156/1075
f 423/149/1076 768/164/1076 767/147/1076
f 425/140/1077 764/155/1077 763/138/1077
f 427/135/1078 760/146/1078 759/133/1078
f 429/111/1079 756/216/1079 755/109/1079
f 1121/319/1080 1124/211/1080 1122/1009/1080
f 437/87/1081 744/108/1081 743/85/1081
f 439/75/1082 740/96/1082 739/73/1082
f 441/64/1083 736/84/1083 735/62/1083
f 443/52/1084 732/72/1084 731/50/1084
f 445/40/1085 728/61/1085 727/38/1085
f 447/28/1086 724/49/1086 723/26/1086
f 449/24/1087 720/37/1087 719/22/1087
f 451/13/1088 716/122/1088 715/121/1088
f 1158/1151/1089 1159/1152/1089 1157/1153/1089
f 1160/1154/1090 1161/1155/1090 1159/1156/1090
f 1162/1157/1091 1163/1158/1091 1161/1155/1091
f 1164/1159/1092 1165/1160/1092 1163/1158/1092
f 1166/1161/1093 1167/1162/1093 1165/1160/1093
f 1168/1163/1094 1169/1164/1094 1167/1162/1094
f 1170/1165/1095 1171/1166/1095 1169/1164/1095
f 1172/1167/1096 1173/1168/1096 1171/1166/1096
f 1174/1169/1097 1175/1170/1097 1173/1168/1097
f 1176/1171/1098 1177/1172/1098 1175/1173/1098
f 1178/1174/1099 1179/1175/1099 1177/1172/1099
f 1180/1176/1100 1181/1177/1100 1179/1175/1100
f 1182/1178/1101 1183/1179/1101 1181/1177/1101
f 1184/1180/1102 1185/1181/1102 1183/1179/1102
f 1186/1182/1103 1187/1183/1103 1185/1181/1103
f 1188/1184/1104 1189/1185/1104 1187/1183/1104
f 1190/1186/1105 1191/1187/1105 1189/1188/1105
f 1192/1189/1106 1193/1190/1106 1191/1187/1106
f 1194/1191/1107 1195/1192/1107 1193/1190/1107
f 1196/1193/1108 1197/1194/1108 1195/1192/1108
f 1198/1195/1109 1199/1196/1109 1197/1194/1109
f 1200/1197/1110 1201/1198/1110 1199/1196/1110
f 1202/1199/1111 1203/1200/1111 1201/1198/1111
f 1204/1201/1112 1205/1202/1112 1203/1200/1112
f 1206/1203/1113 1207/1204/1113 1205/1205/1113
f 1208/1206/1114 1209/1207/1114 1207/1204/1114
f 1210/1208/1115 1211/1209/1115 1209/1207/1115
f 1212/1210/1116 1213/1211/1116 1211/1209/1116
f 1214/1212/1117 1215/1213/1117 1213/1211/1117
f 1216/1214/1118 1217/1215/1118 1215/1213/1118
f 1210/1216/1119 1194/1217/1119 1178/1218/1119
f 1218/1219/1120 1219/1220/1120 1217/1215/1120
f 1220/1221/1121 1157/1153/1121 1219/1220/1121
f 1211/1222/1122 1219/1223/1122 1187/1224/1122
f 1222/1225/1089 1223/1226/1089 1221/1227/1089
f 1224/1156/1090 1225/1228/1090 1223/1229/1090
f 1226/1155/1091 1227/1230/1091 1225/1228/1091
f 1228/1158/1092 1229/1231/1092 1227/1230/1092
f 1230/1160/1093 1231/1232/1093 1229/1231/1093
f 1232/1162/1094 1233/1233/1094 1231/1232/1094
f 1234/1164/1095 1235/1234/1095 1233/1233/1095
f 1236/1166/1096 1237/1235/1096 1235/1234/1096
f 1238/1168/1097 1239/1236/1097 1237/1235/1097
f 1240/1173/1098 1241/1237/1098 1239/1238/1098
f 1242/1172/1099 1243/1239/1099 1241/1237/1099
f 1244/1175/1100 1245/1240/1100 1243/1239/1100
f 1246/1177/1101 1247/1241/1101 1245/1240/1101
f 1248/1179/1102 1249/1242/1102 1247/1241/1102
f 1250/1181/1103 1251/1243/1103 1249/1242/1103
f 1252/1183/1104 1253/1244/1104 1251/1243/1104
f 1254/1188/1105 1255/1245/1105 1253/1246/1105
f 1256/1187/1106 1257/1247/1106 1255/1245/1106
f 1258/1190/1107 1259/1248/1107 1257/1247/1107
f 1260/1192/1108 1261/1249/1108 1259/1248/1108
f 1262/1194/1109 1263/1250/1109 1261/1249/1109
f 1264/1196/1110 1265/1251/1110 1263/1250/1110
f 1266/1198/1111 1267/1252/1111 1265/1251/1111
f 1268/1200/1112 1269/1253/1112 1267/1252/1112
f 1270/1254/1113 1271/1255/1113 1269/1256/1113
f 1272/1257/1114 1273/1189/1114 1271/1255/1114
f 1274/1258/1115 1275/1259/1115 1273/1189/1115
f 1276/1260/1116 1277/1261/1116 1275/1259/1116
f 1278/1262/1117 1279/1263/1117 1277/1261/1117
f 1280/1264/1118 1281/1265/1118 1279/1263/1118
f 1274/1266/1119 1258/1267/1119 1242/1268/1119
f 1282/1269/1120 1283/1270/1120 1281/1265/1120
f 1284/1271/1121 1221/1227/1121 1283/1270/1121
f 1251/1272/1122 1267/1273/1122 1283/1274/1122
f 1377/1275/1123 1485/1276/1123 1484/1277/1123
f 1488/1278/1124 1464/1279/1124 1480/1280/1124
f 1450/1281/1125 1475/1282/1125 1362/1283/1125
f 1325/1284/1122 1314/1285/1122 1289/1286/1122
f 1383/1287/1126 1472/1288/1126 1462/1289/1126
f 1325/1290/1127 1322/1291/1127 1321/1292/1127
f 1431/1293/1128 1316/1294/1128 1421/1295/1128
f 1406/1296/1129 1411/1297/1129 1416/1298/1129
f 1298/1299/1123 1299/1300/1123 1481/1301/1123
f 1308/1302/1130 1329/1303/1130 1364/1304/1130
f 1300/1305/1131 1369/1306/1131 1366/1307/1131
f 1421/1308/1132 1416/1298/1132 1411/1297/1132
f 1354/1309/1133 1308/1302/1133 1364/1304/1133
f 1323/1310/1134 1295/1311/1134 1393/1312/1134
f 1398/1313/1123 1467/1314/1123 1399/1315/1123
f 1458/1316/1128 1321/1317/1128 1448/1318/1128
f 1307/1319/1135 1304/1320/1135 1303/1321/1135
f 1374/1322/1123 1487/1323/1123 1486/1324/1123
f 1439/1325/1128 1315/1326/1128 1434/1327/1128
f 1477/1328/1123 1468/1329/1123 1476/1330/1123
f 1408/1331/1122 1419/1332/1122 1418/1333/1122
f 1396/1334/1136 1294/1335/1136 1385/1336/1136
f 1393/1337/1137 1465/1338/1137 1473/1339/1137
f 1466/1340/1138 1394/1341/1138 1408/1342/1138
f 1440/1343/1139 1419/1344/1139 1409/1345/1139
f 1468/1346/1140 1396/1347/1140 1410/1348/1140
f 1385/1349/1141 1469/1350/1141 1477/1351/1141
f 1470/1352/1142 1386/1353/1142 1404/1354/1142
f 1436/1355/1143 1415/1356/1143 1405/1357/1143
f 1472/1358/1144 1388/1359/1144 1406/1360/1144
f 1333/1359/1145 1451/1361/1145 1441/1362/1145
f 1461/1363/1146 1382/1364/1146 1402/1365/1146
f 1313/1366/1128 1422/1367/1128 1291/1368/1128
f 1296/1369/1123 1295/1370/1123 1285/1371/1123
f 1466/1372/1123 1475/1373/1123 1467/1314/1123
f 1318/1374/1147 1341/1375/1147 1338/1376/1147
f 1318/1377/1128 1459/1378/1128 1454/1379/1128
f 1447/1380/1128 1460/1381/1128 1457/1382/1128
f 1409/1383/1122 1394/1384/1122 1395/1385/1122
f 1366/1307/1148 1373/1386/1148 1300/1305/1148
f 1336/1387/1128 1311/1388/1128 1292/1389/1128
f 1359/1390/1149 1338/1376/1149 1356/1391/1149
f 1303/1392/1150 1332/1393/1150 1302/1394/1150
f 1448/1318/1128 1322/1395/1128 1438/1396/1128
f 1455/1397/1128 1441/1398/1128 1451/1399/1128
f 1406/1296/1151 1381/1400/1151 1401/1401/1151
f 1333/1402/1152 1317/1403/1152 1335/1404/1152
f 1304/1405/1153 1463/1406/1153 1303/1392/1153
f 1465/1407/1123 1397/1408/1123 1295/1370/1123
f 1393/1312/1122 1324/1409/1122 1323/1310/1122
f 1299/1300/1123 1378/1410/1123 1481/1301/1123
f 1451/1399/1128 1317/1411/1128 1455/1397/1128
f 1309/1412/1154 1334/1413/1154 1310/1414/1154
f 1340/1415/1155 1344/1416/1155 1317/1403/1155
f 1355/1417/1156 1333/1402/1156 1353/1418/1156
f 1301/1419/1157 1376/1420/1157 1365/1421/1157
f 1328/1422/1146 1286/1423/1146 1298/1424/1146
f 1328/1422/1146 1298/1424/1146 1297/1425/1146
f 1327/1426/1146 1328/1422/1146 1297/1425/1146
f 1296/1427/1146 1285/1428/1146 1323/1429/1146
f 1355/1357/1158 1406/1360/1158 1445/1430/1158
f 1297/1425/1146 1296/1427/1146 1324/1431/1146
f 1320/1432/1159 1290/1433/1159 1326/1434/1159
f 1326/1434/1160 1327/1426/1160 1320/1432/1160
f 1320/1432/1161 1327/1426/1161 1321/1292/1161
f 1296/1427/1146 1323/1429/1146 1324/1431/1146
f 1325/1290/1162 1289/1435/1162 1322/1291/1162
f 1324/1431/1163 1325/1290/1163 1321/1292/1163
f 1330/1436/1164 1365/1421/1164 1363/1437/1164
f 1482/1438/1123 1380/1439/1123 1483/1440/1123
f 1388/1441/1165 1392/1442/1165 1293/1443/1165
f 1407/1444/1122 1325/1284/1122 1324/1409/1122
f 1316/1445/1166 1426/1446/1166 1416/1298/1166
f 1294/1335/1167 1389/1447/1167 1385/1336/1167
f 1468/1329/1123 1294/1448/1123 1400/1449/1123
f 1440/1450/1128 1428/1451/1128 1429/1452/1128
f 1312/1453/1128 1452/1454/1128 1442/1455/1128
f 1413/1456/1168 1423/1457/1168 1315/1458/1168
f 1302/1394/1169 1329/1459/1169 1288/1460/1169
f 1481/1301/1123 1297/1461/1123 1298/1299/1123
f 1415/1462/1170 1404/1463/1170 1405/1464/1170
f 1326/1465/1119 1319/1466/1119 1346/1467/1119
f 1343/1468/1171 1339/1469/1171 1342/1470/1171
f 1417/1471/1122 1427/1472/1122 1314/1285/1122
f 1380/1473/1172 1371/1474/1172 1372/1475/1172
f 1295/1311/1173 1397/1476/1173 1393/1312/1173
f 1463/1477/1146 1442/1478/1146 1354/1479/1146
f 1312/1453/1128 1432/1480/1128 1313/1366/1128
f 1480/1280/1126 1462/1289/1126 1472/1288/1126
f 1315/1326/1128 1423/1481/1128 1434/1327/1128
f 1315/1458/1174 1420/1482/1174 1413/1456/1174
f 1476/1483/1175 1449/1484/1175 1359/1345/1175
f 1443/1485/1128 1456/1486/1128 1453/1487/1128
f 1454/1379/1128 1341/1488/1128 1318/1377/1128
f 1331/1489/1176 1301/1490/1176 1330/1491/1176
f 1367/1492/1177 1358/1493/1177 1368/1494/1177
f 1435/1495/1128 1426/1496/1128 1316/1294/1128
f 1410/1497/1178 1413/1456/1178 1420/1482/1178
f 1317/1411/1128 1344/1498/1128 1455/1397/1128
f 1425/1499/1128 1433/1500/1128 1424/1501/1128
f 1375/1502/1179 1367/1492/1179 1368/1494/1179
f 1361/1503/1119 1372/1475/1119 1371/1474/1119
f 1370/1504/1180 1286/1505/1180 1328/1506/1180
f 1399/1507/1181 1394/1384/1181 1398/1508/1181
f 1458/1316/1128 1349/1509/1128 1319/1510/1128
f 1337/1511/1182 1357/1512/1182 1339/1469/1182
f 1314/1513/1128 1427/1514/1128 1438/1396/1128
f 1310/1414/1183 1336/1515/1183 1292/1516/1183
f 1396/1334/1184 1403/1517/1184 1410/1497/1184
f 1470/1518/1123 1391/1519/1123 1390/1520/1123
f 1362/1521/1119 1347/1522/1119 1345/1523/1119
f 1351/1524/1128 1457/1382/1128 1460/1381/1128
f 1450/1525/1128 1437/1526/1128 1440/1450/1128
f 1310/1527/1145 1292/1528/1145 1311/1529/1145
f 1310/1527/1145 1311/1529/1145 1312/1530/1145
f 1309/1531/1185 1310/1527/1185 1312/1530/1185
f 1313/1532/1145 1291/1533/1145 1305/1534/1145
f 1404/1463/1186 1387/1535/1186 1405/1464/1186
f 1312/1530/1145 1313/1532/1145 1306/1536/1145
f 1302/1537/1145 1288/1538/1145 1308/1539/1145
f 1308/1539/1187 1309/1531/1187 1302/1537/1187
f 1302/1537/1145 1309/1531/1145 1303/1321/1145
f 1313/1532/1188 1305/1534/1188 1306/1536/1188
f 1307/1319/1145 1287/1540/1145 1304/1320/1145
f 1306/1536/1145 1307/1319/1145 1303/1321/1145
f 1479/1541/1123 1486/1324/1123 1487/1323/1123
f 1386/1542/1189 1391/1543/1189 1387/1535/1189
f 1312/1530/1145 1303/1321/1145 1309/1531/1145
f 1348/1544/1190 1318/1374/1190 1338/1376/1190
f 1473/1545/1123 1296/1369/1123 1297/1461/1123
f 1469/1546/1123 1389/1547/1123 1294/1448/1123
f 1478/1548/1123 1471/1549/1123 1470/1518/1123
f 1300/1550/1123 1373/1551/1123 1485/1276/1123
f 1414/1552/1191 1425/1553/1191 1424/1554/1191
f 1305/1555/1192 1422/1556/1192 1412/1557/1192
f 1485/1276/1123 1476/1330/1123 1484/1277/1123
f 1384/1558/1123 1304/1405/1123 1287/1559/1123
f 1445/1560/1128 1431/1293/1128 1441/1398/1128
f 1449/1561/1128 1454/1379/1128 1459/1378/1128
f 1381/1400/1193 1293/1443/1193 1383/1562/1193
f 1369/1306/1194 1356/1391/1194 1366/1307/1194
f 1488/1278/1123 1376/1563/1123 1301/1490/1123
f 1403/1564/1195 1356/1565/1195 1444/1566/1195
f 1293/1567/1123 1392/1568/1123 1472/1288/1123
f 1346/1569/1196 1349/1570/1196 1458/1571/1196
f 1346/1569/1197 1458/1571/1197 1448/1572/1197
f 1360/1573/1198 1346/1569/1198 1448/1572/1198
f 1438/1574/1199 1427/1575/1199 1417/1576/1199
f 1419/1332/1122 1428/1577/1122 1418/1333/1122
f 1448/1572/1200 1438/1574/1200 1407/1578/1200
f 1481/1579/1201 1378/1580/1201 1370/1581/1201
f 1370/1581/1202 1360/1573/1202 1481/1579/1202
f 1481/1579/1203 1360/1573/1203 1473/1339/1203
f 1438/1574/1204 1417/1576/1204 1407/1578/1204
f 1393/1337/1137 1397/1582/1137 1465/1338/1137
f 1407/1578/1205 1393/1337/1205 1473/1339/1205
f 1457/1583/1206 1350/1582/1206 1347/1337/1206
f 1457/1583/1207 1347/1337/1207 1361/1578/1207
f 1447/1584/1208 1457/1583/1208 1361/1578/1208
f 1371/1576/1209 1379/1575/1209 1482/1585/1209
f 1357/1564/1210 1404/1354/1210 1443/1586/1210
f 1361/1578/1211 1371/1576/1211 1474/1587/1211
f 1418/1588/1212 1428/1589/1212 1437/1590/1212
f 1437/1590/1213 1447/1584/1213 1418/1588/1213
f 1418/1588/1214 1447/1584/1214 1408/1342/1214
f 1371/1576/1209 1482/1585/1209 1474/1587/1209
f 1466/1340/1215 1398/1591/1215 1394/1341/1215
f 1474/1587/1216 1466/1340/1216 1408/1342/1216
f 1483/1592/1217 1380/1589/1217 1372/1588/1217
f 1483/1592/1218 1372/1588/1218 1362/1283/1218
f 1475/1282/1219 1483/1592/1219 1362/1283/1219
f 1345/1341/1220 1351/1591/1220 1460/1593/1220
f 1345/1523/1221 1350/1594/1221 1351/1595/1221
f 1362/1283/1222 1345/1341/1222 1450/1281/1222
f 1395/1596/1223 1399/1597/1223 1467/1598/1223
f 1467/1598/1223 1475/1282/1223 1395/1596/1223
f 1395/1596/1224 1475/1282/1224 1409/1345/1224
f 1345/1341/1225 1460/1593/1225 1450/1281/1225
f 1440/1343/1226 1429/1599/1226 1419/1344/1226
f 1450/1281/1227 1440/1343/1227 1409/1345/1227
f 1459/1600/1228 1352/1597/1228 1348/1596/1228
f 1459/1600/1229 1348/1596/1229 1359/1345/1229
f 1449/1484/1230 1459/1600/1230 1359/1345/1230
f 1369/1344/1231 1377/1599/1231 1484/1601/1231
f 1474/1587/1232 1447/1584/1232 1361/1578/1232
f 1359/1345/1233 1369/1344/1233 1476/1483/1233
f 1420/1602/1234 1430/1603/1234 1439/1604/1234
f 1439/1604/1235 1449/1484/1235 1420/1602/1235
f 1420/1602/1236 1449/1484/1236 1410/1348/1236
f 1369/1344/1231 1484/1601/1231 1476/1483/1231
f 1468/1346/1237 1400/1605/1237 1396/1347/1237
f 1476/1483/1238 1468/1346/1238 1410/1348/1238
f 1338/1347/1239 1341/1606/1239 1454/1607/1239
f 1338/1347/1240 1454/1607/1240 1444/1566/1240
f 1356/1565/1241 1338/1347/1241 1444/1566/1241
f 1434/1608/1242 1423/1609/1242 1413/1610/1242
f 1306/1611/1243 1382/1612/1243 1307/1613/1243
f 1444/1566/1244 1434/1608/1244 1403/1564/1244
f 1485/1614/1245 1373/1603/1245 1366/1602/1245
f 1366/1602/1246 1356/1565/1246 1485/1614/1246
f 1485/1614/1247 1356/1565/1247 1477/1351/1247
f 1434/1608/1248 1413/1610/1248 1403/1564/1248
f 1385/1349/1141 1389/1615/1141 1469/1350/1141
f 1403/1564/1249 1385/1349/1249 1477/1351/1249
f 1453/1616/1250 1342/1615/1250 1339/1349/1250
f 1453/1616/1251 1339/1349/1251 1357/1564/1251
f 1443/1586/1252 1453/1616/1252 1357/1564/1252
f 1367/1610/1253 1374/1609/1253 1486/1617/1253
f 1448/1572/1254 1473/1339/1254 1360/1573/1254
f 1357/1564/1255 1367/1610/1255 1478/1618/1255
f 1414/1619/1256 1424/1620/1256 1433/1621/1256
f 1433/1621/1257 1443/1586/1257 1414/1619/1257
f 1414/1619/1258 1443/1586/1258 1404/1354/1258
f 1367/1610/1253 1486/1617/1253 1478/1618/1253
f 1470/1352/1259 1390/1622/1259 1386/1353/1259
f 1478/1618/1260 1470/1352/1260 1404/1354/1260
f 1487/1623/1145 1375/1620/1145 1368/1619/1145
f 1487/1623/1145 1368/1619/1145 1358/1354/1145
f 1479/1624/1145 1487/1623/1145 1358/1354/1145
f 1337/1353/1261 1343/1622/1261 1456/1625/1261
f 1483/1440/1123 1474/1626/1123 1482/1438/1123
f 1358/1354/1262 1337/1353/1262 1446/1627/1262
f 1387/1628/1145 1391/1629/1145 1471/1630/1145
f 1471/1630/1145 1479/1624/1145 1387/1628/1145
f 1387/1628/1263 1479/1624/1263 1405/1357/1263
f 1337/1353/1264 1456/1625/1264 1446/1627/1264
f 1436/1355/1265 1425/1631/1265 1415/1356/1265
f 1446/1627/1266 1436/1355/1266 1405/1357/1266
f 1455/1632/1267 1344/1629/1267 1340/1628/1267
f 1455/1632/1268 1340/1628/1268 1355/1357/1268
f 1445/1430/1269 1455/1632/1269 1355/1357/1269
f 1365/1356/1146 1376/1631/1146 1488/1633/1146
f 1439/1325/1128 1444/1634/1128 1449/1561/1128
f 1355/1357/1146 1365/1356/1146 1480/1635/1146
f 1416/1636/1270 1426/1637/1270 1435/1638/1270
f 1435/1638/1270 1445/1430/1270 1416/1636/1270
f 1416/1636/1271 1445/1430/1271 1406/1360/1271
f 1365/1356/1146 1488/1633/1146 1480/1635/1146
f 1472/1358/1146 1392/1639/1146 1388/1359/1146
f 1480/1635/1146 1472/1358/1146 1406/1360/1146
f 1381/1640/1145 1383/1641/1145 1462/1642/1145
f 1381/1640/1185 1462/1642/1185 1464/1643/1185
f 1401/1479/1145 1381/1640/1145 1464/1643/1145
f 1331/1644/1145 1330/1637/1145 1363/1636/1145
f 1436/1645/1128 1443/1485/1128 1433/1500/1128
f 1464/1643/1145 1331/1644/1145 1353/1646/1145
f 1431/1647/1145 1421/1648/1145 1411/1649/1145
f 1411/1649/1272 1401/1479/1272 1431/1647/1272
f 1431/1647/1145 1401/1479/1145 1441/1362/1145
f 1331/1644/1145 1363/1636/1145 1353/1646/1145
f 1333/1359/1145 1335/1650/1145 1451/1361/1145
f 1353/1646/1273 1333/1359/1273 1441/1362/1273
f 1452/1651/1146 1336/1641/1146 1334/1640/1146
f 1452/1651/1185 1334/1640/1185 1354/1479/1185
f 1442/1478/1146 1452/1651/1146 1354/1479/1146
f 1364/1649/1274 1329/1648/1274 1332/1652/1274
f 1355/1417/1275 1363/1437/1275 1365/1421/1275
f 1354/1479/1146 1364/1649/1146 1463/1477/1146
f 1412/1653/1146 1422/1654/1146 1432/1655/1146
f 1432/1655/1146 1442/1478/1146 1412/1653/1146
f 1412/1653/1146 1442/1478/1146 1402/1365/1146
f 1364/1649/1276 1332/1652/1276 1463/1477/1276
f 1461/1363/1146 1384/1656/1146 1382/1364/1146
f 1463/1477/1146 1461/1363/1146 1402/1365/1146
f 1297/1425/1277 1321/1292/1277 1327/1426/1277
f 1287/1657/1278 1382/1612/1278 1384/1658/1278
f 1464/1643/1145 1441/1362/1145 1401/1479/1145
f 1322/1395/1128 1314/1513/1128 1438/1396/1128
f 1360/1659/1119 1326/1465/1119 1346/1467/1119
f 1370/1504/1279 1378/1660/1279 1299/1661/1279
f 1320/1662/1128 1319/1510/1128 1290/1663/1128
f 1319/1466/1119 1349/1664/1119 1346/1467/1119
f 1370/1504/1119 1327/1665/1119 1360/1659/1119
f 1343/1666/1128 1453/1487/1128 1456/1486/1128
f 1358/1354/1145 1405/1357/1145 1479/1624/1145
f 1402/1667/1280 1305/1555/1280 1412/1557/1280
f 1117/1/1281 1119/218/1281 1120/2/1281
f 432/4/1282 431/1006/1282 1153/5/1282
f 674/7/1283 673/15/1283 675/8/1283
f 674/7/1284 672/12/1284 144/10/1284
f 676/9/1285 671/19/1285 672/12/1285
f 451/13/1286 143/123/1286 670/14/1286
f 669/16/1287 670/14/1287 678/17/1287
f 452/11/1288 451/13/1288 673/15/1288
f 671/19/1289 1155/1018/1289 1153/5/1289
f 670/14/1290 669/16/1290 675/8/1290
f 677/20/1291 679/29/1291 680/18/1291
f 670/14/1292 143/123/1292 450/21/1292
f 719/22/1293 647/48/1293 142/23/1293
f 449/24/1294 142/23/1294 668/25/1294
f 450/21/1295 449/24/1295 677/20/1295
f 723/26/1296 645/60/1296 141/27/1296
f 668/25/1297 667/33/1297 679/29/1297
f 681/30/1298 683/41/1298 684/31/1298
f 667/33/1299 668/25/1299 682/32/1299
f 682/32/1300 668/25/1300 142/23/1300
f 447/28/1301 141/27/1301 666/35/1301
f 448/34/1302 447/28/1302 681/30/1302
f 450/21/1303 143/123/1303 649/36/1303
f 727/38/1304 643/71/1304 140/39/1304
f 666/35/1305 665/45/1305 683/41/1305
f 685/42/1306 687/53/1306 688/43/1306
f 665/45/1307 666/35/1307 686/44/1307
f 686/44/1308 666/35/1308 141/27/1308
f 445/40/1309 140/39/1309 664/47/1309
f 446/46/1310 445/40/1310 685/42/1310
f 448/34/1311 142/23/1311 647/48/1311
f 731/50/1312 641/83/1312 139/51/1312
f 664/47/1313 663/57/1313 687/53/1313
f 689/54/1314 691/65/1314 692/55/1314
f 663/57/1315 664/47/1315 690/56/1315
f 690/56/1316 664/47/1316 140/39/1316
f 443/52/1317 139/51/1317 662/59/1317
f 444/58/1318 443/52/1318 689/54/1318
f 446/46/1319 141/27/1319 645/60/1319
f 735/62/1320 639/95/1320 138/63/1320
f 662/59/1321 661/1107/1321 691/65/1321
f 693/66/1322 695/1105/1322 696/67/1322
f 696/67/1323 661/1107/1323 662/59/1323
f 694/68/1324 662/59/1324 139/51/1324
f 441/64/1325 138/63/1325 660/70/1325
f 442/69/1326 441/64/1326 693/66/1326
f 444/58/1327 140/39/1327 643/71/1327
f 739/73/1328 637/107/1328 137/74/1328
f 659/76/1329 695/1105/1329 693/66/1329
f 698/77/1330 697/82/1330 699/78/1330
f 700/79/1331 659/76/1331 660/70/1331
f 698/77/1332 660/70/1332 138/63/1332
f 439/75/1333 137/74/1333 658/81/1333
f 440/80/1334 439/75/1334 697/82/1334
f 442/69/1335 139/51/1335 641/83/1335
f 743/85/1336 635/118/1336 136/86/1336
f 657/88/1337 699/78/1337 697/82/1337
f 702/89/1338 701/94/1338 703/90/1338
f 704/91/1339 657/88/1339 658/81/1339
f 702/89/1340 658/81/1340 137/74/1340
f 437/87/1341 136/86/1341 656/93/1341
f 438/92/1342 437/87/1342 701/94/1342
f 440/80/1343 138/63/1343 639/95/1343
f 633/97/1344 135/1004/1344 435/98/1344
f 655/100/1345 703/90/1345 701/94/1345
f 706/101/1346 705/106/1346 707/102/1346
f 708/103/1347 655/100/1347 656/93/1347
f 706/101/1348 656/93/1348 136/86/1348
f 435/98/1349 135/1004/1349 654/105/1349
f 436/104/1350 435/98/1350 705/106/1350
f 438/92/1351 137/74/1351 637/107/1351
f 755/109/1352 629/145/1352 133/110/1352
f 653/112/1353 707/102/1353 705/106/1353
f 709/113/1354 711/1026/1354 712/114/1354
f 653/112/1355 654/105/1355 710/115/1355
f 654/105/1356 135/1004/1356 434/116/1356
f 433/117/1357 709/113/1357 710/115/1357
f 436/104/1358 136/86/1358 635/118/1358
f 714/120/1359 713/128/1359 715/121/1359
f 715/121/1360 649/36/1360 143/123/1360
f 714/120/1361 652/126/1361 134/124/1361
f 716/122/1362 651/130/1362 652/126/1362
f 429/111/1363 133/110/1363 650/127/1363
f 720/37/1364 649/36/1364 650/127/1364
f 430/125/1365 429/111/1365 713/128/1365
f 651/130/1366 1115/1007/1366 1113/131/1366
f 649/36/1367 715/121/1367 713/128/1367
f 718/129/1368 717/137/1368 719/22/1368
f 718/129/1369 650/127/1369 133/110/1369
f 759/133/1370 627/154/1370 132/134/1370
f 427/135/1371 132/134/1371 648/136/1371
f 428/132/1372 427/135/1372 717/137/1372
f 763/138/1373 625/163/1373 131/139/1373
f 647/48/1374 719/22/1374 717/137/1374
f 722/141/1375 721/144/1375 723/26/1375
f 724/49/1376 647/48/1376 648/136/1376
f 722/141/1377 648/136/1377 132/134/1377
f 425/140/1378 131/139/1378 646/143/1378
f 426/142/1379 425/140/1379 721/144/1379
f 428/132/1380 133/110/1380 629/145/1380
f 767/147/1381 623/172/1381 130/148/1381
f 645/60/1382 723/26/1382 721/144/1382
f 726/150/1383 725/153/1383 727/38/1383
f 728/61/1384 645/60/1384 646/143/1384
f 726/150/1385 646/143/1385 131/139/1385
f 423/149/1386 130/148/1386 644/152/1386
f 424/151/1387 423/149/1387 725/153/1387
f 426/142/1388 132/134/1388 627/154/1388
f 771/156/1389 621/181/1389 129/157/1389
f 643/71/1390 727/38/1390 725/153/1390
f 730/159/1391 729/162/1391 731/50/1391
f 732/72/1392 643/71/1392 644/152/1392
f 730/159/1393 644/152/1393 130/148/1393
f 421/158/1394 129/157/1394 642/161/1394
f 422/160/1395 421/158/1395 729/162/1395
f 424/151/1396 131/139/1396 625/163/1396
f 775/165/1397 619/190/1397 128/166/1397
f 641/83/1398 731/50/1398 729/162/1398
f 734/168/1399 733/171/1399 735/62/1399
f 736/84/1400 641/83/1400 642/161/1400
f 734/168/1401 642/161/1401 129/157/1401
f 419/167/1402 128/166/1402 640/170/1402
f 420/169/1403 419/167/1403 733/171/1403
f 422/160/1404 130/148/1404 623/172/1404
f 779/174/1405 617/202/1405 127/175/1405
f 639/95/1406 735/62/1406 733/171/1406
f 738/177/1407 737/180/1407 739/73/1407
f 740/96/1408 639/95/1408 640/170/1408
f 738/177/1409 640/170/1409 128/166/1409
f 417/176/1410 127/175/1410 638/179/1410
f 418/178/1411 417/176/1411 737/180/1411
f 420/169/1412 129/157/1412 621/181/1412
f 783/183/1413 615/213/1413 126/184/1413
f 637/107/1414 739/73/1414 737/180/1414
f 742/186/1415 741/189/1415 743/85/1415
f 744/108/1416 637/107/1416 638/179/1416
f 742/186/1417 638/179/1417 127/175/1417
f 415/185/1418 126/184/1418 636/188/1418
f 416/187/1419 415/185/1419 741/189/1419
f 418/178/1420 128/166/1420 619/190/1420
f 613/192/1421 125/201/1421 413/193/1421
f 635/118/1422 743/85/1422 741/189/1422
f 745/195/1423 747/99/1423 748/119/1423
f 748/119/1424 635/118/1424 636/188/1424
f 746/196/1425 636/188/1425 126/184/1425
f 749/198/1426 751/1003/1426 752/199/1426
f 125/201/1427 634/204/1427 745/195/1427
f 413/193/1428 745/195/1428 746/196/1428
f 416/187/1429 127/175/1429 617/202/1429
f 634/204/1430 633/97/1430 747/99/1430
f 795/205/1431 609/242/1431 123/206/1431
f 633/97/1432 634/204/1432 750/200/1432
f 634/204/1433 125/201/1433 412/208/1433
f 1123/209/1434 387/1008/1434 388/210/1434
f 411/212/1435 749/198/1435 750/200/1435
f 414/197/1436 126/184/1436 615/213/1436
f 754/215/1437 753/224/1437 755/109/1437
f 430/125/1438 134/124/1438 631/217/1438
f 1119/218/1439 409/995/1439 410/219/1439
f 754/215/1440 632/222/1440 124/220/1440
f 756/216/1441 631/217/1441 632/222/1441
f 407/207/1442 123/206/1442 630/223/1442
f 760/146/1443 629/145/1443 630/223/1443
f 408/221/1444 407/207/1444 753/224/1444
f 631/217/1445 1119/218/1445 1117/1/1445
f 1135/226/1446 551/606/1446 94/227/1446
f 629/145/1447 755/109/1447 753/224/1447
f 758/225/1448 757/234/1448 759/133/1448
f 758/225/1449 630/223/1449 123/206/1449
f 799/230/1450 607/251/1450 122/231/1450
f 405/232/1451 122/231/1451 628/233/1451
f 406/229/1452 405/232/1452 757/234/1452
f 803/235/1453 605/260/1453 121/236/1453
f 627/154/1454 759/133/1454 757/234/1454
f 762/238/1455 761/241/1455 763/138/1455
f 764/155/1456 627/154/1456 628/233/1456
f 762/238/1457 628/233/1457 122/231/1457
f 403/237/1458 121/236/1458 626/240/1458
f 404/239/1459 403/237/1459 761/241/1459
f 406/229/1460 123/206/1460 609/242/1460
f 807/244/1461 603/269/1461 120/245/1461
f 625/163/1462 763/138/1462 761/241/1462
f 766/247/1463 765/250/1463 767/147/1463
f 768/164/1464 625/163/1464 626/240/1464
f 766/247/1465 626/240/1465 121/236/1465
f 401/246/1466 120/245/1466 624/249/1466
f 402/248/1467 401/246/1467 765/250/1467
f 404/239/1468 122/231/1468 607/251/1468
f 811/253/1469 601/278/1469 119/254/1469
f 623/172/1470 767/147/1470 765/250/1470
f 770/256/1471 769/259/1471 771/156/1471
f 772/173/1472 623/172/1472 624/249/1472
f 770/256/1473 624/249/1473 120/245/1473
f 399/255/1474 119/254/1474 622/258/1474
f 400/257/1475 399/255/1475 769/259/1475
f 402/248/1476 121/236/1476 605/260/1476
f 815/262/1477 599/287/1477 118/263/1477
f 621/181/1478 771/156/1478 769/259/1478
f 774/265/1479 773/268/1479 775/165/1479
f 776/182/1480 621/181/1480 622/258/1480
f 774/265/1481 622/258/1481 119/254/1481
f 397/264/1482 118/263/1482 620/267/1482
f 398/266/1483 397/264/1483 773/268/1483
f 400/257/1484 120/245/1484 603/269/1484
f 597/271/1485 117/276/1485 395/272/1485
f 619/190/1486 775/165/1486 773/268/1486
f 778/274/1487 777/277/1487 779/174/1487
f 780/191/1488 619/190/1488 620/267/1488
f 778/274/1489 620/267/1489 118/263/1489
f 117/276/1490 618/283/1490 777/277/1490
f 396/275/1491 395/272/1491 777/277/1491
f 398/266/1492 119/254/1492 601/278/1492
f 823/280/1493 595/309/1493 116/281/1493
f 617/202/1494 779/174/1494 777/277/1494
f 781/284/1495 783/183/1495 784/203/1495
f 784/203/1496 617/202/1496 618/283/1496
f 618/283/1497 117/276/1497 394/286/1497
f 116/281/1498 616/292/1498 781/284/1498
f 393/282/1499 781/284/1499 782/285/1499
f 396/275/1500 118/263/1500 599/287/1500
f 827/289/1501 593/397/1501 115/290/1501
f 616/292/1502 615/213/1502 783/183/1502
f 786/293/1503 785/299/1503 787/194/1503
f 615/213/1504 616/292/1504 786/293/1504
f 616/292/1505 116/281/1505 392/294/1505
f 790/295/1506 789/308/1506 791/296/1506
f 391/291/1507 115/290/1507 614/298/1507
f 392/294/1508 391/291/1508 785/299/1508
f 394/286/1509 117/276/1509 597/271/1509
f 613/192/1510 787/194/1510 785/299/1510
f 835/301/1511 589/339/1511 113/302/1511
f 792/297/1512 613/192/1512 614/298/1512
f 790/295/1513 614/298/1513 115/290/1513
f 1127/305/1514 365/960/1514 366/306/1514
f 390/304/1515 389/411/1515 789/308/1515
f 392/294/1516 116/281/1516 595/309/1516
f 794/311/1517 793/317/1517 795/205/1517
f 791/296/1518 411/212/1518 412/208/1518
f 792/297/1519 412/208/1519 125/201/1519
f 794/311/1520 612/315/1520 114/313/1520
f 796/312/1521 611/1017/1521 612/315/1521
f 385/303/1522 113/302/1522 610/316/1522
f 800/243/1523 609/242/1523 610/316/1523
f 386/314/1524 385/303/1524 793/317/1524
f 612/315/1525 611/1017/1525 1123/209/1525
f 1139/320/1526 531/701/1526 84/321/1526
f 609/242/1527 795/205/1527 793/317/1527
f 798/318/1528 797/330/1528 799/230/1528
f 1125/323/1529 1127/305/1529 1128/307/1529
f 798/318/1530 610/316/1530 113/302/1530
f 587/326/1531 112/335/1531 383/327/1531
f 383/327/1532 112/335/1532 608/329/1532
f 384/325/1533 383/327/1533 797/330/1533
f 585/331/1534 111/345/1534 381/332/1534
f 607/251/1535 799/230/1535 797/330/1535
f 802/334/1536 801/338/1536 803/235/1536
f 804/252/1537 607/251/1537 608/329/1537
f 802/334/1538 608/329/1538 112/335/1538
f 381/332/1539 111/345/1539 606/337/1539
f 382/336/1540 381/332/1540 801/338/1540
f 384/325/1541 113/302/1541 589/339/1541
f 847/341/1542 583/365/1542 110/342/1542
f 605/260/1543 803/235/1543 801/338/1543
f 806/344/1544 805/348/1544 807/244/1544
f 808/261/1545 605/260/1545 606/337/1545
f 806/344/1546 606/337/1546 111/345/1546
f 379/343/1547 110/342/1547 604/347/1547
f 380/346/1548 379/343/1548 805/348/1548
f 844/349/1549 382/336/1549 112/335/1549
f 851/350/1550 581/374/1550 109/351/1550
f 603/269/1551 807/244/1551 805/348/1551
f 810/353/1552 809/356/1552 811/253/1552
f 812/270/1553 603/269/1553 604/347/1553
f 810/353/1554 604/347/1554 110/342/1554
f 377/352/1555 109/351/1555 602/355/1555
f 378/354/1556 377/352/1556 809/356/1556
f 848/357/1557 380/346/1557 111/345/1557
f 855/358/278 579/383/278 108/359/278
f 601/278/1558 811/253/1558 809/356/1558
f 814/361/1559 813/364/1559 815/262/1559
f 816/279/1560 601/278/1560 602/355/1560
f 814/361/1561 602/355/1561 109/351/1561
f 375/360/1562 108/359/1562 600/363/1562
f 376/362/1563 375/360/1563 813/364/1563
f 378/354/1564 110/342/1564 583/365/1564
f 859/367/1565 577/395/1565 107/368/1565
f 599/287/1566 815/262/1566 813/364/1566
f 817/370/1567 819/273/1567 820/288/1567
f 820/288/1568 599/287/1568 600/363/1568
f 818/371/1569 600/363/1569 108/359/1569
f 373/369/1570 107/368/1570 598/373/1570
f 374/372/1571 373/369/1571 817/370/1571
f 376/362/1572 109/351/1572 581/374/1572
f 863/376/1573 575/406/1573 106/377/1573
f 597/271/1574 819/273/1574 817/370/1574
f 822/379/1575 821/382/1575 823/280/1575
f 824/300/1576 597/271/1576 598/373/1576
f 822/379/1577 598/373/1577 107/368/1577
f 371/378/1578 106/377/1578 596/381/1578
f 372/380/1579 371/378/1579 821/382/1579
f 374/372/1580 108/359/1580 579/383/1580
f 867/385/1581 573/494/1581 105/386/1581
f 595/309/1582 823/280/1582 821/382/1582
f 826/388/1583 825/394/1583 827/289/1583
f 828/310/1584 595/309/1584 596/381/1584
f 826/388/1585 596/381/1585 106/377/1585
f 830/390/1586 829/405/1586 831/391/1586
f 369/387/1587 105/386/1587 594/393/1587
f 370/389/1588 369/387/1588 825/394/1588
f 372/380/1589 107/368/1589 577/395/1589
f 593/397/1590 827/289/1590 825/394/1590
f 569/398/1591 103/415/1591 363/399/1591
f 832/392/1592 593/397/1592 594/393/1592
f 830/390/1593 594/393/1593 105/386/1593
f 343/402/1594 344/1010/1594 1132/403/1594
f 368/401/1595 367/505/1595 829/405/1595
f 370/389/1596 106/377/1596 575/406/1596
f 833/408/1597 835/301/1597 836/409/1597
f 389/411/1598 390/304/1598 832/392/1598
f 390/304/1599 115/290/1599 593/397/1599
f 834/410/1600 592/414/1600 104/412/1600
f 836/409/1601 591/1005/1601 592/414/1601
f 103/415/1602 590/420/1602 833/408/1602
f 589/339/1603 590/420/1603 838/416/1603
f 363/399/1604 833/408/1604 834/410/1604
f 592/414/1605 591/1005/1605 1127/305/1605
f 1143/417/1606 511/793/1606 74/418/1606
f 590/420/1607 589/339/1607 835/301/1607
f 837/421/1608 839/328/1608 840/340/1608
f 1130/422/1609 1129/511/1609 1131/404/1609
f 590/420/1610 103/415/1610 362/423/1610
f 567/424/1611 102/427/1611 361/425/1611
f 102/427/1612 588/431/1612 837/421/1612
f 361/425/1613 837/421/1613 838/416/1613
f 565/428/1614 101/435/1614 359/429/1614
f 588/431/1615 587/326/1615 839/328/1615
f 841/432/1616 843/333/1616 844/349/1616
f 587/326/1617 588/431/1617 842/433/1617
f 588/431/1618 102/427/1618 360/434/1618
f 101/435/1619 586/440/1619 841/432/1619
f 359/429/1620 841/432/1620 842/433/1620
f 880/436/1621 362/423/1621 103/415/1621
f 563/437/1622 100/444/1622 357/438/1622
f 586/440/1623 585/331/1623 843/333/1623
f 845/441/1624 847/341/1624 848/357/1624
f 585/331/1625 586/440/1625 846/442/1625
f 586/440/1626 101/435/1626 358/443/1626
f 100/444/1627 584/449/1627 845/441/1627
f 357/438/1628 845/441/1628 846/442/1628
f 884/445/1629 360/434/1629 102/427/1629
f 561/446/1630 99/453/1630 355/447/1630
f 584/449/1631 583/365/1631 847/341/1631
f 849/450/1632 851/350/1632 852/366/1632
f 583/365/1633 584/449/1633 850/451/1633
f 584/449/1634 100/444/1634 356/452/1634
f 99/453/1635 582/458/1635 849/450/1635
f 355/447/1636 849/450/1636 850/451/1636
f 888/454/1637 358/443/1637 101/435/1637
f 559/455/1638 98/462/1638 353/456/1638
f 582/458/1639 581/374/1639 851/350/1639
f 853/459/1640 855/358/1640 856/375/1640
f 581/374/1641 582/458/1641 854/460/1641
f 582/458/1642 99/453/1642 354/461/1642
f 98/462/1643 580/467/1643 853/459/1643
f 353/456/1644 853/459/1644 854/460/1644
f 892/463/1645 356/452/1645 100/444/1645
f 557/464/1646 97/471/1646 351/465/1646
f 580/467/1647 579/383/1647 855/358/1647
f 857/468/1648 859/367/1648 860/384/1648
f 860/384/1649 579/383/1649 580/467/1649
f 580/467/1650 98/462/1650 352/470/1650
f 97/471/1651 578/476/1651 857/468/1651
f 351/465/1652 857/468/1652 858/469/1652
f 896/472/1653 354/461/1653 99/453/1653
f 555/473/1654 96/480/1654 349/474/1654
f 578/476/1655 577/395/1655 859/367/1655
f 861/477/1656 863/376/1656 864/396/1656
f 577/395/1657 578/476/1657 862/478/1657
f 578/476/1658 97/471/1658 350/479/1658
f 96/480/1659 576/485/1659 861/477/1659
f 349/474/1660 861/477/1660 862/478/1660
f 900/481/1661 352/470/1661 98/462/1661
f 907/482/1662 553/589/1662 95/483/1662
f 575/406/1663 863/376/1663 861/477/1663
f 866/486/1664 865/492/1664 867/385/1664
f 868/407/1665 575/406/1665 576/485/1665
f 576/485/1666 96/480/1666 348/487/1666
f 870/488/1667 869/500/1667 871/489/1667
f 347/484/1668 95/483/1668 574/491/1668
f 348/487/1669 347/484/1669 865/492/1669
f 904/493/1670 350/479/1670 97/471/1670
f 573/494/1671 867/385/1671 865/492/1671
f 549/495/1672 93/509/1672 341/496/1672
f 872/490/1673 573/494/1673 574/491/1673
f 870/488/1674 574/491/1674 95/483/1674
f 321/228/1675 322/1011/1675 1136/499/1675
f 346/498/1676 345/601/1676 869/500/1676
f 908/501/1677 348/487/1677 96/480/1677
f 873/502/1678 875/400/1678 876/503/1678
f 367/505/1679 368/401/1679 872/490/1679
f 368/401/1680 105/386/1680 573/494/1680
f 572/506/1681 94/227/1681 342/507/1681
f 571/508/1682 572/506/1682 874/504/1682
f 93/509/1683 570/515/1683 873/502/1683
f 569/398/1684 570/515/1684 878/510/1684
f 341/496/1685 873/502/1685 874/504/1685
f 571/508/1686 1131/404/1686 1129/511/1686
f 491/512/1687 64/1012/1687 255/513/1687
f 570/515/1688 569/398/1688 875/400/1688
f 877/516/1689 879/426/1689 880/436/1689
f 1134/517/1690 1133/607/1690 1135/226/1690
f 570/515/1691 93/509/1691 340/518/1691
f 547/519/1692 92/522/1692 339/520/1692
f 92/522/1693 568/526/1693 877/516/1693
f 339/520/1694 877/516/1694 878/510/1694
f 545/523/1695 91/530/1695 337/524/1695
f 568/526/1696 567/424/1696 879/426/1696
f 881/527/1697 883/430/1697 884/445/1697
f 567/424/1698 568/526/1698 882/528/1698
f 568/526/1699 92/522/1699 338/529/1699
f 91/530/1700 566/535/1700 881/527/1700
f 337/524/1701 881/527/1701 882/528/1701
f 920/531/1702 340/518/1702 93/509/1702
f 543/532/1703 90/539/1703 335/533/1703
f 566/535/1704 565/428/1704 883/430/1704
f 885/536/1705 887/439/1705 888/454/1705
f 565/428/1706 566/535/1706 886/537/1706
f 566/535/1707 91/530/1707 336/538/1707
f 90/539/1708 564/544/1708 885/536/1708
f 335/533/1709 885/536/1709 886/537/1709
f 924/540/1710 338/529/1710 92/522/1710
f 541/541/1711 89/548/1711 333/542/1711
f 564/544/1712 563/437/1712 887/439/1712
f 889/545/1713 891/448/1713 892/463/1713
f 563/437/1714 564/544/1714 890/546/1714
f 564/544/1715 90/539/1715 334/547/1715
f 89/548/1716 562/553/1716 889/545/1716
f 333/542/1717 889/545/1717 890/546/1717
f 928/549/1718 336/538/1718 91/530/1718
f 539/550/1719 88/557/1719 331/551/1719
f 562/553/1720 561/446/1720 891/448/1720
f 893/554/1721 895/457/1721 896/472/1721
f 561/446/1722 562/553/1722 894/555/1722
f 562/553/1723 89/548/1723 332/556/1723
f 88/557/1724 560/562/1724 893/554/1724
f 331/551/1725 893/554/1725 894/555/1725
f 932/558/1726 334/547/1726 90/539/1726
f 537/559/1727 87/573/1727 329/560/1727
f 560/562/1728 559/455/1728 895/457/1728
f 898/563/1729 897/566/1729 899/466/1729
f 559/455/1730 560/562/1730 898/563/1730
f 560/562/1731 88/557/1731 330/564/1731
f 329/560/1732 87/573/1732 558/565/1732
f 329/560/1733 897/566/1733 898/563/1733
f 936/567/1734 332/556/1734 89/548/1734
f 535/568/1735 86/575/1735 327/569/1735
f 557/464/1736 899/466/1736 897/566/1736
f 901/571/1737 903/475/1737 904/493/1737
f 557/464/1738 558/565/1738 902/572/1738
f 902/572/1739 558/565/1739 87/573/1739
f 86/575/1740 556/580/1740 901/571/1740
f 327/569/1741 901/571/1741 902/572/1741
f 940/576/1742 330/564/1742 88/557/1742
f 533/577/1743 85/587/1743 325/578/1743
f 556/580/1744 555/473/1744 903/475/1744
f 905/581/1745 907/482/1745 908/501/1745
f 555/473/1746 556/580/1746 906/582/1746
f 556/580/1747 86/575/1747 326/583/1747
f 910/584/1748 909/1077/1748 911/585/1748
f 85/587/1749 554/590/1749 905/581/1749
f 325/578/1750 905/581/1750 906/582/1750
f 328/574/1751 87/573/1751 537/559/1751
f 553/589/1752 907/482/1752 905/581/1752
f 529/591/1753 83/604/1753 319/592/1753
f 912/586/1754 553/589/1754 554/590/1754
f 554/590/1755 85/587/1755 324/594/1755
f 299/322/1756 300/1013/1756 1140/595/1756
f 323/596/1757 909/1077/1757 910/584/1757
f 948/597/1758 326/583/1758 86/575/1758
f 913/598/1759 915/497/1759 916/599/1759
f 345/601/1760 346/498/1760 912/586/1760
f 346/498/1761 95/483/1761 553/589/1761
f 914/600/1762 552/603/1762 84/321/1762
f 916/599/1763 551/606/1763 552/603/1763
f 83/604/1764 550/611/1764 913/598/1764
f 549/495/1765 550/611/1765 918/605/1765
f 319/592/1766 913/598/1766 914/600/1766
f 551/606/1767 1135/226/1767 1133/607/1767
f 471/608/1768 54/1016/1768 233/609/1768
f 550/611/1769 549/495/1769 915/497/1769
f 917/612/1770 919/521/1770 920/531/1770
f 1138/613/1771 1137/702/1771 1139/320/1771
f 550/611/1772 83/604/1772 318/614/1772
f 527/615/1773 82/618/1773 317/616/1773
f 82/618/1774 548/622/1774 917/612/1774
f 317/616/1775 917/612/1775 918/605/1775
f 963/619/1776 525/643/1776 81/620/1776
f 548/622/1777 547/519/1777 919/521/1777
f 921/623/1778 923/525/1778 924/540/1778
f 547/519/1779 548/622/1779 922/624/1779
f 548/622/1780 82/618/1780 316/625/1780
f 315/621/1781 81/620/1781 546/626/1781
f 315/621/1782 921/623/1782 922/624/1782
f 960/627/1783 318/614/1783 83/604/1783
f 967/628/1784 523/654/1784 80/629/1784
f 546/626/1785 545/523/1785 923/525/1785
f 925/631/1786 927/534/1786 928/549/1786
f 545/523/1787 546/626/1787 926/632/1787
f 926/632/1788 546/626/1788 81/620/1788
f 313/630/1789 80/629/1789 544/634/1789
f 314/633/1790 313/630/1790 925/631/1790
f 964/635/1791 316/625/1791 82/618/1791
f 521/636/1792 79/642/1792 311/637/1792
f 543/532/1793 927/534/1793 925/631/1793
f 929/639/1794 931/543/1794 932/558/1794
f 932/558/1795 543/532/1795 544/634/1795
f 930/640/1796 544/634/1796 80/629/1796
f 79/642/1797 542/648/1797 929/639/1797
f 311/637/1798 929/639/1798 930/640/1798
f 314/633/1799 81/620/1799 525/643/1799
f 519/645/1800 78/652/1800 309/646/1800
f 542/648/1801 541/541/1801 931/543/1801
f 933/649/1802 935/552/1802 936/567/1802
f 541/541/1803 542/648/1803 934/650/1803
f 542/648/1804 79/642/1804 310/651/1804
f 78/652/1805 540/658/1805 933/649/1805
f 309/646/1806 933/649/1806 934/650/1806
f 972/653/1807 312/641/1807 80/629/1807
f 517/655/1808 77/662/1808 307/656/1808
f 540/658/1809 539/550/1809 935/552/1809
f 937/659/1810 939/561/1810 940/576/1810
f 539/550/1811 540/658/1811 938/660/1811
f 540/658/1812 78/652/1812 308/661/1812
f 77/662/1813 538/667/1813 937/659/1813
f 307/656/1814 937/659/1814 938/660/1814
f 976/663/1815 310/651/1815 79/642/1815
f 515/664/1816 76/671/1816 305/665/1816
f 538/667/1817 537/559/1817 939/561/1817
f 941/668/1818 943/570/1818 944/588/1818
f 537/559/1819 538/667/1819 942/669/1819
f 538/667/1820 77/662/1820 306/670/1820
f 76/671/1821 536/676/1821 941/668/1821
f 305/665/1822 941/668/1822 942/669/1822
f 980/672/1823 308/661/1823 78/652/1823
f 513/673/1824 75/683/1824 303/674/1824
f 536/676/1825 535/568/1825 943/570/1825
f 945/677/1826 947/579/1826 948/597/1826
f 535/568/1827 536/676/1827 946/678/1827
f 536/676/1828 76/671/1828 304/679/1828
f 949/680/1829 951/696/1829 952/681/1829
f 75/683/1830 534/685/1830 945/677/1830
f 303/674/1831 945/677/1831 946/678/1831
f 984/684/1832 306/670/1832 77/662/1832
f 534/685/1833 533/577/1833 947/579/1833
f 509/686/1834 73/699/1834 297/687/1834
f 533/577/1835 534/685/1835 950/682/1835
f 534/685/1836 75/683/1836 302/689/1836
f 277/419/1837 278/1014/1837 1144/690/1837
f 301/691/1838 949/680/1838 950/682/1838
f 988/692/1839 304/679/1839 76/671/1839
f 953/693/1840 955/593/1840 956/694/1840
f 951/696/1841 323/596/1841 324/594/1841
f 952/681/1842 324/594/1842 85/587/1842
f 954/695/1843 532/698/1843 74/418/1843
f 956/694/1844 531/701/1844 532/698/1844
f 73/699/1845 530/703/1845 953/693/1845
f 529/591/1846 530/703/1846 958/700/1846
f 297/687/1847 953/693/1847 954/695/1847
f 531/701/1848 1139/320/1848 1137/702/1848
f 530/703/1849 529/591/1849 955/593/1849
f 957/704/1850 959/617/1850 960/627/1850
f 1142/705/1851 1141/794/1851 1143/417/1851
f 530/703/1852 73/699/1852 296/706/1852
f 999/707/1853 507/726/1853 72/708/1853
f 72/708/1854 528/713/1854 957/704/1854
f 295/709/1855 957/704/1855 958/700/1855
f 1003/710/1856 505/736/1856 71/711/1856
f 528/713/1857 527/615/1857 959/617/1857
f 962/714/1858 961/717/1858 963/619/1858
f 527/615/1859 528/713/1859 962/714/1859
f 528/713/1860 72/708/1860 294/715/1860
f 293/712/1861 71/711/1861 526/716/1861
f 293/712/1862 961/717/1862 962/714/1862
f 1000/718/1863 296/706/1863 73/699/1863
f 503/719/1864 70/733/1864 291/720/1864
f 525/643/1865 963/619/1865 961/717/1865
f 966/722/1866 965/725/1866 967/628/1866
f 968/644/1867 525/643/1867 526/716/1867
f 966/722/1868 526/716/1868 71/711/1868
f 291/720/1869 70/733/1869 524/724/1869
f 292/723/1870 291/720/1870 965/725/1870
f 294/715/1871 72/708/1871 507/726/1871
f 501/728/1872 69/735/1872 289/729/1872
f 523/654/1873 967/628/1873 965/725/1873
f 969/731/1874 971/638/1874 972/653/1874
f 972/653/1875 523/654/1875 524/724/1875
f 970/732/1876 524/724/1876 70/733/1876
f 69/735/1877 522/741/1877 969/731/1877
f 289/729/1878 969/731/1878 970/732/1878
f 292/723/1879 71/711/1879 505/736/1879
f 499/738/1880 68/752/1880 287/739/1880
f 522/741/1881 521/636/1881 971/638/1881
f 973/742/1882 975/647/1882 976/663/1882
f 521/636/1883 522/741/1883 974/743/1883
f 522/741/1884 69/735/1884 288/744/1884
f 287/739/1885 68/752/1885 520/745/1885
f 287/739/1886 973/742/1886 974/743/1886
f 1012/746/1887 290/734/1887 70/733/1887
f 1019/747/1888 497/775/1888 67/748/1888
f 520/745/1889 519/645/1889 975/647/1889
f 977/750/1890 979/657/1890 980/672/1890
f 519/645/1891 520/745/1891 978/751/1891
f 978/751/1892 520/745/1892 68/752/1892
f 285/749/1893 67/748/1893 518/754/1893
f 286/753/1894 285/749/1894 977/750/1894
f 1016/755/1895 288/744/1895 69/735/1895
f 495/756/1896 66/784/1896 283/757/1896
f 518/754/1897 517/655/1897 979/657/1897
f 981/759/1898 983/666/1898 984/684/1898
f 517/655/1899 518/754/1899 982/760/1899
f 982/760/1900 518/754/1900 67/748/1900
f 283/757/1901 66/784/1901 516/762/1901
f 284/761/1902 283/757/1902 981/759/1902
f 286/753/1903 68/752/1903 499/738/1903
f 493/764/1904 65/773/1904 281/765/1904
f 516/762/1905 515/664/1905 983/666/1905
f 985/767/1906 987/675/1906 988/692/1906
f 515/664/1907 516/762/1907 986/768/1907
f 516/762/1908 66/784/1908 282/769/1908
f 989/770/1909 991/788/1909 992/771/1909
f 65/773/1910 514/776/1910 985/767/1910
f 281/765/1911 985/767/1911 986/768/1911
f 1024/774/1912 284/761/1912 67/748/1912
f 514/776/1913 513/673/1913 987/675/1913
f 489/777/1914 63/791/1914 275/778/1914
f 513/673/1915 514/776/1915 990/772/1915
f 514/776/1916 65/773/1916 280/780/1916
f 255/513/1917 256/1015/1917 1148/781/1917
f 279/782/1918 989/770/1918 990/772/1918
f 1028/783/1919 282/769/1919 66/784/1919
f 993/785/1920 995/688/1920 996/786/1920
f 991/788/1921 301/691/1921 302/689/1921
f 992/771/1922 302/689/1922 75/683/1922
f 512/789/1923 64/1012/1923 276/790/1923
f 996/786/1924 511/793/1924 512/789/1924
f 63/791/1925 510/795/1925 993/785/1925
f 509/686/1926 510/795/1926 998/792/1926
f 275/778/1927 993/785/1927 994/787/1927
f 511/793/1928 1143/417/1928 1141/794/1928
f 510/795/1929 509/686/1929 995/688/1929
f 997/796/1930 999/707/1930 1000/718/1930
f 1146/797/1931 1145/884/1931 1147/514/1931
f 510/795/1932 63/791/1932 274/798/1932
f 487/799/1933 62/802/1933 273/800/1933
f 62/802/1934 508/806/1934 997/796/1934
f 273/800/1935 997/796/1935 998/792/1935
f 485/803/1936 61/810/1936 271/804/1936
f 507/726/1937 999/707/1937 997/796/1937
f 1001/807/1938 1003/710/1938 1004/727/1938
f 1004/727/1939 507/726/1939 508/806/1939
f 508/806/1940 62/802/1940 272/809/1940
f 61/810/1941 506/815/1941 1001/807/1941
f 271/804/1942 1001/807/1942 1002/808/1942
f 1040/811/1943 274/798/1943 63/791/1943
f 483/812/1944 60/819/1944 269/813/1944
f 506/815/1945 505/736/1945 1003/710/1945
f 1005/816/1946 1007/721/1946 1008/737/1946
f 505/736/1947 506/815/1947 1006/817/1947
f 506/815/1948 61/810/1948 270/818/1948
f 60/819/1949 504/824/1949 1005/816/1949
f 269/813/1950 1005/816/1950 1006/817/1950
f 1044/820/1951 272/809/1951 62/802/1951
f 481/821/1952 59/828/1952 267/822/1952
f 504/824/1953 503/719/1953 1007/721/1953
f 1009/825/1954 1011/730/1954 1012/746/1954
f 503/719/1955 504/824/1955 1010/826/1955
f 504/824/1956 60/819/1956 268/827/1956
f 59/828/1957 502/833/1957 1009/825/1957
f 267/822/1958 1009/825/1958 1010/826/1958
f 1048/829/1959 270/818/1959 61/810/1959
f 479/830/1960 58/837/1960 265/831/1960
f 502/833/1961 501/728/1961 1011/730/1961
f 1013/834/1962 1015/740/1962 1016/755/1962
f 501/728/1963 502/833/1963 1014/835/1963
f 502/833/1964 59/828/1964 266/836/1964
f 58/837/1965 500/842/1965 1013/834/1965
f 265/831/1966 1013/834/1966 1014/835/1966
f 1052/838/1967 268/827/1967 60/819/1967
f 477/839/1968 57/846/1968 263/840/1968
f 500/842/1969 499/738/1969 1015/740/1969
f 1017/843/1970 1019/747/1970 1020/763/1970
f 499/738/1971 500/842/1971 1018/844/1971
f 500/842/1972 58/837/1972 264/845/1972
f 57/846/1973 498/851/1973 1017/843/1973
f 263/840/1974 1017/843/1974 1018/844/1974
f 1056/847/1975 266/836/1975 59/828/1975
f 475/848/720 56/855/720 261/849/720
f 498/851/1976 497/775/1976 1019/747/1976
f 1021/852/1977 1023/758/1977 1024/774/1977
f 497/775/1978 498/851/1978 1022/853/1978
f 498/851/1979 57/846/1979 262/854/1979
f 56/855/1980 496/860/1980 1021/852/1980
f 261/849/703 1021/852/703 1022/853/703
f 1060/856/1981 264/845/1981 58/837/1981
f 1067/857/1982 473/961/1982 55/858/1982
f 496/860/1983 495/756/1983 1023/758/1983
f 1026/861/1984 1025/867/1984 1027/766/1984
f 495/756/1985 496/860/1985 1026/861/1985
f 496/860/1986 56/855/1986 260/862/1986
f 1029/863/1987 1031/880/1987 1032/864/1987
f 259/859/1988 55/858/1988 494/866/1988
f 259/859/1989 1025/867/1989 1026/861/1989
f 1064/868/1990 262/854/1990 57/846/1990
f 494/866/1991 493/764/1991 1027/766/1991
f 1075/869/1992 469/900/1992 53/870/1992
f 493/764/1993 494/866/1993 1030/865/1993
f 494/866/1994 55/858/1994 258/872/1994
f 1151/610/1995 233/609/1995 234/873/1995
f 257/875/1996 1029/863/1996 1030/865/1996
f 1068/876/1997 260/862/1997 56/855/1997
f 1033/877/1998 1035/779/1998 1036/878/1998
f 1031/880/1999 279/782/1999 280/780/1999
f 1032/864/2000 280/780/2000 65/773/2000
f 492/881/2001 54/1016/2001 254/882/2001
f 491/512/2002 492/881/2002 1034/879/2002
f 53/870/2003 490/886/2003 1033/877/2003
f 489/777/2004 490/886/2004 1038/883/2004
f 253/871/2005 1033/877/2005 1034/879/2005
f 492/881/2006 491/512/2006 1147/514/2006
f 1150/885/2007 1149/970/2007 1151/610/2007
f 490/886/2008 489/777/2008 1035/779/2008
f 1037/887/2009 1039/801/2009 1040/811/2009
f 490/886/2010 53/870/2010 252/888/2010
f 1079/889/2011 467/911/2011 52/890/2011
f 52/890/2012 488/895/2012 1037/887/2012
f 251/891/2013 1037/887/2013 1038/883/2013
f 465/892/2014 51/899/2014 249/893/2014
f 488/895/2015 487/799/2015 1039/801/2015
f 1041/896/2016 1043/805/2016 1044/820/2016
f 487/799/2017 488/895/2017 1042/897/2017
f 488/895/2018 52/890/2018 250/898/2018
f 51/899/2019 486/905/2019 1041/896/2019
f 249/893/2020 1041/896/2020 1042/897/2020
f 252/888/2021 53/870/2021 469/900/2021
f 463/902/2022 50/909/2022 247/903/2022
f 486/905/2023 485/803/2023 1043/805/2023
f 1045/906/2024 1047/814/2024 1048/829/2024
f 485/803/2025 486/905/2025 1046/907/2025
f 486/905/2026 51/899/2026 248/908/2026
f 50/909/2027 484/915/2027 1045/906/2027
f 247/903/2028 1045/906/2028 1046/907/2028
f 1084/910/2029 250/898/2029 52/890/2029
f 461/912/2030 49/919/2030 245/913/2030
f 484/915/2031 483/812/2031 1047/814/2031
f 1049/916/2032 1051/823/2032 1052/838/2032
f 483/812/2033 484/915/2033 1050/917/2033
f 484/915/2034 50/909/2034 246/918/2034
f 49/919/2035 482/924/2035 1049/916/2035
f 245/913/2036 1049/916/2036 1050/917/2036
f 1088/920/2037 248/908/2037 51/899/2037
f 1095/921/2038 459/946/2038 48/922/2038
f 482/924/2039 481/821/2039 1051/823/2039
f 1053/925/2040 1055/832/2040 1056/847/2040
f 481/821/2041 482/924/2041 1054/926/2041
f 482/924/2042 49/919/2042 244/927/2042
f 48/922/2043 480/932/2043 1053/925/2043
f 243/923/2044 1053/925/2044 1054/926/2044
f 1092/928/2045 246/918/2045 50/909/2045
f 457/929/2046 47/936/2046 241/930/2046
f 480/932/2047 479/830/2047 1055/832/2047
f 1057/933/2048 1059/841/2048 1060/856/2048
f 479/830/2049 480/932/2049 1058/934/2049
f 480/932/2050 48/922/2050 242/935/2050
f 47/936/2051 478/941/2051 1057/933/2051
f 241/930/2052 1057/933/2052 1058/934/2052
f 244/927/2053 49/919/2053 461/912/2053
f 455/938/2054 46/945/2054 239/939/2054
f 478/941/2055 477/839/2055 1059/841/2055
f 1061/942/2056 1063/850/2056 1064/868/2056
f 477/839/2057 478/941/2057 1062/943/2057
f 478/941/2058 47/936/2058 240/944/2058
f 46/945/2059 476/951/2059 1061/942/2059
f 239/939/782 1061/942/782 1062/943/782
f 242/935/2060 48/922/2060 459/946/2060
f 453/948/2061 45/958/2061 237/949/2061
f 476/951/2062 475/848/2062 1063/850/2062
f 1065/952/2063 1067/857/2063 1068/876/2063
f 475/848/2064 476/951/2064 1066/953/2064
f 476/951/2065 46/945/2065 238/954/2065
f 1069/955/2066 1071/968/2066 1072/956/2066
f 45/958/2067 474/962/2067 1065/952/2067
f 237/949/2068 1065/952/2068 1066/953/2068
f 1104/959/2069 240/944/2069 47/936/2069
f 1127/305/2070 591/1005/2070 114/313/2070
f 473/961/2071 1067/857/2071 1065/952/2071
f 1072/956/2072 473/961/2072 474/962/2072
f 1070/957/2073 474/962/2073 45/958/2073
f 1074/964/2074 1073/971/2074 1075/869/2074
f 235/966/2075 1069/955/2075 1070/957/2075
f 1108/967/2076 238/954/2076 46/945/2076
f 1071/968/2077 257/875/2077 258/872/2077
f 258/872/2078 55/858/2078 473/961/2078
f 1076/965/2079 471/608/2079 472/969/2079
f 471/608/2080 1151/610/2080 1149/970/2080
f 469/900/2081 1075/869/2081 1073/971/2081
f 1078/973/2082 1077/976/2082 1079/889/2082
f 1082/974/2083 1081/980/2083 1083/894/2083
f 1086/975/2084 1085/982/2084 1087/904/2084
f 467/911/2085 1079/889/2085 1077/976/2085
f 1084/910/2086 467/911/2086 468/977/2086
f 1090/978/2087 1089/986/2087 1091/914/2087
f 466/979/2088 465/892/2088 1083/894/2088
f 465/892/2089 466/979/2089 1086/975/2089
f 1094/981/2090 1093/990/2090 1095/921/2090
f 463/902/2091 1087/904/2091 1085/982/2091
f 1092/928/2092 463/902/2092 464/983/2092
f 1097/984/2093 1099/931/2093 1100/947/2093
f 461/912/2094 1091/914/2094 1089/986/2094
f 1096/937/2095 461/912/2095 462/987/2095
f 1101/988/2096 1103/940/2096 1104/959/2096
f 459/946/2097 1095/921/2097 1093/990/2097
f 1100/947/2098 459/946/2098 460/991/2098
f 1105/992/2099 1107/950/2099 1108/967/2099
f 458/994/2100 457/929/2100 1099/931/2100
f 457/929/2101 458/994/2101 1102/989/2101
f 1119/218/2102 631/217/2102 134/124/2102
f 456/996/2103 455/938/2103 1103/940/2103
f 455/938/2104 456/996/2104 1106/993/2104
f 1113/131/2105 1115/1007/2105 1116/997/2105
f 454/999/2106 453/948/2106 1107/950/2106
f 1110/1000/2107 1109/1021/2107 1111/1001/2107
f 453/948/2108 454/999/2108 1110/1000/2108
f 751/1003/2109 433/117/2109 434/116/2109
f 752/199/2110 434/116/2110 135/1004/2110
f 235/966/2111 236/963/2111 1112/1002/2111
f 1112/1002/2112 236/963/2112 45/958/2112
f 386/314/2113 114/313/2113 591/1005/2113
f 1131/404/2114 571/508/2114 104/412/2114
f 409/995/2115 134/124/2115 652/126/2115
f 409/995/2116 1113/131/2116 1114/998/2116
f 787/194/2117 413/193/2117 414/197/2117
f 431/1006/2118 144/10/2118 672/12/2118
f 144/10/2119 431/1006/2119 1115/1007/2119
f 432/4/2120 1116/997/2120 1115/1007/2120
f 435/98/2121 436/104/2121 748/119/2121
f 364/413/2122 104/412/2122 571/508/2122
f 387/1008/2123 124/220/2123 632/222/2123
f 387/1008/2124 1117/1/2124 1118/3/2124
f 391/291/2125 392/294/2125 828/310/2125
f 916/599/2126 342/507/2126 94/227/2126
f 365/960/2127 114/313/2127 612/315/2127
f 365/960/2128 1121/319/2128 1122/1009/2128
f 369/387/2129 370/389/2129 868/407/2129
f 320/602/2130 84/321/2130 531/701/2130
f 104/412/2131 592/414/2131 1125/323/2131
f 343/402/2132 1125/323/2132 1126/324/2132
f 347/484/2133 348/487/2133 908/501/2133
f 298/697/2134 74/418/2134 511/793/2134
f 321/228/2135 94/227/2135 572/506/2135
f 322/1011/2136 321/228/2136 1129/511/2136
f 947/579/2137 325/578/2137 326/583/2137
f 1036/878/2138 276/790/2138 64/1012/2138
f 299/322/2139 84/321/2139 552/603/2139
f 300/1013/2140 299/322/2140 1133/607/2140
f 987/675/2141 303/674/2141 304/679/2141
f 254/882/2142 54/1016/2142 471/608/2142
f 277/419/2143 74/418/2143 532/698/2143
f 278/1014/2144 277/419/2144 1137/702/2144
f 1027/766/2145 281/765/2145 282/769/2145
f 1080/901/2146 469/900/2146 470/972/2146
f 255/513/2147 64/1012/2147 512/789/2147
f 256/1015/2148 255/513/2148 1141/794/2148
f 1067/857/2149 259/859/2149 260/862/2149
f 54/1016/2150 492/881/2150 1145/884/2150
f 233/609/2151 1145/884/2151 1146/797/2151
f 1107/950/2152 237/949/2152 238/954/2152
f 611/1017/2153 124/220/2153 387/1008/2153
f 408/221/2154 124/220/2154 611/1017/2154
f 452/11/2155 144/10/2155 651/130/2155
f 1154/6/2156 1153/5/2156 1155/1018/2156
f 454/999/2157 14/1063/2157 145/1020/2157
f 1109/1021/2158 1110/1000/2158 145/1020/2158
f 146/1022/2159 1/1668/2159 173/1023/2159
f 709/113/2160 433/117/2160 24/1024/2160
f 711/1026/2161 709/113/2161 147/1025/2161
f 148/1027/2162 2/1669/2162 193/1028/2162
f 671/19/2163 34/1122/2163 149/1029/2163
f 1155/1018/2164 149/1029/2164 150/1030/2164
f 150/1030/2165 4/1670/2165 213/1031/2165
f 234/873/2166 44/1150/2166 151/1032/2166
f 151/1032/2167 152/1033/2167 1150/885/2167
f 152/1033/2168 3/1671/2168 153/1034/2168
f 1149/970/2169 1150/885/2169 153/1034/2169
f 154/1035/2170 5/1036/2170 472/969/2170
f 1074/964/2171 472/969/2171 5/1036/2171
f 1073/971/2172 1074/964/2172 155/1037/2172
f 156/1038/2173 6/1039/2173 470/972/2173
f 1078/973/2174 470/972/2174 6/1039/2174
f 1077/976/2175 1078/973/2175 157/1040/2175
f 158/1041/2176 7/1042/2176 468/977/2176
f 1082/974/2177 468/977/2177 7/1042/2177
f 1081/980/2178 1082/974/2178 159/1043/2178
f 160/1044/2179 8/1045/2179 466/979/2179
f 1086/975/2180 466/979/2180 8/1045/2180
f 1085/982/2181 1086/975/2181 161/1046/2181
f 162/1047/2182 9/1048/2182 464/983/2182
f 1090/978/2183 464/983/2183 9/1048/2183
f 1089/986/2184 1090/978/2184 163/1049/2184
f 164/1050/2185 10/1051/2185 462/987/2185
f 1094/981/2186 462/987/2186 10/1051/2186
f 1093/990/2187 1094/981/2187 165/1052/2187
f 166/1053/2188 11/1054/2188 460/991/2188
f 1098/985/2189 460/991/2189 11/1054/2189
f 1098/985/2190 167/1055/2190 168/1056/2190
f 12/1057/2191 458/994/2191 1097/984/2191
f 458/994/2192 12/1057/2192 169/1058/2192
f 1102/989/2193 169/1058/2193 170/1059/2193
f 13/1060/2194 456/996/2194 1101/988/2194
f 456/996/2195 13/1060/2195 171/1061/2195
f 1106/993/2196 171/1061/2196 172/1062/2196
f 14/1063/2197 454/999/2197 1105/992/2197
f 1109/1021/2198 173/1023/2198 174/1064/2198
f 15/1065/2199 235/966/2199 1111/1001/2199
f 1069/955/2200 235/966/2200 15/1065/2200
f 1071/968/2201 1069/955/2201 175/1066/2201
f 176/1067/2202 16/1068/2202 257/875/2202
f 1029/863/2203 257/875/2203 16/1068/2203
f 1031/880/2204 1029/863/2204 177/1069/2204
f 178/1070/2205 17/1071/2205 279/782/2205
f 989/770/2206 279/782/2206 17/1071/2206
f 991/788/2207 989/770/2207 179/1072/2207
f 180/1073/2208 18/1074/2208 301/691/2208
f 949/680/2209 301/691/2209 18/1074/2209
f 951/696/2210 949/680/2210 181/1075/2210
f 182/1076/2211 19/1078/2211 323/596/2211
f 909/1077/2212 323/596/2212 19/1078/2212
f 909/1077/937 183/1079/937 184/1080/937
f 20/1081/2213 345/601/2213 911/585/2213
f 345/601/2214 20/1081/2214 185/1082/2214
f 869/500/2215 185/1082/2215 186/1083/2215
f 21/1084/2216 367/505/2216 871/489/2216
f 367/505/2217 21/1084/2217 187/1085/2217
f 829/405/2218 187/1085/2218 188/1086/2218
f 22/1087/2219 389/411/2219 831/391/2219
f 389/411/2220 22/1087/2220 189/1088/2220
f 789/308/2221 189/1088/2221 190/1089/2221
f 190/1089/2222 23/1090/2222 411/212/2222
f 749/198/2223 411/212/2223 23/1090/2223
f 751/1003/2224 749/198/2224 191/1091/2224
f 192/1092/2225 24/1024/2225 433/117/2225
f 711/1026/2226 193/1028/2226 194/1093/2226
f 194/1093/2227 25/1094/2227 653/112/2227
f 707/102/2228 653/112/2228 25/1094/2228
f 195/1095/2229 196/1096/2229 708/103/2229
f 196/1096/2230 26/1097/2230 655/100/2230
f 703/90/2231 655/100/2231 26/1097/2231
f 703/90/2232 197/1098/2232 198/1099/2232
f 27/1100/2233 657/88/2233 704/91/2233
f 657/88/2234 27/1100/2234 199/1101/2234
f 699/78/2235 199/1101/2235 200/1102/2235
f 28/1103/2236 659/76/2236 700/79/2236
f 659/76/2237 28/1103/2237 201/1104/2237
f 695/1105/2238 201/1104/2238 202/1106/2238
f 202/1106/2239 29/1672/2239 661/1107/2239
f 661/1107/2240 29/1672/2240 203/1108/2240
f 691/65/2241 203/1108/2241 204/1109/2241
f 30/1110/2242 663/57/2242 692/55/2242
f 663/57/2243 30/1110/2243 205/1111/2243
f 687/53/2244 205/1111/2244 206/1112/2244
f 31/1113/2245 665/45/2245 688/43/2245
f 665/45/2246 31/1113/2246 207/1114/2246
f 683/41/2247 207/1114/2247 208/1115/2247
f 32/1116/2248 667/33/2248 684/31/2248
f 667/33/2249 32/1116/2249 209/1117/2249
f 679/29/2250 209/1117/2250 210/1118/2250
f 33/1119/2251 669/16/2251 680/18/2251
f 669/16/2252 33/1119/2252 211/1120/2252
f 675/8/2253 211/1120/2253 212/1121/2253
f 34/1122/2254 671/19/2254 676/9/2254
f 213/1031/2255 214/1123/2255 1154/6/2255
f 214/1123/2256 35/1124/2256 432/4/2256
f 1116/997/2257 432/4/2257 35/1124/2257
f 215/1125/2258 216/1126/2258 1114/998/2258
f 216/1126/2259 36/1127/2259 410/219/2259
f 1120/2/2260 410/219/2260 36/1127/2260
f 217/1128/2261 218/1129/2261 1118/3/2261
f 218/1129/2262 37/1130/2262 388/210/2262
f 1124/211/2263 388/210/2263 37/1130/2263
f 219/1131/2264 220/1132/2264 1122/1009/2264
f 220/1132/2265 38/1133/2265 366/306/2265
f 1128/307/2266 366/306/2266 38/1133/2266
f 221/1134/2267 222/1135/2267 1126/324/2267
f 222/1135/2268 39/1673/2268 344/1010/2268
f 344/1010/2269 39/1673/2269 223/1136/2269
f 1132/403/2270 223/1136/2270 224/1137/2270
f 1130/422/2271 224/1137/2271 40/1138/2271
f 322/1011/2272 40/1138/2272 225/1139/2272
f 1136/499/2273 225/1139/2273 226/1140/2273
f 1134/517/2274 226/1140/2274 41/1141/2274
f 300/1013/2275 41/1141/2275 227/1142/2275
f 1140/595/2276 227/1142/2276 228/1143/2276
f 1138/613/2277 228/1143/2277 42/1144/2277
f 278/1014/2278 42/1144/2278 229/1145/2278
f 1144/690/2279 229/1145/2279 230/1146/2279
f 1142/705/2280 230/1146/2280 43/1147/2280
f 256/1015/2281 43/1147/2281 231/1148/2281
f 1148/781/2282 231/1148/2282 232/1149/2282
f 1146/797/2283 232/1149/2283 44/1150/2283
f 1103/940/2284 239/939/2284 240/944/2284
f 1099/931/2285 241/930/2285 242/935/2285
f 243/923/2286 244/927/2286 1096/937/2286
f 1091/914/2287 245/913/2287 246/918/2287
f 1087/904/2288 247/903/2288 248/908/2288
f 1083/894/2289 249/893/2289 250/898/2289
f 251/891/2290 252/888/2290 1080/901/2290
f 253/871/2291 254/882/2291 1076/965/2291
f 1063/850/2292 261/849/2292 262/854/2292
f 1059/841/2293 263/840/2293 264/845/2293
f 1055/832/2294 265/831/2294 266/836/2294
f 1051/823/2295 267/822/2295 268/827/2295
f 1047/814/2296 269/813/2296 270/818/2296
f 1043/805/2297 271/804/2297 272/809/2297
f 1039/801/2298 273/800/2298 274/798/2298
f 1035/779/2299 275/778/2299 276/790/2299
f 1023/758/2300 283/757/2300 284/761/2300
f 285/749/2301 286/753/2301 1020/763/2301
f 1015/740/2302 287/739/2302 288/744/2302
f 1011/730/2303 289/729/2303 290/734/2303
f 1007/721/2304 291/720/2304 292/723/2304
f 293/712/2305 294/715/2305 1004/727/2305
f 999/707/2306 295/709/2306 296/706/2306
f 995/688/2307 297/687/2307 298/697/2307
f 983/666/2308 305/665/2308 306/670/2308
f 979/657/2309 307/656/2309 308/661/2309
f 975/647/2310 309/646/2310 310/651/2310
f 971/638/2311 311/637/2311 312/641/2311
f 313/630/2312 314/633/2312 968/644/2312
f 315/621/2313 316/625/2313 964/635/2313
f 959/617/2314 317/616/2314 318/614/2314
f 955/593/2315 319/592/2315 320/602/2315
f 943/570/2316 327/569/2316 328/574/2316
f 939/561/2317 329/560/2317 330/564/2317
f 935/552/2318 331/551/2318 332/556/2318
f 931/543/2319 333/542/2319 334/547/2319
f 927/534/2320 335/533/2320 336/538/2320
f 923/525/2321 337/524/2321 338/529/2321
f 919/521/2322 339/520/2322 340/518/2322
f 915/497/2323 341/496/2323 342/507/2323
f 903/475/2324 349/474/2324 350/479/2324
f 351/465/2325 352/470/2325 900/481/2325
f 895/457/2326 353/456/2326 354/461/2326
f 891/448/2327 355/447/2327 356/452/2327
f 887/439/2328 357/438/2328 358/443/2328
f 883/430/2329 359/429/2329 360/434/2329
f 879/426/2330 361/425/2330 362/423/2330
f 875/400/2331 363/399/2331 364/413/2331
f 371/378/2332 372/380/2332 864/396/2332
f 859/367/2333 373/369/2333 374/372/2333
f 375/360/2334 376/362/2334 856/375/2334
f 377/352/2335 378/354/2335 852/366/2335
f 379/343/2336 380/346/2336 848/357/2336
f 843/333/2337 381/332/2337 382/336/2337
f 839/328/2338 383/327/2338 384/325/2338
f 385/303/2339 386/314/2339 836/409/2339
f 393/282/2340 394/286/2340 824/300/2340
f 819/273/2341 395/272/2341 396/275/2341
f 397/264/2342 398/266/2342 816/279/2342
f 399/255/2343 400/257/2343 812/270/2343
f 401/246/2344 402/248/2344 808/261/2344
f 403/237/2345 404/239/2345 804/252/2345
f 405/232/2346 406/229/2346 800/243/2346
f 407/207/2347 408/221/2347 796/312/2347
f 415/185/2348 416/187/2348 784/203/2348
f 417/176/2349 418/178/2349 780/191/2349
f 419/167/2350 420/169/2350 776/182/2350
f 421/158/2351 422/160/2351 772/173/2351
f 423/149/2352 424/151/2352 768/164/2352
f 425/140/2353 426/142/2353 764/155/2353
f 427/135/2354 428/132/2354 760/146/2354
f 429/111/2355 430/125/2355 756/216/2355
f 1121/319/2356 1123/209/2356 1124/211/2356
f 437/87/2357 438/92/2357 744/108/2357
f 439/75/2358 440/80/2358 740/96/2358
f 441/64/2359 442/69/2359 736/84/2359
f 443/52/2360 444/58/2360 732/72/2360
f 445/40/2361 446/46/2361 728/61/2361
f 447/28/2362 448/34/2362 724/49/2362
f 449/24/2363 450/21/2363 720/37/2363
f 451/13/2364 452/11/2364 716/122/2364
f 1158/1151/1089 1160/1674/1089 1159/1152/1089
f 1160/1154/1090 1162/1157/1090 1161/1155/1090
f 1162/1157/1091 1164/1159/1091 1163/1158/1091
f 1164/1159/1092 1166/1161/1092 1165/1160/1092
f 1166/1161/1093 1168/1163/1093 1167/1162/1093
f 1168/1163/1094 1170/1165/1094 1169/1164/1094
f 1170/1165/1095 1172/1167/1095 1171/1166/1095
f 1172/1167/1096 1174/1169/1096 1173/1168/1096
f 1174/1169/1097 1176/1675/1097 1175/1170/1097
f 1176/1171/1098 1178/1174/1098 1177/1172/1098
f 1178/1174/1099 1180/1176/1099 1179/1175/1099
f 1180/1176/1100 1182/1178/1100 1181/1177/1100
f 1182/1178/1101 1184/1180/1101 1183/1179/1101
f 1184/1180/1102 1186/1182/1102 1185/1181/1102
f 1186/1182/1103 1188/1184/1103 1187/1183/1103
f 1188/1184/1104 1190/1236/1104 1189/1185/1104
f 1190/1186/1105 1192/1189/1105 1191/1187/1105
f 1192/1189/1106 1194/1191/1106 1193/1190/1106
f 1194/1191/1107 1196/1193/1107 1195/1192/1107
f 1196/1193/1108 1198/1195/1108 1197/1194/1108
f 1198/1195/1109 1200/1197/1109 1199/1196/1109
f 1200/1197/1110 1202/1199/1110 1201/1198/1110
f 1202/1199/1111 1204/1201/1111 1203/1200/1111
f 1204/1201/1112 1206/1676/1112 1205/1202/1112
f 1206/1203/1113 1208/1206/1113 1207/1204/1113
f 1208/1206/1114 1210/1208/1114 1209/1207/1114
f 1210/1208/1115 1212/1210/1115 1211/1209/1115
f 1212/1210/1116 1214/1212/1116 1213/1211/1116
f 1214/1212/1117 1216/1214/1117 1215/1213/1117
f 1216/1214/1118 1218/1219/1118 1217/1215/1118
f 1162/1677/1119 1160/1678/1119 1158/1679/1119
f 1158/1679/1119 1220/1680/1119 1218/1681/1119
f 1218/1681/1119 1216/1682/1119 1214/1683/1119
f 1214/1683/1119 1212/1684/1119 1218/1681/1119
f 1212/1684/1119 1210/1216/1119 1218/1681/1119
f 1210/1216/1119 1208/1685/1119 1206/1686/1119
f 1206/1686/1119 1204/1687/1119 1210/1216/1119
f 1204/1687/1119 1202/1688/1119 1210/1216/1119
f 1202/1688/1119 1200/1689/1119 1194/1217/1119
f 1200/1689/1119 1198/1690/1119 1194/1217/1119
f 1198/1690/1119 1196/1691/1119 1194/1217/1119
f 1194/1217/1119 1192/1692/1119 1190/1693/1119
f 1190/1693/1119 1188/1694/1119 1186/1695/1119
f 1186/1695/1119 1184/1696/1119 1182/1697/1119
f 1182/1697/1119 1180/1698/1119 1186/1695/1119
f 1180/1698/1119 1178/1218/1119 1186/1695/1119
f 1178/1218/1119 1176/1699/1119 1170/1700/1119
f 1176/1699/1119 1174/1701/1119 1170/1700/1119
f 1174/1701/1119 1172/1702/1119 1170/1700/1119
f 1170/1700/1119 1168/1703/1119 1162/1677/1119
f 1168/1703/1119 1166/1704/1119 1162/1677/1119
f 1166/1704/1119 1164/1705/1119 1162/1677/1119
f 1162/1677/1119 1158/1679/1119 1210/1216/1119
f 1158/1679/1119 1218/1681/1119 1210/1216/1119
f 1194/1217/1119 1190/1693/1119 1178/1218/1119
f 1190/1693/1119 1186/1695/1119 1178/1218/1119
f 1210/1216/1119 1202/1688/1119 1194/1217/1119
f 1178/1218/1119 1170/1700/1119 1162/1677/1119
f 1162/1677/1119 1210/1216/1119 1178/1218/1119
f 1218/1219/1120 1220/1221/1120 1219/1220/1120
f 1220/1221/1121 1158/1151/1121 1157/1153/1121
f 1219/1223/1122 1157/1706/1122 1159/1707/1122
f 1159/1707/1122 1161/1708/1122 1163/1709/1122
f 1163/1709/1122 1165/1710/1122 1167/1711/1122
f 1167/1711/1122 1169/1712/1122 1171/1713/1122
f 1171/1713/1122 1173/1714/1122 1175/1715/1122
f 1175/1715/1122 1177/1716/1122 1179/1717/1122
f 1179/1717/1122 1181/1718/1122 1187/1224/1122
f 1181/1718/1122 1183/1719/1122 1187/1224/1122
f 1183/1719/1122 1185/1720/1122 1187/1224/1122
f 1187/1224/1122 1189/1721/1122 1191/1722/1122
f 1191/1722/1122 1193/1723/1122 1195/1724/1122
f 1195/1724/1122 1197/1725/1122 1199/1726/1122
f 1199/1726/1122 1201/1727/1122 1203/1728/1122
f 1203/1728/1122 1205/1729/1122 1207/1730/1122
f 1207/1730/1122 1209/1731/1122 1203/1728/1122
f 1209/1731/1122 1211/1222/1122 1203/1728/1122
f 1211/1222/1122 1213/1732/1122 1219/1223/1122
f 1213/1732/1122 1215/1733/1122 1219/1223/1122
f 1215/1733/1122 1217/1734/1122 1219/1223/1122
f 1219/1223/1122 1159/1707/1122 1163/1709/1122
f 1163/1709/1122 1167/1711/1122 1219/1223/1122
f 1167/1711/1122 1171/1713/1122 1219/1223/1122
f 1171/1713/1122 1175/1715/1122 1179/1717/1122
f 1187/1224/1122 1191/1722/1122 1203/1728/1122
f 1191/1722/1122 1195/1724/1122 1203/1728/1122
f 1195/1724/1122 1199/1726/1122 1203/1728/1122
f 1171/1713/1122 1179/1717/1122 1219/1223/1122
f 1179/1717/1122 1187/1224/1122 1219/1223/1122
f 1203/1728/1122 1211/1222/1122 1187/1224/1122
f 1222/1225/1089 1224/1735/1089 1223/1226/1089
f 1224/1156/1090 1226/1155/1090 1225/1228/1090
f 1226/1155/1091 1228/1158/1091 1227/1230/1091
f 1228/1158/1092 1230/1160/1092 1229/1231/1092
f 1230/1160/1093 1232/1162/1093 1231/1232/1093
f 1232/1162/1094 1234/1164/1094 1233/1233/1094
f 1234/1164/1095 1236/1166/1095 1235/1234/1095
f 1236/1166/1096 1238/1168/1096 1237/1235/1096
f 1238/1168/1097 1240/1170/1097 1239/1236/1097
f 1240/1173/1098 1242/1172/1098 1241/1237/1098
f 1242/1172/1099 1244/1175/1099 1243/1239/1099
f 1244/1175/1100 1246/1177/1100 1245/1240/1100
f 1246/1177/1101 1248/1179/1101 1247/1241/1101
f 1248/1179/1102 1250/1181/1102 1249/1242/1102
f 1250/1181/1103 1252/1183/1103 1251/1243/1103
f 1252/1183/1104 1254/1185/1104 1253/1244/1104
f 1254/1188/1105 1256/1187/1105 1255/1245/1105
f 1256/1187/1106 1258/1190/1106 1257/1247/1106
f 1258/1190/1107 1260/1192/1107 1259/1248/1107
f 1260/1192/1108 1262/1194/1108 1261/1249/1108
f 1262/1194/1109 1264/1196/1109 1263/1250/1109
f 1264/1196/1110 1266/1198/1110 1265/1251/1110
f 1266/1198/1111 1268/1200/1111 1267/1252/1111
f 1268/1200/1112 1270/1202/1112 1269/1253/1112
f 1270/1254/1113 1272/1257/1113 1271/1255/1113
f 1272/1257/1114 1274/1258/1114 1273/1189/1114
f 1274/1258/1115 1276/1260/1115 1275/1259/1115
f 1276/1260/1116 1278/1262/1116 1277/1261/1116
f 1278/1262/1117 1280/1264/1117 1279/1263/1117
f 1280/1264/1118 1282/1269/1118 1281/1265/1118
f 1226/1736/1119 1224/1737/1119 1222/1738/1119
f 1222/1738/1119 1284/1739/1119 1282/1740/1119
f 1282/1740/1119 1280/1741/1119 1278/1742/1119
f 1278/1742/1119 1276/1743/1119 1282/1740/1119
f 1276/1743/1119 1274/1266/1119 1282/1740/1119
f 1274/1266/1119 1272/1744/1119 1270/1745/1119
f 1270/1745/1119 1268/1746/1119 1274/1266/1119
f 1268/1746/1119 1266/1747/1119 1274/1266/1119
f 1266/1747/1119 1264/1748/1119 1258/1267/1119
f 1264/1748/1119 1262/1749/1119 1258/1267/1119
f 1262/1749/1119 1260/1750/1119 1258/1267/1119
f 1258/1267/1119 1256/1722/1119 1254/1721/1119
f 1254/1721/1119 1252/1751/1119 1250/1752/1119
f 1250/1752/1119 1248/1753/1119 1246/1754/1119
f 1246/1754/1119 1244/1755/1119 1250/1752/1119
f 1244/1755/1119 1242/1268/1119 1250/1752/1119
f 1242/1268/1119 1240/1756/1119 1234/1757/1119
f 1240/1756/1119 1238/1758/1119 1234/1757/1119
f 1238/1758/1119 1236/1759/1119 1234/1757/1119
f 1234/1757/1119 1232/1760/1119 1226/1736/1119
f 1232/1760/1119 1230/1761/1119 1226/1736/1119
f 1230/1761/1119 1228/1762/1119 1226/1736/1119
f 1226/1736/1119 1222/1738/1119 1274/1266/1119
f 1222/1738/1119 1282/1740/1119 1274/1266/1119
f 1258/1267/1119 1254/1721/1119 1242/1268/1119
f 1254/1721/1119 1250/1752/1119 1242/1268/1119
f 1274/1266/1119 1266/1747/1119 1258/1267/1119
f 1242/1268/1119 1234/1757/1119 1226/1736/1119
f 1226/1736/1119 1274/1266/1119 1242/1268/1119
f 1282/1269/1120 1284/1271/1120 1283/1270/1120
f 1284/1271/1121 1222/1225/1121 1221/1227/1121
f 1283/1274/1122 1221/1738/1122 1223/1737/1122
f 1223/1737/1122 1225/1763/1122 1227/1764/1122
f 1227/1764/1122 1229/1765/1122 1231/1766/1122
f 1231/1766/1122 1233/1767/1122 1235/1768/1122
f 1235/1768/1122 1237/1769/1122 1239/1770/1122
f 1239/1770/1122 1241/1771/1122 1243/1772/1122
f 1243/1772/1122 1245/1773/1122 1251/1272/1122
f 1245/1773/1122 1247/1774/1122 1251/1272/1122
f 1247/1774/1122 1249/1775/1122 1251/1272/1122
f 1251/1272/1122 1253/1776/1122 1255/1777/1122
f 1255/1777/1122 1257/1778/1122 1259/1779/1122
f 1259/1779/1122 1261/1780/1122 1263/1781/1122
f 1263/1781/1122 1265/1782/1122 1267/1273/1122
f 1267/1273/1122 1269/1783/1122 1271/1784/1122
f 1271/1784/1122 1273/1785/1122 1267/1273/1122
f 1273/1785/1122 1275/1786/1122 1267/1273/1122
f 1275/1786/1122 1277/1787/1122 1283/1274/1122
f 1277/1787/1122 1279/1788/1122 1283/1274/1122
f 1279/1788/1122 1281/1789/1122 1283/1274/1122
f 1283/1274/1122 1223/1737/1122 1227/1764/1122
f 1227/1764/1122 1231/1766/1122 1283/1274/1122
f 1231/1766/1122 1235/1768/1122 1283/1274/1122
f 1235/1768/1122 1239/1770/1122 1243/1772/1122
f 1251/1272/1122 1255/1777/1122 1267/1273/1122
f 1255/1777/1122 1259/1779/1122 1267/1273/1122
f 1259/1779/1122 1263/1781/1122 1267/1273/1122
f 1235/1768/1122 1243/1772/1122 1283/1274/1122
f 1243/1772/1122 1251/1272/1122 1283/1274/1122
f 1267/1273/1122 1275/1786/1122 1283/1274/1122
f 1377/1275/1123 1300/1550/1123 1485/1276/1123
f 1488/1278/2365 1331/1489/2365 1464/1279/2365
f 1450/1281/2366 1409/1345/2366 1475/1282/2366
f 1325/1284/1122 1417/1471/1122 1314/1285/1122
f 1383/1287/2367 1293/1567/2367 1472/1288/2367
f 1431/1293/1128 1435/1495/1128 1316/1294/1128
f 1406/1296/2368 1401/1401/2368 1411/1297/2368
f 1298/1299/1123 1286/1790/1123 1299/1300/1123
f 1308/1302/2369 1288/1791/2369 1329/1303/2369
f 1300/1305/2370 1377/1792/2370 1369/1306/2370
f 1421/1308/2371 1316/1445/2371 1416/1298/2371
f 1354/1309/2372 1309/1412/2372 1308/1302/2372
f 1323/1310/2373 1285/1793/2373 1295/1311/2373
f 1398/1313/1123 1466/1372/1123 1467/1314/1123
f 1458/1316/1128 1320/1662/1128 1321/1317/1128
f 1374/1322/1123 1375/1794/1123 1487/1323/1123
f 1439/1325/1128 1430/1795/1128 1315/1326/1128
f 1477/1328/1123 1469/1546/1123 1468/1329/1123
f 1408/1331/1122 1409/1383/1122 1419/1332/1122
f 1396/1334/2374 1400/1796/2374 1294/1335/2374
f 1313/1366/1128 1432/1480/1128 1422/1367/1128
f 1296/1369/1123 1465/1407/1123 1295/1370/1123
f 1466/1372/1123 1474/1626/1123 1475/1373/1123
f 1318/1377/1128 1352/1797/1128 1459/1378/1128
f 1447/1380/1128 1450/1525/1128 1460/1381/1128
f 1409/1383/1122 1408/1331/1122 1394/1384/1122
f 1336/1387/1128 1452/1454/1128 1311/1388/1128
f 1359/1390/2375 1348/1544/2375 1338/1376/2375
f 1303/1392/2376 1463/1406/2376 1332/1393/2376
f 1448/1318/1128 1321/1317/1128 1322/1395/1128
f 1455/1397/1128 1445/1560/1128 1441/1398/1128
f 1406/1296/2377 1388/1441/2377 1381/1400/2377
f 1333/1402/2378 1340/1415/2378 1317/1403/2378
f 1304/1405/2379 1461/1798/2379 1463/1406/2379
f 1393/1312/1122 1407/1444/1122 1324/1409/1122
f 1451/1399/1128 1335/1799/1128 1317/1411/1128
f 1309/1412/2380 1354/1309/2380 1334/1413/2380
f 1355/1417/2381 1340/1415/2381 1333/1402/2381
f 1355/1357/1146 1480/1635/1146 1406/1360/1146
f 1330/1436/2382 1301/1419/2382 1365/1421/2382
f 1482/1438/1123 1379/1800/1123 1380/1439/1123
f 1407/1444/1122 1417/1471/1122 1325/1284/1122
f 1468/1329/1123 1469/1546/1123 1294/1448/1123
f 1440/1450/1128 1437/1526/1128 1428/1451/1128
f 1312/1453/1128 1311/1388/1128 1452/1454/1128
f 1302/1394/2383 1332/1393/2383 1329/1459/2383
f 1481/1301/1123 1473/1545/1123 1297/1461/1123
f 1415/1462/2384 1414/1552/2384 1404/1463/2384
f 1326/1465/1119 1290/1801/1119 1319/1466/1119
f 1343/1468/2385 1337/1511/2385 1339/1469/2385
f 1380/1473/2386 1379/1802/2386 1371/1474/2386
f 1463/1477/1146 1402/1365/1146 1442/1478/1146
f 1312/1453/1128 1442/1455/1128 1432/1480/1128
f 1480/1280/2387 1464/1279/2387 1462/1289/2387
f 1315/1458/2388 1430/1803/2388 1420/1482/2388
f 1476/1483/2389 1410/1348/2389 1449/1484/2389
f 1443/1485/1128 1446/1804/1128 1456/1486/1128
f 1331/1489/2390 1488/1278/2390 1301/1490/2390
f 1367/1492/2391 1357/1512/2391 1358/1493/2391
f 1410/1497/2392 1403/1517/2392 1413/1456/2392
f 1425/1499/1128 1436/1645/1128 1433/1500/1128
f 1375/1502/2393 1374/1805/2393 1367/1492/2393
f 1361/1503/1119 1362/1521/1119 1372/1475/1119
f 1370/1504/2394 1299/1661/2394 1286/1505/2394
f 1399/1507/2395 1395/1385/2395 1394/1384/2395
f 1337/1511/2396 1358/1493/2396 1357/1512/2396
f 1310/1414/2397 1334/1413/2397 1336/1515/2397
f 1396/1334/2398 1385/1336/2398 1403/1517/2398
f 1470/1518/1123 1471/1549/1123 1391/1519/1123
f 1362/1521/1119 1361/1503/1119 1347/1522/1119
f 1351/1524/1128 1350/1806/1128 1457/1382/1128
f 1450/1525/1128 1447/1380/1128 1437/1526/1128
f 1404/1463/2399 1386/1542/2399 1387/1535/2399
f 1479/1541/1123 1478/1548/1123 1486/1324/1123
f 1386/1542/2400 1390/1807/2400 1391/1543/2400
f 1312/1530/1145 1306/1536/1145 1303/1321/1145
f 1348/1544/2401 1352/1808/2401 1318/1374/2401
f 1473/1545/1123 1465/1407/1123 1296/1369/1123
f 1478/1548/1123 1479/1541/1123 1471/1549/1123
f 1414/1552/2402 1415/1462/2402 1425/1553/2402
f 1305/1555/2403 1291/1809/2403 1422/1556/2403
f 1485/1276/1123 1477/1328/1123 1476/1330/1123
f 1384/1558/1123 1461/1798/1123 1304/1405/1123
f 1445/1560/1128 1435/1495/1128 1431/1293/1128
f 1449/1561/1128 1444/1634/1128 1454/1379/1128
f 1381/1400/2404 1388/1441/2404 1293/1443/2404
f 1369/1306/2405 1359/1390/2405 1356/1391/2405
f 1403/1564/2406 1477/1351/2406 1356/1565/2406
f 1419/1332/2407 1429/1810/2407 1428/1577/2407
f 1357/1564/2408 1478/1618/2408 1404/1354/2408
f 1345/1523/1119 1347/1522/1119 1350/1594/1119
f 1474/1587/2409 1408/1342/2409 1447/1584/2409
f 1306/1611/2410 1402/1667/2410 1382/1612/2410
f 1448/1572/2411 1407/1578/2411 1473/1339/2411
f 1483/1440/1123 1475/1373/1123 1474/1626/1123
f 1439/1325/1128 1434/1327/1128 1444/1634/1128
f 1436/1645/1128 1446/1804/1128 1443/1485/1128
f 1355/1417/2412 1353/1418/2412 1363/1437/2412
f 1297/1425/2413 1324/1431/2413 1321/1292/2413
f 1287/1657/2414 1307/1613/2414 1382/1612/2414
f 1464/1643/1145 1353/1646/1145 1441/1362/1145
f 1322/1395/1128 1289/1811/1128 1314/1513/1128
f 1360/1659/1119 1327/1665/1119 1326/1465/1119
f 1320/1662/1128 1458/1316/1128 1319/1510/1128
f 1370/1504/1119 1328/1506/1119 1327/1665/1119
f 1343/1666/1128 1342/1812/1128 1453/1487/1128
f 1358/1354/2415 1446/1627/2415 1405/1357/2415
f 1402/1667/2416 1306/1611/2416 1305/1555/2416
