# Blender 5.0.1
# www.blender.org
o Plane.013
v -10.000388 -0.111139 0.006724
v 10.028964 -0.105221 0.000811
v -9.996914 -0.107646 -19.818134
v 10.040395 -0.116648 -19.827129
v -10.007753 -0.118505 -9.907440
v 0.017245 -0.115734 0.011323
v 10.029219 -0.105476 -9.907440
v 0.017244 -0.123097 -19.833567
v 0.017245 -0.134305 -9.907440
v -9.999743 -0.110493 -4.966879
v 5.009541 -0.094417 -0.009994
v 10.033986 -0.110239 -14.848001
v -4.975051 -0.106519 -19.817001
v -10.004485 -0.115236 -14.848001
v -4.975050 -0.097103 -0.007308
v 10.027386 -0.103640 -4.966879
v 5.009540 -0.103880 -19.814354
v 0.017245 -0.112631 -14.848001
v 0.017245 -0.109298 -4.966879
v -4.975051 -0.142960 -9.907440
v 5.009540 -0.143572 -9.907440
v 5.009540 -0.136836 -4.966879
v -4.975050 -0.141295 -4.966878
v -4.975051 -0.116743 -14.848001
v 5.009540 -0.117622 -14.848001
v -9.989944 -0.100693 -2.496598
v 7.505689 -0.122765 0.018355
v 10.030280 -0.106536 -17.318283
v -7.471199 -0.121065 -19.831551
v -9.981842 -0.092591 -12.377720
v -2.478903 -0.120076 0.015666
v 10.032579 -0.108833 -7.437160
v 2.513392 -0.118536 -19.829021
v 0.017244 -0.135255 -17.318283
v 0.017245 -0.130100 -7.437160
v -7.471199 -0.126136 -9.907440
v 2.513392 -0.136632 -9.907440
v -10.006345 -0.117096 -7.437160
v 2.513393 -0.111687 0.007277
v 10.018132 -0.094388 -12.377721
v -2.478903 -0.126141 -19.836630
v -10.010936 -0.121688 -17.318283
v -7.471199 -0.108659 0.004249
v 10.010735 -0.086992 -2.496598
v 7.505688 -0.118214 -19.828699
v 0.017245 -0.107858 -12.377721
v 0.017245 -0.107821 -2.496598
v -2.478903 -0.121942 -9.907440
v 7.505688 -0.139518 -9.907440
v 5.009540 -0.135365 -7.437160
v 5.009540 -0.108726 -2.496598
v 2.513393 -0.147509 -4.966879
v 7.505688 -0.114330 -4.966879
v -4.975050 -0.140909 -7.437159
v -4.975050 -0.102007 -2.496598
v -7.471199 -0.147875 -4.966878
v -2.478903 -0.106497 -4.966878
v -4.975051 -0.142242 -17.318283
v -4.975051 -0.063308 -12.377720
v -7.471199 -0.123560 -14.848001
v -2.478903 -0.131033 -14.848001
v 5.009540 -0.144128 -17.318283
v 5.009540 -0.077918 -12.377721
v 2.513392 -0.137973 -14.848001
v 7.505688 -0.142289 -14.848001
v 7.505688 -0.081572 -12.377721
v 2.513392 -0.125125 -12.377721
v 2.513392 -0.148592 -17.318283
v -2.478903 -0.075844 -12.377720
v -7.471199 -0.114820 -12.377720
v -7.471199 -0.150606 -17.318283
v -2.478903 -0.085458 -2.496598
v -7.471199 -0.131109 -2.496598
v -7.471199 -0.149169 -7.437159
v 7.505689 -0.077650 -2.496598
v 2.513393 -0.140545 -2.496598
v 2.513393 -0.144336 -7.437160
v 7.505688 -0.147307 -7.437160
v -2.478903 -0.138859 -7.437159
v -2.478903 -0.110344 -17.318283
v 7.505688 -0.122849 -17.318283
v -9.989944 -0.039716 -2.496598
v -10.000389 -0.029272 0.006726
v 7.505689 -0.017643 0.018355
v 10.028964 -0.035187 0.000811
v 10.030280 -0.033873 -17.318283
v 10.040402 -0.023769 -19.827129
v -7.471199 -0.019344 -19.831551
v -9.996913 -0.032756 -19.818130
v -9.981842 -0.047818 -12.377720
v -10.007757 -0.021907 -9.907440
v -2.478903 -0.020333 0.015666
v 0.017245 -0.024675 0.011324
v 10.032579 -0.031576 -7.437160
v 10.029222 -0.034936 -9.907440
v 2.513392 -0.021873 -19.829021
v 0.017244 -0.017329 -19.833584
v 0.017244 -0.005153 -17.318283
v 0.017245 -0.010309 -7.437160
v 0.017245 -0.006103 -9.907440
v -7.471199 -0.014273 -9.907440
v 2.513392 -0.003776 -9.907440
v -10.006346 -0.023314 -7.437160
v -9.999743 -0.029916 -4.966879
v 2.513393 -0.028721 0.007277
v 5.009541 -0.045991 -0.009994
v 10.018132 -0.046021 -12.377721
v 10.033986 -0.030169 -14.848001
v -2.478903 -0.014268 -19.836630
v -4.975051 -0.033889 -19.817001
v -10.010938 -0.018722 -17.318283
v -10.004486 -0.025173 -14.848001
v -7.471199 -0.031749 0.004249
v -4.975050 -0.043306 -0.007308
v 10.010735 -0.053418 -2.496598
v 10.027386 -0.036768 -4.966879
v 7.505688 -0.022191 -19.828695
v 5.009540 -0.036526 -19.814352
v 0.017245 -0.032551 -12.377721
v 0.017245 -0.027778 -14.848001
v 0.017245 -0.032588 -2.496598
v 0.017245 -0.031110 -4.966879
v -2.478903 -0.018467 -9.907440
v -4.975051 0.002552 -9.907440
v 7.505688 -0.000890 -9.907440
v 5.009540 0.003164 -9.907440
v 5.009540 -0.005043 -7.437160
v 5.009540 -0.031683 -2.496598
v 5.009540 -0.003572 -4.966879
v 2.513393 0.007100 -4.966879
v 7.505688 -0.026078 -4.966879
v -4.975050 0.000501 -7.437159
v -4.975050 -0.038402 -2.496598
v -4.975050 0.000887 -4.966878
v -7.471199 0.007467 -4.966878
v -2.478903 -0.033911 -4.966878
v -4.975051 0.001833 -17.318283
v -4.975051 -0.077101 -12.377720
v -4.975051 -0.023666 -14.848001
v -7.471199 -0.016848 -14.848001
v -2.478903 -0.009375 -14.848001
v 5.009540 0.003720 -17.318283
v 5.009540 -0.062491 -12.377721
v 5.009540 -0.022786 -14.848001
v 2.513392 -0.002436 -14.848001
v 7.505688 0.001881 -14.848001
v 7.505688 -0.058837 -12.377721
v 2.513392 -0.015284 -12.377721
v 2.513392 0.008183 -17.318283
v -2.478903 -0.064565 -12.377720
v -7.471199 -0.025588 -12.377720
v -7.471199 0.010198 -17.318283
v -2.478903 -0.054950 -2.496598
v -7.471199 -0.009300 -2.496598
v -7.471199 0.008761 -7.437159
v 7.505689 -0.062758 -2.496598
v 2.513393 0.000137 -2.496598
v 2.513393 0.003928 -7.437160
v 7.505688 0.006898 -7.437160
v -2.478903 -0.001549 -7.437159
v -2.478903 -0.030064 -17.318283
v 7.505688 -0.017559 -17.318283
v -10.009736 -0.120489 -1.879028
v -9.990520 -0.101269 -1.261458
v -10.001363 -0.112115 -0.643888
v 8.129725 -0.118401 0.013990
v 8.753762 -0.080867 -0.023544
v 9.377798 -0.117606 0.013195
v 10.035186 -0.111447 -17.935852
v 10.041379 -0.117648 -18.553423
v 10.027237 -0.103500 -19.170992
v -8.095236 -0.133157 -19.843626
v -8.719273 -0.122550 -19.833019
v -9.343309 -0.110680 -19.821161
v -10.001046 -0.111798 -11.760149
v -10.004065 -0.114815 -11.142580
v -9.999252 -0.110004 -10.525009
v -1.854866 -0.121737 0.017329
v -1.230829 -0.090468 -0.013942
v -0.606792 -0.115390 0.010977
v 10.045933 -0.122185 -8.054729
v 10.046287 -0.122538 -8.672300
v 10.029136 -0.105391 -9.289870
v 1.889355 -0.108752 -19.819233
v 1.265318 -0.125290 -19.835777
v 0.641281 -0.115676 -19.826153
v 0.017244 -0.147520 -17.935852
v 0.017244 -0.137057 -18.553423
v 0.017244 -0.103475 -19.170992
v 0.017245 -0.139680 -8.054729
v 0.017245 -0.141998 -8.672300
v 0.017245 -0.119366 -9.289870
v -8.095235 -0.106351 -9.907439
v -8.719273 -0.156040 -9.907440
v -9.343309 -0.127340 -9.907440
v 1.889355 -0.118882 -9.907440
v 1.265319 -0.158807 -9.907440
v 0.641282 -0.133912 -9.907440
v -9.995697 -0.106449 -6.819589
v -10.002902 -0.113653 -6.202019
v -10.016379 -0.127133 -5.584449
v 3.137430 -0.105034 0.000623
v 3.761467 -0.118683 0.014273
v 4.385503 -0.104298 -0.000113
v 10.030416 -0.106671 -12.995291
v 10.051661 -0.127911 -13.612861
v 10.031899 -0.108153 -14.230431
v -3.102940 -0.094598 -19.805073
v -3.726977 -0.123818 -19.834314
v -4.351014 -0.113575 -19.824064
v -10.013193 -0.123947 -16.700710
v -10.003568 -0.114319 -16.083141
v -10.016181 -0.126935 -15.465570
v -6.847162 -0.122557 0.018147
v -6.223125 -0.114860 0.010449
v -5.599087 -0.108299 0.003888
v 10.034307 -0.110560 -3.114168
v 10.045071 -0.121323 -3.731739
v 10.042611 -0.118863 -4.349309
v 6.881651 -0.108343 -19.818817
v 6.257614 -0.104062 -19.814541
v 5.633577 -0.107452 -19.817932
v 0.017245 -0.115944 -12.995291
v 0.017245 -0.136165 -13.612861
v 0.017245 -0.112516 -14.230431
v 0.017245 -0.138833 -3.114168
v 0.017245 -0.136137 -3.731739
v 0.017245 -0.102109 -4.349309
v -3.102940 -0.108916 -9.907439
v -3.726977 -0.142359 -9.907440
v -4.351014 -0.112391 -9.907440
v 6.881650 -0.093228 -9.907440
v 6.257614 -0.135161 -9.907440
v 5.633577 -0.129704 -9.907440
v 5.009540 -0.107593 -8.054729
v 5.009540 -0.105294 -8.672300
v 5.009540 -0.141137 -9.289870
v 5.009540 -0.144172 -3.114168
v 5.009540 -0.139591 -3.731739
v 5.009540 -0.101198 -4.349309
v 1.889356 -0.092757 -4.966879
v 1.265319 -0.124805 -4.966879
v 0.641282 -0.131040 -4.966879
v 6.881651 -0.133259 -4.966879
v 6.257614 -0.162196 -4.966879
v 5.633577 -0.140041 -4.966879
v -4.975050 -0.108388 -8.054729
v -4.975051 -0.114661 -8.672299
v -4.975051 -0.149997 -9.289869
v -4.975050 -0.140833 -3.114168
v -4.975050 -0.138636 -3.731738
v -4.975050 -0.081722 -4.349308
v -8.095236 -0.076387 -4.966879
v -8.719273 -0.130995 -4.966879
v -9.343309 -0.134300 -4.966879
v -3.102940 -0.137765 -4.966878
v -3.726977 -0.158916 -4.966878
v -4.351013 -0.140251 -4.966878
v -4.975051 -0.126069 -17.935852
v -4.975051 -0.099223 -18.553423
v -4.975051 -0.126429 -19.170992
v -4.975051 -0.115071 -12.995290
v -4.975051 -0.149073 -13.612861
v -4.975051 -0.102937 -14.230431
v -8.095236 -0.126566 -14.848001
v -8.719273 -0.134833 -14.848001
v -9.343309 -0.149179 -14.848001
v -3.102940 -0.132703 -14.848001
v -3.726977 -0.118020 -14.848001
v -4.351014 -0.104070 -14.848001
v 5.009540 -0.147522 -17.935852
v 5.009540 -0.109402 -18.553423
v 5.009540 -0.126132 -19.170992
v 5.009540 -0.121245 -12.995291
v 5.009540 -0.150110 -13.612861
v 5.009540 -0.105374 -14.230431
v 1.889355 -0.124353 -14.848001
v 1.265318 -0.125335 -14.848001
v 0.641281 -0.142781 -14.848001
v 6.881651 -0.130969 -14.848001
v 6.257614 -0.121833 -14.848001
v 5.633577 -0.112134 -14.848001
v -9.994002 -0.104753 -4.349309
v -10.000949 -0.111700 -3.731739
v -10.008139 -0.118891 -3.114169
v 5.633578 -0.108271 0.003860
v 6.257615 -0.112595 0.008184
v 6.881651 -0.128189 0.023778
v 10.030493 -0.106746 -15.465570
v 10.044007 -0.120260 -16.083141
v 10.039548 -0.115800 -16.700710
v -5.599088 -0.123836 -19.834324
v -6.223125 -0.109549 -19.820030
v -6.847161 -0.128072 -19.838570
v -9.981335 -0.092084 -14.230430
v -10.009315 -0.120066 -13.612861
v -10.010903 -0.121657 -12.995290
v -4.351014 -0.095878 -0.008532
v -3.726976 -0.129121 0.024710
v -3.102939 -0.123431 0.019020
v 10.050404 -0.126655 -5.584449
v 10.025951 -0.102206 -6.202019
v 10.040061 -0.116314 -6.819590
v 4.385503 -0.120000 -19.830484
v 3.761466 -0.117756 -19.828249
v 3.137429 -0.118196 -19.828680
v 0.017245 -0.155798 -15.465570
v 0.017245 -0.140831 -16.083141
v 0.017244 -0.146547 -16.700710
v 0.017245 -0.146588 -5.584449
v 0.017245 -0.129374 -6.202019
v 0.017245 -0.103176 -6.819589
v -5.599088 -0.134570 -9.907440
v -6.223125 -0.141617 -9.907440
v -6.847161 -0.134556 -9.907440
v 4.385503 -0.140918 -9.907440
v 3.761466 -0.133834 -9.907440
v 3.137429 -0.130378 -9.907440
v -9.998793 -0.109544 -9.289869
v -10.014556 -0.125309 -8.672299
v -10.008739 -0.119492 -8.054729
v 0.641282 -0.110219 0.005808
v 1.265319 -0.111774 0.007365
v 1.889356 -0.131302 0.026893
v 10.026748 -0.103003 -10.525010
v 10.040801 -0.117054 -11.142580
v 10.043455 -0.119707 -11.760151
v -0.606793 -0.120869 -19.831345
v -1.230829 -0.094736 -19.805212
v -1.854866 -0.122413 -19.832899
v -9.994480 -0.105231 -19.170990
v -10.006171 -0.116923 -18.553423
v -10.016536 -0.127289 -17.935852
v -9.343309 -0.104649 0.000239
v -8.719273 -0.122371 0.017960
v -8.095235 -0.124364 0.019953
v 10.020370 -0.096629 -0.643888
v 10.037747 -0.114015 -1.261458
v 10.039721 -0.115987 -1.879028
v 9.377799 -0.124706 -19.835182
v 8.753762 -0.087718 -19.798187
v 8.129725 -0.129268 -19.839756
v 0.017245 -0.111248 -10.525010
v 0.017245 -0.121822 -11.142580
v 0.017245 -0.125518 -11.760150
v 0.017245 -0.141342 -0.643888
v 0.017245 -0.123868 -1.261458
v 0.017245 -0.139568 -1.879028
v -0.606792 -0.124880 -9.907440
v -1.230829 -0.096946 -9.907440
v -1.854866 -0.123787 -9.907440
v 9.377799 -0.132363 -9.907440
v 8.753762 -0.082102 -9.907440
v 8.129725 -0.141790 -9.907440
v 5.009540 -0.157004 -5.584449
v 5.009540 -0.123811 -6.202019
v 5.009540 -0.114100 -6.819590
v 5.009540 -0.111780 -0.643888
v 5.009541 -0.144736 -1.261458
v 5.009540 -0.144796 -1.879028
v 4.385503 -0.129231 -4.966879
v 3.761467 -0.082514 -4.966879
v 3.137429 -0.115450 -4.966879
v 9.377799 -0.128102 -4.966879
v 8.753762 -0.115021 -4.966879
v 8.129725 -0.113376 -4.966879
v -4.975050 -0.145196 -5.584449
v -4.975050 -0.119735 -6.202019
v -4.975050 -0.104701 -6.819589
v -4.975050 -0.091776 -0.643888
v -4.975050 -0.151454 -1.261458
v -4.975050 -0.155639 -1.879028
v -5.599087 -0.137226 -4.966878
v -6.223125 -0.078461 -4.966878
v -6.847161 -0.092044 -4.966878
v -0.606792 -0.132884 -4.966879
v -1.230829 -0.112673 -4.966879
v -1.854866 -0.152225 -4.966879
v -4.975051 -0.138366 -15.465570
v -4.975051 -0.120157 -16.083141
v -4.975051 -0.108696 -16.700710
v -4.975051 -0.114657 -10.525009
v -4.975051 -0.134866 -11.142580
v -4.975051 -0.138964 -11.760149
v -5.599088 -0.126252 -14.848001
v -6.223125 -0.102342 -14.848001
v -6.847161 -0.102014 -14.848001
v -0.606792 -0.159067 -14.848001
v -1.230829 -0.087809 -14.848001
v -1.854866 -0.145414 -14.848001
v 5.009540 -0.124468 -15.465570
v 5.009540 -0.136746 -16.083141
v 5.009540 -0.121610 -16.700710
v 5.009540 -0.116043 -10.525010
v 5.009540 -0.129092 -11.142580
v 5.009540 -0.129831 -11.760150
v 4.385503 -0.136355 -14.848001
v 3.761466 -0.087355 -14.848001
v 3.137429 -0.098773 -14.848001
v 9.377799 -0.157502 -14.848001
v 8.753762 -0.104485 -14.848001
v 8.129725 -0.144248 -14.848001
v 7.505687 -0.094522 -12.995290
v 7.505688 -0.129218 -13.612861
v 7.505687 -0.116594 -14.230430
v 7.505688 -0.096431 -10.525010
v 7.505688 -0.135430 -11.142580
v 7.505688 -0.154549 -11.760151
v 6.881650 -0.147317 -12.377720
v 6.257614 -0.129218 -12.377721
v 5.633577 -0.098499 -12.377721
v 9.377798 -0.099074 -12.377720
v 8.753762 -0.140237 -12.377721
v 8.129725 -0.119229 -12.377721
v 2.513392 -0.145165 -12.995290
v 2.513392 -0.141015 -13.612861
v 2.513392 -0.112026 -14.230430
v 2.513392 -0.109071 -10.525010
v 2.513392 -0.118103 -11.142580
v 2.513392 -0.131635 -11.760151
v 1.889355 -0.100309 -12.377720
v 1.265319 -0.105460 -12.377721
v 0.641282 -0.136944 -12.377721
v 4.385503 -0.120313 -12.377720
v 3.761466 -0.103783 -12.377721
v 3.137429 -0.125368 -12.377721
v 2.513392 -0.123353 -17.935852
v 2.513392 -0.099188 -18.553423
v 2.513392 -0.113054 -19.170990
v 2.513392 -0.149356 -15.465570
v 2.513392 -0.119457 -16.083141
v 2.513392 -0.130754 -16.700710
v 1.889355 -0.133365 -17.318281
v 1.265318 -0.112870 -17.318283
v 0.641281 -0.136650 -17.318283
v 4.385503 -0.136983 -17.318281
v 3.761466 -0.135988 -17.318283
v 3.137429 -0.133200 -17.318283
v -2.478903 -0.096683 -12.995290
v -2.478903 -0.141000 -13.612861
v -2.478903 -0.126837 -14.230430
v -2.478903 -0.097652 -10.525009
v -2.478903 -0.140123 -11.142580
v -2.478903 -0.151123 -11.760150
v -3.102940 -0.127730 -12.377720
v -3.726977 -0.130225 -12.377720
v -4.351014 -0.085546 -12.377720
v -0.606792 -0.092256 -12.377720
v -1.230829 -0.143045 -12.377721
v -1.854866 -0.128528 -12.377721
v -7.471198 -0.137791 -12.995290
v -7.471199 -0.148679 -13.612861
v -7.471198 -0.115331 -14.230430
v -7.471199 -0.106415 -10.525009
v -7.471199 -0.126740 -11.142580
v -7.471199 -0.132047 -11.760150
v -8.095235 -0.099508 -12.377720
v -8.719273 -0.098213 -12.377720
v -9.343309 -0.141168 -12.377720
v -5.599088 -0.111211 -12.377720
v -6.223125 -0.085385 -12.377720
v -6.847162 -0.118259 -12.377720
v -7.471198 -0.126026 -17.935852
v -7.471199 -0.087204 -18.553423
v -7.471198 -0.111955 -19.170990
v -7.471199 -0.151109 -15.465570
v -7.471199 -0.124082 -16.083141
v -7.471199 -0.120078 -16.700710
v -8.095235 -0.126701 -17.318281
v -8.719273 -0.106914 -17.318283
v -9.343309 -0.117777 -17.318283
v -5.599088 -0.161015 -17.318281
v -6.223125 -0.113550 -17.318283
v -6.847162 -0.114592 -17.318283
v -2.478902 -0.110593 -3.114168
v -2.478903 -0.155444 -3.731738
v -2.478903 -0.069599 -4.349308
v -2.478903 -0.101091 -0.643888
v -2.478903 -0.150214 -1.261458
v -2.478903 -0.132817 -1.879028
v -3.102939 -0.132351 -2.496598
v -3.726976 -0.110718 -2.496598
v -4.351014 -0.089959 -2.496598
v -0.606792 -0.129973 -2.496598
v -1.230829 -0.138917 -2.496598
v -1.854866 -0.136202 -2.496598
v -7.471198 -0.131789 -3.114168
v -7.471199 -0.131042 -3.731738
v -7.471198 -0.113369 -4.349308
v -7.471199 -0.114319 -0.643888
v -7.471199 -0.109769 -1.261458
v -7.471199 -0.106530 -1.879028
v -8.095235 -0.056895 -2.496598
v -8.719273 -0.128838 -2.496598
v -9.343309 -0.132654 -2.496598
v -5.599087 -0.105722 -2.496598
v -6.223125 -0.091068 -2.496598
v -6.847162 -0.125131 -2.496598
v -7.471198 -0.096914 -8.054729
v -7.471199 -0.103765 -8.672299
v -7.471198 -0.145336 -9.289869
v -7.471199 -0.127649 -5.584449
v -7.471199 -0.117493 -6.202019
v -7.471199 -0.134690 -6.819589
v -8.095235 -0.106338 -7.437159
v -8.719273 -0.105698 -7.437159
v -9.343309 -0.131308 -7.437160
v -5.599087 -0.154430 -7.437159
v -6.223125 -0.139835 -7.437159
v -6.847162 -0.129002 -7.437159
v 7.505688 -0.101897 -3.114169
v 7.505689 -0.141257 -3.731739
v 7.505688 -0.084310 -4.349309
v 7.505689 -0.105908 -0.643888
v 7.505689 -0.150139 -1.261458
v 7.505689 -0.130522 -1.879028
v 6.881651 -0.128790 -2.496598
v 6.257614 -0.105842 -2.496598
v 5.633577 -0.086171 -2.496598
v 9.377798 -0.121401 -2.496598
v 8.753762 -0.142375 -2.496598
v 8.129725 -0.131655 -2.496598
v 2.513392 -0.117637 -3.114169
v 2.513393 -0.140828 -3.731739
v 2.513392 -0.111222 -4.349309
v 2.513393 -0.109407 -0.643888
v 2.513393 -0.127813 -1.261458
v 2.513393 -0.109375 -1.879028
v 1.889356 -0.063350 -2.496598
v 1.265319 -0.109333 -2.496598
v 0.641282 -0.132221 -2.496598
v 4.385503 -0.109169 -2.496598
v 3.761467 -0.095732 -2.496598
v 3.137430 -0.128600 -2.496598
v 2.513392 -0.089623 -8.054729
v 2.513392 -0.130114 -8.672300
v 2.513392 -0.120642 -9.289869
v 2.513393 -0.126498 -5.584449
v 2.513393 -0.113167 -6.202019
v 2.513393 -0.122991 -6.819590
v 1.889356 -0.110596 -7.437160
v 1.265319 -0.124031 -7.437160
v 0.641282 -0.129579 -7.437160
v 4.385503 -0.161907 -7.437160
v 3.761467 -0.144787 -7.437160
v 3.137430 -0.145903 -7.437160
v 7.505687 -0.130094 -8.054729
v 7.505688 -0.104190 -8.672300
v 7.505687 -0.148505 -9.289869
v 7.505688 -0.120887 -5.584449
v 7.505688 -0.114861 -6.202019
v 7.505688 -0.138050 -6.819590
v 6.881650 -0.120616 -7.437160
v 6.257614 -0.152914 -7.437160
v 5.633577 -0.148468 -7.437160
v 9.377798 -0.128670 -7.437160
v 8.753762 -0.124126 -7.437160
v 8.129725 -0.148242 -7.437160
v -2.478903 -0.120998 -8.054729
v -2.478903 -0.092482 -8.672299
v -2.478903 -0.141738 -9.289869
v -2.478903 -0.123074 -5.584449
v -2.478903 -0.131842 -6.202019
v -2.478903 -0.139651 -6.819589
v -3.102940 -0.138932 -7.437159
v -3.726977 -0.153224 -7.437159
v -4.351014 -0.141438 -7.437159
v -0.606792 -0.108417 -7.437159
v -1.230829 -0.131212 -7.437160
v -1.854866 -0.155604 -7.437160
v -2.478903 -0.119537 -17.935852
v -2.478903 -0.092673 -18.553423
v -2.478903 -0.122572 -19.170990
v -2.478903 -0.138629 -15.465570
v -2.478903 -0.118243 -16.083141
v -2.478903 -0.142196 -16.700710
v -3.102940 -0.146058 -17.318281
v -3.726977 -0.137224 -17.318283
v -4.351014 -0.136684 -17.318283
v -0.606792 -0.104347 -17.318281
v -1.230829 -0.136694 -17.318283
v -1.854867 -0.160768 -17.318283
v 7.505687 -0.143316 -17.935852
v 7.505688 -0.105552 -18.553423
v 7.505687 -0.109583 -19.170990
v 7.505688 -0.149921 -15.465570
v 7.505688 -0.126128 -16.083141
v 7.505688 -0.137255 -16.700710
v 6.881650 -0.139038 -17.318281
v 6.257614 -0.143163 -17.318283
v 5.633577 -0.132713 -17.318283
v 9.377798 -0.114732 -17.318281
v 8.753762 -0.140651 -17.318283
v 8.129725 -0.157385 -17.318283
v -10.009736 -0.019919 -1.879028
v -9.990520 -0.039140 -1.261458
v -10.001366 -0.028296 -0.643888
v 8.129725 -0.022009 0.013989
v 8.753762 -0.059542 -0.023544
v 9.377798 -0.022803 0.013195
v 10.035188 -0.028964 -17.935852
v 10.041387 -0.022767 -18.553423
v 10.027242 -0.036913 -19.170992
v -8.095236 -0.007262 -19.843636
v -8.719273 -0.017863 -19.833023
v -9.343309 -0.029726 -19.821157
v -10.001046 -0.028611 -11.760149
v -10.004066 -0.025594 -11.142580
v -9.999256 -0.030408 -10.525010
v -1.854865 -0.018671 0.017327
v -1.230829 -0.049940 -0.013942
v -0.606792 -0.025019 0.010978
v 10.045933 -0.018224 -8.054729
v 10.046287 -0.017870 -8.672300
v 10.029137 -0.035019 -9.289870
v 1.889355 -0.031654 -19.819229
v 1.265318 -0.015110 -19.835770
v 0.641281 -0.024736 -19.826157
v 0.017244 0.007112 -17.935852
v 0.017244 -0.003352 -18.553423
v 0.017244 -0.036934 -19.170992
v 0.017245 -0.000728 -8.054729
v 0.017245 0.001590 -8.672300
v 0.017245 -0.021043 -9.289870
v -8.095235 -0.034057 -9.907439
v -8.719273 0.015631 -9.907440
v -9.343308 -0.013068 -9.907439
v 1.889355 -0.021526 -9.907440
v 1.265319 0.018398 -9.907440
v 0.641282 -0.006497 -9.907440
v -9.995697 -0.033960 -6.819589
v -10.002903 -0.026757 -6.202019
v -10.016382 -0.013280 -5.584449
v 3.137430 -0.035375 0.000623
v 3.761467 -0.021725 0.014273
v 4.385503 -0.036111 -0.000113
v 10.030416 -0.033738 -12.995291
v 10.051661 -0.012497 -13.612861
v 10.031899 -0.032255 -14.230431
v -3.102940 -0.045810 -19.805073
v -3.726977 -0.016581 -19.834305
v -4.351014 -0.026826 -19.824059
v -10.013193 -0.016462 -16.700710
v -10.003569 -0.026091 -16.083141
v -10.016185 -0.013476 -15.465571
v -6.847161 -0.017852 0.018146
v -6.223125 -0.025549 0.010449
v -5.599087 -0.032109 0.003888
v 10.034307 -0.029849 -3.114168
v 10.045071 -0.019086 -3.731739
v 10.042611 -0.021545 -4.349309
v 6.881651 -0.032062 -19.818815
v 6.257614 -0.036341 -19.814537
v 5.633577 -0.032950 -19.817928
v 0.017245 -0.024464 -12.995291
v 0.017245 -0.004243 -13.612861
v 0.017245 -0.027893 -14.230431
v 0.017245 -0.001575 -3.114168
v 0.017245 -0.004271 -3.731739
v 0.017245 -0.038299 -4.349309
v -3.102940 -0.031492 -9.907439
v -3.726977 0.001950 -9.907440
v -4.351014 -0.028018 -9.907439
v 6.881650 -0.047181 -9.907440
v 6.257614 -0.005248 -9.907440
v 5.633577 -0.010704 -9.907440
v 5.009540 -0.032815 -8.054729
v 5.009540 -0.035114 -8.672300
v 5.009540 0.000728 -9.289870
v 5.009540 0.003763 -3.114168
v 5.009540 -0.000817 -3.731739
v 5.009540 -0.039210 -4.349309
v 1.889356 -0.047652 -4.966879
v 1.265319 -0.015604 -4.966879
v 0.641282 -0.009369 -4.966879
v 6.881651 -0.007149 -4.966879
v 6.257614 0.021788 -4.966879
v 5.633577 -0.000368 -4.966879
v -4.975050 -0.032020 -8.054729
v -4.975051 -0.025747 -8.672299
v -4.975051 0.009588 -9.289869
v -4.975050 0.000424 -3.114168
v -4.975050 -0.001773 -3.731738
v -4.975050 -0.058687 -4.349308
v -8.095236 -0.064022 -4.966879
v -8.719273 -0.009414 -4.966879
v -9.343309 -0.006109 -4.966879
v -3.102940 -0.002644 -4.966878
v -3.726977 0.018508 -4.966878
v -4.351013 -0.000157 -4.966878
v -4.975051 -0.014340 -17.935852
v -4.975051 -0.041186 -18.553423
v -4.975051 -0.013979 -19.170992
v -4.975051 -0.025338 -12.995290
v -4.975051 0.008664 -13.612861
v -4.975051 -0.037472 -14.230431
v -8.095236 -0.013842 -14.848001
v -8.719273 -0.005576 -14.848001
v -9.343309 0.008771 -14.848001
v -3.102940 -0.007706 -14.848001
v -3.726977 -0.022388 -14.848001
v -4.351014 -0.036338 -14.848001
v 5.009540 0.007113 -17.935852
v 5.009540 -0.031007 -18.553423
v 5.009540 -0.014276 -19.170992
v 5.009540 -0.019164 -12.995291
v 5.009540 0.009701 -13.612861
v 5.009540 -0.035034 -14.230431
v 1.889355 -0.016055 -14.848001
v 1.265318 -0.015073 -14.848001
v 0.641281 0.002373 -14.848001
v 6.881651 -0.009440 -14.848001
v 6.257614 -0.018575 -14.848001
v 5.633577 -0.028275 -14.848001
v -9.994002 -0.035655 -4.349309
v -10.000950 -0.028709 -3.731739
v -10.008139 -0.021523 -3.114168
v 5.633577 -0.032137 0.003860
v 6.257615 -0.027814 0.008184
v 6.881651 -0.012220 0.023778
v 10.030493 -0.033662 -15.465570
v 10.044007 -0.020149 -16.083141
v 10.039548 -0.024608 -16.700710
v -5.599088 -0.016568 -19.834318
v -6.223125 -0.030854 -19.820024
v -6.847161 -0.012327 -19.838560
v -9.981335 -0.048324 -14.230430
v -10.009315 -0.020344 -13.612861
v -10.010908 -0.018753 -12.995291
v -4.351013 -0.044530 -0.008533
v -3.726976 -0.011288 0.024710
v -3.102939 -0.016977 0.019020
v 10.050404 -0.013754 -5.584449
v 10.025951 -0.038203 -6.202019
v 10.040061 -0.024095 -6.819590
v 4.385503 -0.020401 -19.830477
v 3.761466 -0.022641 -19.828238
v 3.137429 -0.022209 -19.828676
v 0.017245 0.015389 -15.465571
v 0.017245 0.000423 -16.083141
v 0.017244 0.006139 -16.700710
v 0.017245 0.006179 -5.584449
v 0.017245 -0.011034 -6.202019
v 0.017245 -0.037233 -6.819589
v -5.599088 -0.005838 -9.907440
v -6.223125 0.001209 -9.907440
v -6.847161 -0.005852 -9.907440
v 4.385503 0.000510 -9.907440
v 3.761466 -0.006574 -9.907440
v 3.137429 -0.010030 -9.907440
v -9.998794 -0.030865 -9.289869
v -10.014558 -0.015101 -8.672299
v -10.008742 -0.020919 -8.054729
v 0.641282 -0.030191 0.005808
v 1.265319 -0.028633 0.007365
v 1.889356 -0.009106 0.026892
v 10.026749 -0.037407 -10.525010
v 10.040801 -0.023355 -11.142580
v 10.043455 -0.020702 -11.760151
v -0.606793 -0.019544 -19.831348
v -1.230829 -0.045670 -19.805208
v -1.854866 -0.017991 -19.832893
v -9.994480 -0.035177 -19.170990
v -10.006172 -0.023487 -18.553423
v -10.016540 -0.013122 -17.935852
v -9.343308 -0.035759 0.000239
v -8.719273 -0.018038 0.017960
v -8.095235 -0.016044 0.019953
v 10.020370 -0.043781 -0.643888
v 10.037754 -0.026400 -1.261458
v 10.039727 -0.024429 -1.879028
v 9.377799 -0.015707 -19.835188
v 8.753762 -0.052692 -19.798191
v 8.129725 -0.011140 -19.839756
v 0.017245 -0.029160 -10.525011
v 0.017245 -0.018587 -11.142580
v 0.017245 -0.014890 -11.760150
v 0.017245 0.000933 -0.643888
v 0.017245 -0.016540 -1.261458
v 0.017245 -0.000841 -1.879028
v -0.606792 -0.015529 -9.907440
v -1.230829 -0.043462 -9.907440
v -1.854866 -0.016621 -9.907440
v 9.377799 -0.008046 -9.907440
v 8.753762 -0.058306 -9.907440
v 8.129725 0.001381 -9.907440
v 5.009540 0.016595 -5.584449
v 5.009540 -0.016598 -6.202019
v 5.009540 -0.026309 -6.819590
v 5.009541 -0.028627 -0.643888
v 5.009541 0.004327 -1.261458
v 5.009540 0.004387 -1.879028
v 4.385503 -0.011178 -4.966879
v 3.761467 -0.057894 -4.966879
v 3.137429 -0.024959 -4.966879
v 9.377799 -0.012306 -4.966879
v 8.753762 -0.025388 -4.966879
v 8.129725 -0.027032 -4.966879
v -4.975050 0.004787 -5.584449
v -4.975050 -0.020673 -6.202019
v -4.975050 -0.035708 -6.819589
v -4.975050 -0.048631 -0.643888
v -4.975050 0.011046 -1.261458
v -4.975050 0.015230 -1.879028
v -5.599087 -0.003183 -4.966878
v -6.223125 -0.061947 -4.966878
v -6.847161 -0.048365 -4.966878
v -0.606792 -0.007524 -4.966879
v -1.230829 -0.027736 -4.966879
v -1.854866 0.011817 -4.966879
v -4.975051 -0.002042 -15.465570
v -4.975051 -0.020252 -16.083141
v -4.975051 -0.031712 -16.700710
v -4.975051 -0.025751 -10.525010
v -4.975051 -0.005543 -11.142580
v -4.975051 -0.001444 -11.760149
v -5.599088 -0.014157 -14.848001
v -6.223125 -0.038067 -14.848001
v -6.847161 -0.038395 -14.848001
v -0.606792 0.018658 -14.848001
v -1.230829 -0.052600 -14.848001
v -1.854866 0.005005 -14.848001
v 5.009540 -0.015941 -15.465570
v 5.009540 -0.003663 -16.083141
v 5.009540 -0.018798 -16.700710
v 5.009541 -0.024366 -10.525011
v 5.009540 -0.011316 -11.142580
v 5.009540 -0.010578 -11.760150
v 4.385503 -0.004053 -14.848001
v 3.761466 -0.053053 -14.848001
v 3.137429 -0.041635 -14.848001
v 9.377799 0.017094 -14.848001
v 8.753762 -0.035924 -14.848001
v 8.129725 0.003839 -14.848001
v 7.505688 -0.045885 -12.995291
v 7.505688 -0.011191 -13.612861
v 7.505687 -0.023814 -14.230430
v 7.505688 -0.043977 -10.525010
v 7.505688 -0.004978 -11.142580
v 7.505688 0.014140 -11.760151
v 6.881650 0.006909 -12.377720
v 6.257614 -0.011190 -12.377721
v 5.633577 -0.041908 -12.377720
v 9.377798 -0.041335 -12.377720
v 8.753762 -0.000171 -12.377721
v 8.129725 -0.021182 -12.377720
v 2.513392 0.004756 -12.995291
v 2.513392 0.000607 -13.612861
v 2.513392 -0.028383 -14.230430
v 2.513392 -0.031338 -10.525010
v 2.513392 -0.022305 -11.142580
v 2.513392 -0.008774 -11.760151
v 1.889355 -0.040100 -12.377720
v 1.265319 -0.034948 -12.377721
v 0.641282 -0.003464 -12.377720
v 4.385503 -0.020095 -12.377720
v 3.761466 -0.036626 -12.377721
v 3.137429 -0.015040 -12.377720
v 2.513392 -0.017056 -17.935852
v 2.513392 -0.041221 -18.553423
v 2.513392 -0.027354 -19.170990
v 2.513392 0.008947 -15.465570
v 2.513392 -0.020952 -16.083141
v 2.513392 -0.009655 -16.700710
v 1.889355 -0.007044 -17.318281
v 1.265318 -0.027538 -17.318283
v 0.641281 -0.003752 -17.318281
v 4.385503 -0.003426 -17.318281
v 3.761466 -0.004420 -17.318283
v 3.137429 -0.007209 -17.318281
v -2.478903 -0.043727 -12.995291
v -2.478903 0.000592 -13.612861
v -2.478903 -0.013571 -14.230430
v -2.478903 -0.042757 -10.525009
v -2.478903 -0.000286 -11.142580
v -2.478903 0.010715 -11.760150
v -3.102940 -0.012679 -12.377720
v -3.726977 -0.010184 -12.377720
v -4.351014 -0.054862 -12.377720
v -0.606792 -0.048152 -12.377720
v -1.230829 0.002637 -12.377721
v -1.854866 -0.011881 -12.377720
v -7.471199 -0.002616 -12.995291
v -7.471199 0.008270 -13.612861
v -7.471198 -0.025077 -14.230430
v -7.471199 -0.033993 -10.525009
v -7.471199 -0.013669 -11.142580
v -7.471199 -0.008361 -11.760150
v -8.095235 -0.040901 -12.377720
v -8.719273 -0.042195 -12.377720
v -9.343308 0.000759 -12.377720
v -5.599088 -0.029198 -12.377720
v -6.223125 -0.055023 -12.377720
v -6.847161 -0.022151 -12.377720
v -7.471199 -0.014382 -17.935852
v -7.471199 -0.053204 -18.553423
v -7.471198 -0.028453 -19.170990
v -7.471199 0.010700 -15.465570
v -7.471199 -0.016327 -16.083141
v -7.471199 -0.020330 -16.700710
v -8.095235 -0.013708 -17.318281
v -8.719273 -0.033495 -17.318283
v -9.343308 -0.022628 -17.318281
v -5.599088 0.020606 -17.318281
v -6.223125 -0.026859 -17.318283
v -6.847161 -0.025817 -17.318281
v -2.478903 -0.029816 -3.114168
v -2.478903 0.015035 -3.731738
v -2.478903 -0.070810 -4.349308
v -2.478903 -0.039317 -0.643888
v -2.478903 0.009806 -1.261458
v -2.478903 -0.007592 -1.879028
v -3.102939 -0.008057 -2.496598
v -3.726976 -0.029690 -2.496598
v -4.351013 -0.050449 -2.496598
v -0.606792 -0.010436 -2.496598
v -1.230829 -0.001492 -2.496598
v -1.854865 -0.004206 -2.496598
v -7.471199 -0.008620 -3.114168
v -7.471199 -0.009367 -3.731738
v -7.471198 -0.027039 -4.349308
v -7.471199 -0.026090 -0.643888
v -7.471199 -0.030639 -1.261458
v -7.471199 -0.033878 -1.879028
v -8.095235 -0.083513 -2.496598
v -8.719273 -0.011571 -2.496598
v -9.343308 -0.007755 -2.496598
v -5.599087 -0.034687 -2.496598
v -6.223125 -0.049340 -2.496598
v -6.847161 -0.015278 -2.496598
v -7.471199 -0.043495 -8.054729
v -7.471199 -0.036643 -8.672299
v -7.471198 0.004928 -9.289869
v -7.471199 -0.012760 -5.584449
v -7.471199 -0.022915 -6.202019
v -7.471199 -0.005719 -6.819589
v -8.095235 -0.034071 -7.437159
v -8.719273 -0.034710 -7.437159
v -9.343308 -0.009103 -7.437159
v -5.599087 0.014022 -7.437159
v -6.223125 -0.000573 -7.437159
v -6.847161 -0.011408 -7.437159
v 7.505689 -0.038511 -3.114168
v 7.505689 0.000848 -3.731739
v 7.505688 -0.056098 -4.349309
v 7.505689 -0.034501 -0.643888
v 7.505689 0.009731 -1.261458
v 7.505689 -0.009887 -1.879028
v 6.881651 -0.011619 -2.496598
v 6.257614 -0.034567 -2.496598
v 5.633577 -0.054238 -2.496598
v 9.377798 -0.019008 -2.496598
v 8.753762 0.001967 -2.496598
v 8.129725 -0.008752 -2.496598
v 2.513393 -0.022771 -3.114168
v 2.513393 0.000420 -3.731739
v 2.513392 -0.029186 -4.349309
v 2.513393 -0.031001 -0.643888
v 2.513393 -0.012596 -1.261458
v 2.513393 -0.031033 -1.879028
v 1.889356 -0.077058 -2.496598
v 1.265319 -0.031075 -2.496598
v 0.641282 -0.008188 -2.496598
v 4.385503 -0.031240 -2.496598
v 3.761467 -0.044676 -2.496598
v 3.137429 -0.011809 -2.496598
v 2.513393 -0.050785 -8.054729
v 2.513392 -0.010295 -8.672300
v 2.513392 -0.019766 -9.289869
v 2.513393 -0.013910 -5.584449
v 2.513393 -0.027242 -6.202019
v 2.513393 -0.017418 -6.819590
v 1.889356 -0.029813 -7.437160
v 1.265319 -0.016377 -7.437160
v 0.641282 -0.010830 -7.437160
v 4.385503 0.021499 -7.437160
v 3.761467 0.004378 -7.437160
v 3.137429 0.005494 -7.437160
v 7.505688 -0.010315 -8.054729
v 7.505688 -0.036218 -8.672300
v 7.505687 0.008096 -9.289869
v 7.505688 -0.019522 -5.584449
v 7.505688 -0.025548 -6.202019
v 7.505688 -0.002358 -6.819590
v 6.881650 -0.019793 -7.437160
v 6.257614 0.012505 -7.437160
v 5.633577 0.008060 -7.437160
v 9.377798 -0.011739 -7.437160
v 8.753762 -0.016282 -7.437160
v 8.129725 0.007833 -7.437160
v -2.478903 -0.019410 -8.054729
v -2.478903 -0.047926 -8.672299
v -2.478903 0.001330 -9.289869
v -2.478903 -0.017334 -5.584449
v -2.478903 -0.008566 -6.202019
v -2.478903 -0.000758 -6.819589
v -3.102940 -0.001476 -7.437159
v -3.726977 0.012816 -7.437159
v -4.351013 0.001029 -7.437159
v -0.606792 -0.031991 -7.437159
v -1.230829 -0.009196 -7.437160
v -1.854866 0.015195 -7.437159
v -2.478903 -0.020871 -17.935852
v -2.478903 -0.047736 -18.553423
v -2.478903 -0.017837 -19.170990
v -2.478903 -0.001779 -15.465570
v -2.478903 -0.022165 -16.083141
v -2.478903 0.001787 -16.700710
v -3.102940 0.005649 -17.318281
v -3.726977 -0.003185 -17.318283
v -4.351014 -0.003725 -17.318281
v -0.606792 -0.036062 -17.318281
v -1.230829 -0.003715 -17.318283
v -1.854866 0.020361 -17.318281
v 7.505688 0.002908 -17.935852
v 7.505688 -0.034857 -18.553423
v 7.505687 -0.030825 -19.170990
v 7.505688 0.009512 -15.465570
v 7.505688 -0.014281 -16.083141
v 7.505688 -0.003154 -16.700710
v 6.881650 -0.001371 -17.318281
v 6.257614 0.002755 -17.318283
v 5.633577 -0.007697 -17.318281
v 9.377798 -0.025677 -17.318281
v 8.753762 0.000242 -17.318283
v 8.129725 0.016974 -17.318281
v -10.022501 -0.074152 -7.437160
v -10.022501 -0.070204 -7.437160
v -10.022501 -0.066258 -7.437160
v -10.024493 -0.066258 -9.907439
v -10.024494 -0.070201 -9.907440
v -10.024494 -0.074152 -9.907440
v -10.013165 -0.074151 -4.966879
v -10.013165 -0.070204 -4.966879
v -10.013165 -0.066259 -4.966879
v 2.513393 -0.074149 0.021192
v 2.513393 -0.070204 0.021192
v 2.513393 -0.066260 0.021192
v 0.017245 -0.066260 0.026915
v 0.017245 -0.070203 0.026915
v 0.017245 -0.074149 0.026915
v 5.009541 -0.074149 -0.003232
v 5.009541 -0.070204 -0.003232
v 5.009541 -0.066260 -0.003232
v -9.999305 -0.074151 -2.496598
v -9.999305 -0.070204 -2.496598
v -9.999305 -0.066259 -2.496598
v -10.007815 -0.074151 0.014152
v -10.007815 -0.070204 0.014152
v -10.007815 -0.066260 0.014152
v 10.024881 -0.074149 -12.377721
v 10.024881 -0.070204 -12.377721
v 10.024881 -0.066260 -12.377721
v 10.040562 -0.066260 -9.907440
v 10.040562 -0.070200 -9.907440
v 10.040561 -0.074149 -9.907440
v 10.047300 -0.074149 -14.848001
v 10.047300 -0.070204 -14.848001
v 10.047300 -0.066260 -14.848001
v 7.505689 -0.074149 0.036859
v 7.505689 -0.070204 0.036859
v 7.505689 -0.066260 0.036859
v 10.035060 -0.074153 0.006909
v 10.035066 -0.070204 0.006907
v 10.035060 -0.066256 0.006909
v -2.478903 -0.074149 -19.856525
v -2.478903 -0.070204 -19.856525
v -2.478903 -0.066260 -19.856525
v 0.017244 -0.066260 -19.852207
v 0.017244 -0.070180 -19.852207
v 0.017244 -0.074149 -19.852207
v -4.975051 -0.074149 -19.828770
v -4.975051 -0.070204 -19.828772
v -4.975051 -0.066260 -19.828770
v 10.042061 -0.074150 -17.318283
v 10.042061 -0.070204 -17.318283
v 10.042061 -0.066259 -17.318283
v 10.049066 -0.074145 -19.835785
v 10.049061 -0.070199 -19.835793
v 10.049062 -0.066263 -19.835789
v -10.028996 -0.074152 -17.318281
v -10.028996 -0.070204 -17.318283
v -10.028996 -0.066258 -17.318281
v -10.003556 -0.066258 -19.824770
v -10.003551 -0.070211 -19.824776
v -10.003559 -0.074151 -19.824766
v -10.019872 -0.074152 -14.848001
v -10.019872 -0.070204 -14.848001
v -10.019872 -0.066258 -14.848001
v -7.471199 -0.074149 -19.849346
v -7.471199 -0.070204 -19.849346
v -7.471199 -0.066260 -19.849346
v -7.471198 -0.074149 0.016909
v -7.471199 -0.070204 0.016910
v -7.471198 -0.066260 0.016909
v -4.975050 -0.074149 0.000566
v -4.975050 -0.070204 0.000566
v -4.975050 -0.066260 0.000566
v -9.987847 -0.074150 -12.377720
v -9.987847 -0.070204 -12.377720
v -9.987847 -0.066259 -12.377720
v 10.014421 -0.074150 -2.496598
v 10.014423 -0.070204 -2.496598
v 10.014421 -0.066259 -2.496598
v 10.037967 -0.074149 -4.966879
v 10.037967 -0.070204 -4.966879
v 10.037967 -0.066260 -4.966879
v -2.478903 -0.074150 0.033055
v -2.478903 -0.070204 0.033055
v -2.478903 -0.066258 0.033055
v 7.505688 -0.074149 -19.845312
v 7.505688 -0.070210 -19.845314
v 7.505688 -0.066260 -19.845314
v 5.009540 -0.074149 -19.825033
v 5.009540 -0.070208 -19.825035
v 5.009540 -0.066260 -19.825033
v 10.045311 -0.074149 -7.437160
v 10.045311 -0.070204 -7.437160
v 10.045311 -0.066260 -7.437160
v 2.513392 -0.074149 -19.845768
v 2.513392 -0.070204 -19.845768
v 2.513392 -0.066260 -19.845768
v 8.129725 -0.127256 -17.935852
v 8.129725 -0.125701 -18.553421
v 8.129725 -0.136730 -19.170992
v 8.753762 -0.109940 -17.935852
v 8.753761 -0.111603 -18.553421
v 8.753761 -0.150874 -19.170992
v 9.377798 -0.116042 -17.935852
v 9.377799 -0.131820 -18.553423
v 9.377798 -0.121828 -19.170992
v -1.854866 -0.122283 -17.935852
v -1.854866 -0.116796 -18.553421
v -1.854866 -0.134426 -19.170992
v -1.230829 -0.097277 -17.935852
v -1.230829 -0.097404 -18.553421
v -1.230829 -0.154317 -19.170992
v -0.606793 -0.108509 -17.935852
v -0.606793 -0.116953 -18.553423
v -0.606793 -0.107386 -19.170992
v -1.854866 -0.137781 -8.054729
v -1.854866 -0.088348 -8.672299
v -1.854866 -0.153579 -9.289869
v -1.230829 -0.110855 -8.054729
v -1.230829 -0.133087 -8.672299
v -1.230829 -0.144127 -9.289869
v -0.606792 -0.128090 -8.054729
v -0.606792 -0.120587 -8.672300
v -0.606792 -0.077593 -9.289869
v 8.129725 -0.120016 -8.054729
v 8.129725 -0.113405 -8.672300
v 8.129725 -0.131423 -9.289869
v 8.753762 -0.070971 -8.054729
v 8.753761 -0.128888 -8.672300
v 8.753761 -0.149933 -9.289870
v 9.377798 -0.130283 -8.054729
v 9.377799 -0.126167 -8.672300
v 9.377798 -0.065372 -9.289869
v 3.137429 -0.145876 -8.054729
v 3.137429 -0.102045 -8.672300
v 3.137429 -0.139038 -9.289869
v 3.761466 -0.132185 -8.054729
v 3.761466 -0.112678 -8.672300
v 3.761466 -0.118211 -9.289870
v 4.385503 -0.145439 -8.054729
v 4.385503 -0.124151 -8.672300
v 4.385503 -0.140067 -9.289869
v 3.137429 -0.111385 -3.114169
v 3.137429 -0.097090 -3.731739
v 3.137430 -0.133027 -4.349308
v 3.761467 -0.134875 -3.114168
v 3.761467 -0.123139 -3.731739
v 3.761466 -0.119640 -4.349309
v 4.385503 -0.150782 -3.114169
v 4.385503 -0.153437 -3.731739
v 4.385503 -0.122030 -4.349308
v 8.129725 -0.136758 -3.114169
v 8.129725 -0.140868 -3.731739
v 8.129725 -0.125833 -4.349308
v 8.753762 -0.117342 -3.114168
v 8.753762 -0.109605 -3.731739
v 8.753761 -0.130850 -4.349309
v 9.377798 -0.114776 -3.114169
v 9.377799 -0.136381 -3.731739
v 9.377798 -0.106534 -4.349308
v -6.847161 -0.148269 -8.054729
v -6.847161 -0.125472 -8.672299
v -6.847162 -0.141788 -9.289869
v -6.223125 -0.139748 -8.054729
v -6.223125 -0.103565 -8.672299
v -6.223125 -0.118713 -9.289869
v -5.599088 -0.141196 -8.054729
v -5.599088 -0.131967 -8.672299
v -5.599088 -0.133318 -9.289869
v -6.847161 -0.127119 -3.114168
v -6.847161 -0.126119 -3.731738
v -6.847161 -0.109244 -4.349308
v -6.223125 -0.122370 -3.114168
v -6.223124 -0.139041 -3.731738
v -6.223125 -0.095352 -4.349308
v -5.599088 -0.148093 -3.114168
v -5.599088 -0.159648 -3.731738
v -5.599087 -0.111744 -4.349308
v -1.854866 -0.150154 -3.114168
v -1.854866 -0.150804 -3.731739
v -1.854866 -0.121811 -4.349308
v -1.230829 -0.123072 -3.114168
v -1.230829 -0.104840 -3.731739
v -1.230829 -0.136412 -4.349308
v -0.606792 -0.115544 -3.114169
v -0.606792 -0.130854 -3.731739
v -0.606792 -0.102488 -4.349308
v -6.847162 -0.136309 -17.935852
v -6.847161 -0.111924 -18.553421
v -6.847162 -0.093833 -19.170992
v -6.223125 -0.137811 -17.935852
v -6.223125 -0.089242 -18.553421
v -6.223125 -0.120234 -19.170992
v -5.599088 -0.131034 -17.935852
v -5.599088 -0.081205 -18.553423
v -5.599088 -0.114522 -19.170992
v -6.847162 -0.097508 -12.995290
v -6.847161 -0.134812 -13.612860
v -6.847162 -0.142914 -14.230430
v -6.223125 -0.080481 -12.995290
v -6.223125 -0.142096 -13.612861
v -6.223125 -0.122405 -14.230431
v -5.599088 -0.132082 -12.995290
v -5.599088 -0.159208 -13.612861
v -5.599088 -0.122443 -14.230430
v -1.854866 -0.152798 -12.995291
v -1.854866 -0.139253 -13.612860
v -1.854866 -0.124266 -14.230430
v -1.230829 -0.109981 -12.995291
v -1.230829 -0.123928 -13.612861
v -1.230829 -0.127152 -14.230431
v -0.606792 -0.130947 -12.995291
v -0.606792 -0.078845 -13.612861
v -0.606792 -0.138624 -14.230430
v 3.137429 -0.135222 -17.935852
v 3.137429 -0.130109 -18.553421
v 3.137429 -0.104564 -19.170992
v 3.761466 -0.149873 -17.935852
v 3.761466 -0.097113 -18.553421
v 3.761466 -0.086501 -19.170992
v 4.385503 -0.132021 -17.935852
v 4.385503 -0.088232 -18.553423
v 4.385503 -0.115600 -19.170992
v 3.137429 -0.089966 -12.995291
v 3.137429 -0.109776 -13.612861
v 3.137429 -0.133460 -14.230430
v 3.761466 -0.076110 -12.995291
v 3.761466 -0.144540 -13.612861
v 3.761466 -0.124192 -14.230431
v 4.385503 -0.122537 -12.995291
v 4.385503 -0.149445 -13.612861
v 4.385503 -0.120718 -14.230430
v 8.129725 -0.150526 -12.995291
v 8.129725 -0.144897 -13.612861
v 8.129725 -0.137715 -14.230430
v 8.753762 -0.095337 -12.995291
v 8.753761 -0.127103 -13.612861
v 8.753761 -0.141180 -14.230431
v 9.377798 -0.139022 -12.995291
v 9.377799 -0.100956 -13.612861
v 9.377798 -0.138268 -14.230430
v 5.633577 -0.128858 -12.995291
v 5.633577 -0.131590 -13.612861
v 5.633577 -0.110169 -14.230430
v 6.257614 -0.159706 -12.995291
v 6.257614 -0.145534 -13.612861
v 6.257614 -0.129793 -14.230431
v 6.881651 -0.149905 -12.995291
v 6.881651 -0.107725 -13.612861
v 6.881651 -0.118214 -14.230430
v 5.633577 -0.091913 -10.525010
v 5.633577 -0.113635 -11.142580
v 5.633577 -0.116663 -11.760151
v 6.257614 -0.129598 -10.525010
v 6.257614 -0.133762 -11.142580
v 6.257614 -0.138649 -11.760151
v 6.881651 -0.130891 -10.525010
v 6.881651 -0.138514 -11.142580
v 6.881651 -0.134019 -11.760150
v 8.129725 -0.127020 -10.525010
v 8.129725 -0.150856 -11.142580
v 8.129725 -0.155654 -11.760151
v 8.753762 -0.139987 -10.525010
v 8.753761 -0.126559 -11.142580
v 8.753761 -0.105826 -11.760151
v 9.377798 -0.128150 -10.525010
v 9.377799 -0.115355 -11.142580
v 9.377798 -0.138900 -11.760150
v 0.641282 -0.135778 -12.995291
v 0.641281 -0.141257 -13.612861
v 0.641281 -0.123605 -14.230430
v 1.265318 -0.136129 -12.995291
v 1.265318 -0.106921 -13.612861
v 1.265318 -0.137602 -14.230431
v 1.889355 -0.088715 -12.995291
v 1.889355 -0.111192 -13.612861
v 1.889355 -0.107167 -14.230430
v 0.641282 -0.128220 -10.525010
v 0.641282 -0.089315 -11.142580
v 0.641282 -0.110618 -11.760151
v 1.265319 -0.111792 -10.525010
v 1.265319 -0.141021 -11.142580
v 1.265319 -0.136906 -11.760151
v 1.889355 -0.071044 -10.525010
v 1.889355 -0.110755 -11.142580
v 1.889355 -0.119040 -11.760150
v 3.137429 -0.129927 -10.525010
v 3.137429 -0.117753 -11.142580
v 3.137429 -0.129159 -11.760151
v 3.761466 -0.093560 -10.525010
v 3.761466 -0.123684 -11.142580
v 3.761466 -0.127349 -11.760151
v 4.385503 -0.104536 -10.525010
v 4.385503 -0.144158 -11.142580
v 4.385503 -0.142619 -11.760150
v 0.641281 -0.096690 -17.935852
v 0.641281 -0.118038 -18.553421
v 0.641281 -0.107516 -19.170992
v 1.265318 -0.157046 -17.935852
v 1.265318 -0.111839 -18.553421
v 1.265318 -0.117617 -19.170992
v 1.889355 -0.126955 -17.935852
v 1.889355 -0.091790 -18.553423
v 1.889355 -0.110446 -19.170992
v 0.641282 -0.139439 -15.465570
v 0.641281 -0.121465 -16.083141
v 0.641281 -0.151832 -16.700710
v 1.265318 -0.113542 -15.465570
v 1.265318 -0.157770 -16.083141
v 1.265318 -0.099486 -16.700710
v 1.889355 -0.109745 -15.465570
v 1.889355 -0.116470 -16.083141
v 1.889355 -0.117392 -16.700710
v 3.137429 -0.114718 -15.465570
v 3.137429 -0.146004 -16.083141
v 3.137429 -0.117620 -16.700710
v 3.761466 -0.139373 -15.465570
v 3.761466 -0.130884 -16.083141
v 3.761466 -0.092993 -16.700710
v 4.385503 -0.154465 -15.465570
v 4.385503 -0.129073 -16.083141
v 4.385503 -0.132930 -16.700710
v -4.351014 -0.116061 -12.995290
v -4.351014 -0.130684 -13.612860
v -4.351014 -0.097769 -14.230430
v -3.726977 -0.152228 -12.995290
v -3.726977 -0.152330 -13.612861
v -3.726977 -0.135669 -14.230431
v -3.102940 -0.139756 -12.995290
v -3.102940 -0.106591 -13.612861
v -3.102940 -0.141196 -14.230430
v -4.351014 -0.080366 -10.525009
v -4.351014 -0.110034 -11.142580
v -4.351014 -0.120636 -11.760149
v -3.726977 -0.113752 -10.525009
v -3.726977 -0.124305 -11.142580
v -3.726977 -0.140991 -11.760150
v -3.102940 -0.121734 -10.525009
v -3.102940 -0.133421 -11.142580
v -3.102940 -0.108150 -11.760149
v -1.854866 -0.129068 -10.525009
v -1.854866 -0.145090 -11.142580
v -1.854866 -0.146007 -11.760149
v -1.230829 -0.141773 -10.525010
v -1.230829 -0.137217 -11.142580
v -1.230829 -0.093860 -11.760150
v -0.606792 -0.126981 -10.525010
v -0.606792 -0.116076 -11.142580
v -0.606792 -0.131014 -11.760150
v -9.343309 -0.128451 -12.995290
v -9.343308 -0.133745 -13.612860
v -9.343308 -0.135358 -14.230430
v -8.719273 -0.130105 -12.995290
v -8.719273 -0.131002 -13.612861
v -8.719273 -0.135498 -14.230431
v -8.095236 -0.105175 -12.995290
v -8.095236 -0.137928 -13.612861
v -8.095236 -0.117572 -14.230430
v -9.343309 -0.102004 -10.525009
v -9.343308 -0.086632 -11.142580
v -9.343308 -0.096853 -11.760149
v -8.719273 -0.130731 -10.525009
v -8.719273 -0.136372 -11.142580
v -8.719273 -0.151580 -11.760150
v -8.095236 -0.089036 -10.525009
v -8.095236 -0.113359 -11.142580
v -8.095236 -0.118384 -11.760149
v -6.847162 -0.134045 -10.525009
v -6.847161 -0.115866 -11.142580
v -6.847162 -0.140958 -11.760149
v -6.223125 -0.090560 -10.525009
v -6.223125 -0.103052 -11.142580
v -6.223125 -0.117635 -11.760150
v -5.599088 -0.103009 -10.525009
v -5.599088 -0.138834 -11.142580
v -5.599088 -0.148058 -11.760149
v -9.343309 -0.107954 -17.935852
v -9.343308 -0.115065 -18.553421
v -9.343308 -0.106301 -19.170992
v -8.719273 -0.150912 -17.935852
v -8.719273 -0.114657 -18.553421
v -8.719273 -0.129346 -19.170992
v -8.095236 -0.107393 -17.935852
v -8.095236 -0.078069 -18.553423
v -8.095236 -0.112709 -19.170992
v -9.343309 -0.139866 -15.465570
v -9.343308 -0.119233 -16.083141
v -9.343308 -0.150674 -16.700710
v -8.719273 -0.101552 -15.465570
v -8.719273 -0.155068 -16.083141
v -8.719273 -0.126801 -16.700710
v -8.095236 -0.118158 -15.465570
v -8.095236 -0.129104 -16.083141
v -8.095236 -0.117607 -16.700710
v -6.847162 -0.104765 -15.465570
v -6.847161 -0.148394 -16.083141
v -6.847162 -0.112467 -16.700710
v -6.223125 -0.139981 -15.465570
v -6.223125 -0.124941 -16.083141
v -6.223125 -0.087705 -16.700710
v -5.599088 -0.150685 -15.465570
v -5.599088 -0.124984 -16.083141
v -5.599088 -0.124051 -16.700710
v -4.351014 -0.083812 -3.114168
v -4.351013 -0.139604 -3.731738
v -4.351013 -0.119588 -4.349308
v -3.726977 -0.147396 -3.114168
v -3.726976 -0.149975 -3.731738
v -3.726977 -0.108014 -4.349308
v -3.102940 -0.140185 -3.114168
v -3.102940 -0.107559 -3.731738
v -3.102940 -0.129843 -4.349308
v -4.351014 -0.130610 -0.643888
v -4.351013 -0.137568 -1.261458
v -4.351013 -0.107520 -1.879028
v -3.726977 -0.108641 -0.643888
v -3.726976 -0.149524 -1.261458
v -3.726976 -0.140706 -1.879028
v -3.102939 -0.126085 -0.643888
v -3.102940 -0.134854 -1.261458
v -3.102940 -0.109433 -1.879028
v -1.854866 -0.117908 -0.643888
v -1.854866 -0.145228 -1.261458
v -1.854866 -0.126256 -1.879028
v -1.230829 -0.118465 -0.643888
v -1.230829 -0.151623 -1.261458
v -1.230829 -0.079319 -1.879028
v -0.606792 -0.125748 -0.643888
v -0.606792 -0.086919 -1.261458
v -0.606792 -0.131843 -1.879028
v -9.343309 -0.092799 -3.114169
v -9.343308 -0.105133 -3.731739
v -9.343308 -0.120120 -4.349308
v -8.719273 -0.135936 -3.114168
v -8.719272 -0.136888 -3.731739
v -8.719273 -0.111901 -4.349308
v -8.095235 -0.120017 -3.114168
v -8.095236 -0.138107 -3.731738
v -8.095235 -0.106347 -4.349308
v -9.343309 -0.123207 -0.643888
v -9.343308 -0.141088 -1.261458
v -9.343308 -0.116753 -1.879028
v -8.719273 -0.096234 -0.643888
v -8.719272 -0.118461 -1.261458
v -8.719273 -0.142508 -1.879028
v -8.095235 -0.113913 -0.643888
v -8.095236 -0.107981 -1.261458
v -8.095235 -0.125217 -1.879028
v -6.847161 -0.098832 -0.643888
v -6.847161 -0.139113 -1.261458
v -6.847161 -0.131872 -1.879028
v -6.223125 -0.106332 -0.643888
v -6.223124 -0.132527 -1.261458
v -6.223125 -0.123836 -1.879028
v -5.599088 -0.115701 -0.643888
v -5.599088 -0.117889 -1.261458
v -5.599087 -0.131820 -1.879028
v -9.343309 -0.124525 -8.054729
v -9.343308 -0.140007 -8.672299
v -9.343308 -0.155050 -9.289869
v -8.719273 -0.148697 -8.054729
v -8.719273 -0.131462 -8.672299
v -8.719273 -0.099323 -9.289869
v -8.095236 -0.123595 -8.054729
v -8.095236 -0.092546 -8.672299
v -8.095236 -0.129797 -9.289869
v -9.343309 -0.127738 -5.584449
v -9.343308 -0.109989 -6.202019
v -9.343308 -0.148513 -6.819589
v -8.719273 -0.145254 -5.584449
v -8.719273 -0.134145 -6.202019
v -8.719273 -0.132378 -6.819589
v -8.095235 -0.137420 -5.584449
v -8.095236 -0.124961 -6.202019
v -8.095236 -0.112744 -6.819589
v -6.847161 -0.121439 -5.584449
v -6.847161 -0.146379 -6.202019
v -6.847161 -0.095303 -6.819589
v -6.223125 -0.117578 -5.584449
v -6.223125 -0.122615 -6.202019
v -6.223125 -0.076654 -6.819589
v -5.599088 -0.156680 -5.584449
v -5.599088 -0.119470 -6.202019
v -5.599087 -0.144868 -6.819589
v 5.633577 -0.110662 -3.114169
v 5.633577 -0.134476 -3.731739
v 5.633577 -0.114418 -4.349308
v 6.257614 -0.144865 -3.114168
v 6.257614 -0.133248 -3.731739
v 6.257614 -0.123523 -4.349309
v 6.881651 -0.139496 -3.114169
v 6.881651 -0.094685 -3.731739
v 6.881651 -0.140608 -4.349308
v 5.633577 -0.094120 -0.643888
v 5.633577 -0.122568 -1.261458
v 5.633577 -0.124100 -1.879028
v 6.257615 -0.104798 -0.643888
v 6.257614 -0.145563 -1.261458
v 6.257614 -0.131787 -1.879028
v 6.881651 -0.118735 -0.643888
v 6.881652 -0.143567 -1.261458
v 6.881651 -0.120115 -1.879028
v 8.129725 -0.132164 -0.643888
v 8.129725 -0.142959 -1.261458
v 8.129725 -0.131538 -1.879028
v 8.753762 -0.131812 -0.643888
v 8.753762 -0.156921 -1.261458
v 8.753762 -0.098356 -1.879028
v 9.377798 -0.108235 -0.643888
v 9.377799 -0.092243 -1.261458
v 9.377798 -0.138629 -1.879028
v 0.641282 -0.080042 -3.114169
v 0.641282 -0.118396 -3.731739
v 0.641282 -0.135083 -4.349308
v 1.265319 -0.139785 -3.114168
v 1.265319 -0.113443 -3.731739
v 1.265319 -0.117853 -4.349309
v 1.889356 -0.106164 -3.114169
v 1.889356 -0.135732 -3.731739
v 1.889356 -0.123044 -4.349308
v 0.641282 -0.133702 -0.643888
v 0.641282 -0.128942 -1.261458
v 0.641282 -0.117850 -1.879028
v 1.265319 -0.099239 -0.643888
v 1.265319 -0.120607 -1.261458
v 1.265319 -0.143030 -1.879028
v 1.889356 -0.089464 -0.643888
v 1.889356 -0.135605 -1.261458
v 1.889356 -0.130702 -1.879028
v 3.137430 -0.102376 -0.643888
v 3.137430 -0.114575 -1.261458
v 3.137430 -0.116719 -1.879028
v 3.761467 -0.125995 -0.643888
v 3.761467 -0.122276 -1.261458
v 3.761467 -0.128218 -1.879028
v 4.385504 -0.114251 -0.643888
v 4.385504 -0.109223 -1.261458
v 4.385503 -0.136508 -1.879028
v 0.641282 -0.130150 -8.054729
v 0.641282 -0.130148 -8.672300
v 0.641282 -0.126862 -9.289869
v 1.265319 -0.144201 -8.054729
v 1.265319 -0.105085 -8.672300
v 1.265319 -0.099606 -9.289870
v 1.889356 -0.138603 -8.054729
v 1.889356 -0.105603 -8.672300
v 1.889355 -0.132506 -9.289869
v 0.641282 -0.137686 -5.584449
v 0.641282 -0.104471 -6.202019
v 0.641282 -0.129342 -6.819589
v 1.265319 -0.118854 -5.584449
v 1.265319 -0.148632 -6.202019
v 1.265319 -0.107259 -6.819590
v 1.889356 -0.110568 -5.584449
v 1.889356 -0.086917 -6.202019
v 1.889356 -0.103165 -6.819589
v 3.137429 -0.109222 -5.584449
v 3.137429 -0.128756 -6.202019
v 3.137430 -0.110982 -6.819589
v 3.761467 -0.118471 -5.584449
v 3.761467 -0.134195 -6.202019
v 3.761466 -0.085140 -6.819590
v 4.385503 -0.150859 -5.584449
v 4.385503 -0.122610 -6.202019
v 4.385503 -0.151447 -6.819589
v 5.633577 -0.125129 -8.054729
v 5.633577 -0.135286 -8.672300
v 5.633577 -0.118876 -9.289869
v 6.257614 -0.139702 -8.054729
v 6.257614 -0.140082 -8.672300
v 6.257614 -0.148275 -9.289870
v 6.881651 -0.151771 -8.054729
v 6.881651 -0.126870 -8.672300
v 6.881651 -0.135979 -9.289869
v 5.633577 -0.133920 -5.584449
v 5.633577 -0.115663 -6.202019
v 5.633577 -0.124928 -6.819589
v 6.257614 -0.145514 -5.584449
v 6.257614 -0.136613 -6.202019
v 6.257614 -0.145117 -6.819590
v 6.881651 -0.133259 -5.584449
v 6.881651 -0.126965 -6.202019
v 6.881651 -0.148531 -6.819589
v 8.129725 -0.150537 -5.584449
v 8.129725 -0.136713 -6.202019
v 8.129725 -0.140671 -6.819589
v 8.753762 -0.117391 -5.584449
v 8.753761 -0.123664 -6.202019
v 8.753761 -0.108285 -6.819590
v 9.377798 -0.083248 -5.584449
v 9.377799 -0.129639 -6.202019
v 9.377798 -0.122834 -6.819589
v -4.351014 -0.114772 -8.054729
v -4.351014 -0.121568 -8.672299
v -4.351014 -0.135320 -9.289869
v -3.726977 -0.148019 -8.054729
v -3.726977 -0.152153 -8.672299
v -3.726977 -0.153350 -9.289869
v -3.102940 -0.136001 -8.054729
v -3.102940 -0.135151 -8.672299
v -3.102940 -0.121917 -9.289869
v -4.351014 -0.131517 -5.584449
v -4.351013 -0.107123 -6.202019
v -4.351014 -0.115722 -6.819589
v -3.726977 -0.156576 -5.584449
v -3.726977 -0.137914 -6.202019
v -3.726977 -0.153167 -6.819589
v -3.102940 -0.114229 -5.584449
v -3.102940 -0.114344 -6.202019
v -3.102940 -0.137634 -6.819589
v -1.854866 -0.144563 -5.584449
v -1.854866 -0.127609 -6.202019
v -1.854866 -0.122971 -6.819589
v -1.230829 -0.127780 -5.584449
v -1.230829 -0.129443 -6.202019
v -1.230829 -0.103117 -6.819589
v -0.606792 -0.093921 -5.584449
v -0.606792 -0.130674 -6.202019
v -0.606792 -0.127147 -6.819589
v -4.351014 -0.121953 -17.935852
v -4.351014 -0.076888 -18.553421
v -4.351014 -0.105631 -19.170992
v -3.726977 -0.126531 -17.935852
v -3.726977 -0.079489 -18.553421
v -3.726977 -0.137316 -19.170992
v -3.102940 -0.125386 -17.935852
v -3.102940 -0.084266 -18.553423
v -3.102940 -0.137638 -19.170992
v -4.351014 -0.145009 -15.465570
v -4.351014 -0.093955 -16.083141
v -4.351014 -0.104667 -16.700710
v -3.726977 -0.147634 -15.465570
v -3.726977 -0.141317 -16.083141
v -3.726977 -0.150846 -16.700710
v -3.102940 -0.139910 -15.465570
v -3.102940 -0.124777 -16.083141
v -3.102940 -0.148115 -16.700710
v -1.854866 -0.160959 -15.465570
v -1.854866 -0.136235 -16.083141
v -1.854866 -0.158219 -16.700710
v -1.230829 -0.125698 -15.465570
v -1.230829 -0.081547 -16.083141
v -1.230829 -0.125465 -16.700710
v -0.606792 -0.097339 -15.465570
v -0.606792 -0.129109 -16.083141
v -0.606792 -0.116596 -16.700710
v 5.633577 -0.125272 -17.935852
v 5.633577 -0.077875 -18.553421
v 5.633577 -0.103521 -19.170992
v 6.257614 -0.127109 -17.935852
v 6.257614 -0.082390 -18.553421
v 6.257614 -0.130838 -19.170992
v 6.881651 -0.132262 -17.935852
v 6.881651 -0.109218 -18.553423
v 6.881651 -0.131246 -19.170992
v 5.633577 -0.147885 -15.465570
v 5.633577 -0.112751 -16.083141
v 5.633577 -0.109299 -16.700710
v 6.257614 -0.159545 -15.465570
v 6.257614 -0.133657 -16.083141
v 6.257614 -0.128373 -16.700710
v 6.881651 -0.121801 -15.465570
v 6.881651 -0.144133 -16.083141
v 6.881651 -0.148023 -16.700710
v 8.129725 -0.161436 -15.465570
v 8.129725 -0.122625 -16.083141
v 8.129725 -0.122301 -16.700710
v 8.753762 -0.124550 -15.465570
v 8.753761 -0.101107 -16.083141
v 8.753761 -0.137260 -16.700710
v 9.377798 -0.103471 -15.465570
v 9.377799 -0.115158 -16.083141
v 9.377798 -0.134409 -16.700710
v 8.129725 -0.013153 -17.935852
v 8.753761 -0.030467 -17.935852
v 9.377798 -0.024367 -17.935852
v 8.129725 -0.014708 -18.553421
v 8.753762 -0.028807 -18.553421
v 9.377799 -0.008587 -18.553421
v 8.129725 -0.003679 -19.170992
v 8.753762 0.010464 -19.170992
v 9.377798 -0.018580 -19.170992
v -1.854866 -0.018126 -17.935852
v -1.230829 -0.043131 -17.935852
v -0.606793 -0.031899 -17.935852
v -1.854866 -0.023613 -18.553421
v -1.230829 -0.043004 -18.553421
v -0.606793 -0.023451 -18.553421
v -1.854866 -0.005982 -19.170992
v -1.230829 0.013908 -19.170992
v -0.606793 -0.033023 -19.170992
v -1.854866 -0.002628 -8.054729
v -1.230829 -0.029554 -8.054729
v -0.606792 -0.012319 -8.054729
v -1.854866 -0.052061 -8.672299
v -1.230829 -0.007322 -8.672299
v -0.606792 -0.019822 -8.672300
v -1.854866 0.013171 -9.289869
v -1.230829 0.003719 -9.289869
v -0.606792 -0.062815 -9.289869
v 8.129725 -0.020393 -8.054729
v 8.753761 -0.069438 -8.054729
v 9.377798 -0.010125 -8.054729
v 8.129725 -0.027003 -8.672300
v 8.753762 -0.011519 -8.672300
v 9.377799 -0.014241 -8.672300
v 8.129725 -0.008986 -9.289869
v 8.753762 0.009524 -9.289870
v 9.377798 -0.075037 -9.289869
v 3.137429 0.005467 -8.054729
v 3.761467 -0.008224 -8.054729
v 4.385503 0.005031 -8.054729
v 3.137429 -0.038364 -8.672300
v 3.761467 -0.027730 -8.672300
v 4.385503 -0.016257 -8.672300
v 3.137429 -0.001371 -9.289869
v 3.761467 -0.022198 -9.289870
v 4.385503 -0.000341 -9.289869
v 3.137430 -0.029023 -3.114169
v 3.761467 -0.005534 -3.114169
v 4.385503 0.010374 -3.114169
v 3.137429 -0.043318 -3.731739
v 3.761467 -0.017270 -3.731739
v 4.385503 0.013028 -3.731739
v 3.137429 -0.007382 -4.349309
v 3.761467 -0.020769 -4.349308
v 4.385503 -0.018378 -4.349309
v 8.129725 -0.003651 -3.114169
v 8.753761 -0.023067 -3.114169
v 9.377798 -0.025632 -3.114169
v 8.129725 0.000462 -3.731739
v 8.753762 -0.030803 -3.731739
v 9.377799 -0.004028 -3.731739
v 8.129725 -0.014575 -4.349309
v 8.753762 -0.009561 -4.349308
v 9.377798 -0.033874 -4.349309
v -6.847161 0.007861 -8.054729
v -6.223125 -0.000661 -8.054729
v -5.599088 0.000788 -8.054729
v -6.847161 -0.014936 -8.672299
v -6.223125 -0.036844 -8.672299
v -5.599088 -0.008441 -8.672299
v -6.847161 0.001379 -9.289869
v -6.223125 -0.021696 -9.289869
v -5.599088 -0.007090 -9.289869
v -6.847161 -0.013289 -3.114168
v -6.223125 -0.018038 -3.114168
v -5.599087 0.007684 -3.114168
v -6.847161 -0.014290 -3.731738
v -6.223124 -0.001368 -3.731738
v -5.599087 0.019240 -3.731738
v -6.847161 -0.031164 -4.349308
v -6.223125 -0.045056 -4.349308
v -5.599088 -0.028664 -4.349308
v -1.854866 0.009745 -3.114168
v -1.230829 -0.017336 -3.114168
v -0.606792 -0.024865 -3.114169
v -1.854866 0.010396 -3.731739
v -1.230829 -0.035568 -3.731739
v -0.606792 -0.009555 -3.731739
v -1.854866 -0.018597 -4.349308
v -1.230829 -0.003996 -4.349308
v -0.606792 -0.037921 -4.349308
v -6.847162 -0.004099 -17.935852
v -6.223125 -0.002599 -17.935852
v -5.599088 -0.009375 -17.935852
v -6.847161 -0.028485 -18.553421
v -6.223125 -0.051167 -18.553421
v -5.599088 -0.059203 -18.553421
v -6.847162 -0.046576 -19.170992
v -6.223125 -0.020176 -19.170992
v -5.599088 -0.025887 -19.170992
v -6.847162 -0.042900 -12.995290
v -6.223125 -0.059928 -12.995290
v -5.599088 -0.008328 -12.995290
v -6.847161 -0.005596 -13.612861
v -6.223125 0.001689 -13.612860
v -5.599088 0.018799 -13.612860
v -6.847162 0.002506 -14.230430
v -6.223125 -0.018004 -14.230431
v -5.599088 -0.017966 -14.230430
v -1.854866 0.012390 -12.995290
v -1.230829 -0.030428 -12.995290
v -0.606792 -0.009461 -12.995291
v -1.854866 -0.001156 -13.612861
v -1.230829 -0.016481 -13.612861
v -0.606792 -0.061563 -13.612861
v -1.854866 -0.016143 -14.230430
v -1.230829 -0.013256 -14.230431
v -0.606792 -0.001784 -14.230430
v 3.137429 -0.005186 -17.935852
v 3.761466 0.009465 -17.935852
v 4.385503 -0.008388 -17.935852
v 3.137429 -0.010299 -18.553421
v 3.761466 -0.043296 -18.553421
v 4.385503 -0.052176 -18.553421
v 3.137429 -0.035845 -19.170992
v 3.761466 -0.053907 -19.170992
v 4.385503 -0.024809 -19.170992
v 3.137429 -0.050443 -12.995291
v 3.761466 -0.064299 -12.995290
v 4.385503 -0.017872 -12.995291
v 3.137429 -0.030633 -13.612861
v 3.761466 0.004131 -13.612861
v 4.385503 0.009036 -13.612861
v 3.137429 -0.006948 -14.230430
v 3.761466 -0.016216 -14.230431
v 4.385503 -0.019691 -14.230430
v 8.129725 0.010117 -12.995291
v 8.753761 -0.045072 -12.995290
v 9.377798 -0.001386 -12.995291
v 8.129725 0.004488 -13.612861
v 8.753762 -0.013304 -13.612861
v 9.377799 -0.039453 -13.612861
v 8.129725 -0.002694 -14.230430
v 8.753762 0.000772 -14.230431
v 9.377798 -0.002140 -14.230430
v 5.633577 -0.011551 -12.995291
v 6.257614 0.019298 -12.995290
v 6.881651 0.009496 -12.995291
v 5.633577 -0.008818 -13.612861
v 6.257614 0.005126 -13.612861
v 6.881651 -0.032684 -13.612861
v 5.633577 -0.030239 -14.230430
v 6.257614 -0.010616 -14.230431
v 6.881651 -0.022194 -14.230430
v 5.633577 -0.048495 -10.525010
v 6.257614 -0.010810 -10.525010
v 6.881651 -0.009517 -10.525010
v 5.633577 -0.026774 -11.142580
v 6.257614 -0.006647 -11.142580
v 6.881651 -0.001894 -11.142580
v 5.633577 -0.023743 -11.760150
v 6.257614 -0.001760 -11.760151
v 6.881651 -0.006389 -11.760150
v 8.129725 -0.013389 -10.525010
v 8.753761 -0.000421 -10.525010
v 9.377798 -0.012259 -10.525010
v 8.129725 0.010448 -11.142580
v 8.753762 -0.013852 -11.142580
v 9.377799 -0.025054 -11.142580
v 8.129725 0.015246 -11.760150
v 8.753762 -0.034583 -11.760151
v 9.377798 -0.001509 -11.760150
v 0.641282 -0.004630 -12.995291
v 1.265318 -0.004281 -12.995290
v 1.889355 -0.051694 -12.995291
v 0.641282 0.000848 -13.612861
v 1.265318 -0.033487 -13.612861
v 1.889355 -0.029217 -13.612861
v 0.641282 -0.016804 -14.230430
v 1.265318 -0.002807 -14.230431
v 1.889355 -0.033241 -14.230430
v 0.641282 -0.012188 -10.525010
v 1.265319 -0.028616 -10.525010
v 1.889355 -0.069365 -10.525010
v 0.641282 -0.051094 -11.142580
v 1.265319 0.000613 -11.142580
v 1.889355 -0.029653 -11.142580
v 0.641282 -0.029790 -11.760150
v 1.265319 -0.003503 -11.760151
v 1.889355 -0.021369 -11.760150
v 3.137429 -0.010481 -10.525010
v 3.761466 -0.046849 -10.525010
v 4.385503 -0.035873 -10.525010
v 3.137429 -0.022656 -11.142580
v 3.761466 -0.016724 -11.142580
v 4.385503 0.003750 -11.142580
v 3.137429 -0.011249 -11.760150
v 3.761466 -0.013059 -11.760151
v 4.385503 0.002211 -11.760150
v 0.641281 -0.043718 -17.935852
v 1.265318 0.016638 -17.935852
v 1.889355 -0.013453 -17.935852
v 0.641281 -0.022371 -18.553421
v 1.265318 -0.028569 -18.553421
v 1.889355 -0.048616 -18.553421
v 0.641281 -0.032893 -19.170992
v 1.265318 -0.022791 -19.170992
v 1.889355 -0.029963 -19.170992
v 0.641281 -0.000970 -15.465570
v 1.265318 -0.026870 -15.465569
v 1.889355 -0.030663 -15.465570
v 0.641281 -0.018944 -16.083141
v 1.265318 0.017361 -16.083141
v 1.889355 -0.023938 -16.083141
v 0.641281 0.011423 -16.700710
v 1.265318 -0.040918 -16.700712
v 1.889355 -0.023017 -16.700710
v 3.137429 -0.025691 -15.465570
v 3.761466 -0.001036 -15.465569
v 4.385503 0.014057 -15.465570
v 3.137429 0.005596 -16.083141
v 3.761466 -0.009525 -16.083141
v 4.385503 -0.011335 -16.083141
v 3.137429 -0.022789 -16.700710
v 3.761466 -0.047414 -16.700712
v 4.385503 -0.007478 -16.700710
v -4.351014 -0.024348 -12.995290
v -3.726977 0.011819 -12.995290
v -3.102940 -0.000653 -12.995290
v -4.351014 -0.009725 -13.612861
v -3.726977 0.011922 -13.612860
v -3.102940 -0.033817 -13.612860
v -4.351014 -0.042639 -14.230430
v -3.726977 -0.004739 -14.230431
v -3.102940 0.000788 -14.230430
v -4.351014 -0.060043 -10.525009
v -3.726977 -0.026656 -10.525009
v -3.102940 -0.018674 -10.525009
v -4.351014 -0.030375 -11.142580
v -3.726977 -0.016103 -11.142580
v -3.102940 -0.006988 -11.142580
v -4.351014 -0.019772 -11.760149
v -3.726977 0.000583 -11.760150
v -3.102940 -0.032259 -11.760149
v -1.854866 -0.011341 -10.525009
v -1.230829 0.001364 -10.525009
v -0.606792 -0.013428 -10.525010
v -1.854866 0.004682 -11.142580
v -1.230829 -0.003192 -11.142580
v -0.606792 -0.024333 -11.142580
v -1.854866 0.005597 -11.760150
v -1.230829 -0.046549 -11.760150
v -0.606792 -0.009395 -11.760150
v -9.343309 -0.011957 -12.995290
v -8.719272 -0.010301 -12.995290
v -8.095235 -0.035236 -12.995290
v -9.343309 -0.006663 -13.612861
v -8.719273 -0.009406 -13.612860
v -8.095236 -0.002481 -13.612860
v -9.343309 -0.005051 -14.230430
v -8.719273 -0.004910 -14.230431
v -8.095236 -0.022836 -14.230430
v -9.343309 -0.038405 -10.525009
v -8.719272 -0.009677 -10.525009
v -8.095235 -0.051373 -10.525009
v -9.343309 -0.053773 -11.142580
v -8.719273 -0.004036 -11.142580
v -8.095236 -0.027050 -11.142580
v -9.343309 -0.043556 -11.760149
v -8.719273 0.011172 -11.760150
v -8.095236 -0.022024 -11.760149
v -6.847162 -0.006364 -10.525009
v -6.223125 -0.049848 -10.525009
v -5.599088 -0.037399 -10.525009
v -6.847161 -0.024542 -11.142580
v -6.223125 -0.037356 -11.142580
v -5.599088 -0.001575 -11.142580
v -6.847162 0.000549 -11.760149
v -6.223125 -0.022773 -11.760150
v -5.599088 0.007649 -11.760149
v -9.343309 -0.032455 -17.935852
v -8.719272 0.010503 -17.935852
v -8.095235 -0.033016 -17.935852
v -9.343309 -0.025348 -18.553421
v -8.719273 -0.025752 -18.553421
v -8.095236 -0.062338 -18.553421
v -9.343309 -0.034105 -19.170992
v -8.719273 -0.011062 -19.170992
v -8.095236 -0.027699 -19.170992
v -9.343309 -0.000543 -15.465570
v -8.719272 -0.038856 -15.465569
v -8.095235 -0.022248 -15.465570
v -9.343309 -0.021175 -16.083141
v -8.719273 0.014659 -16.083141
v -8.095236 -0.011304 -16.083141
v -9.343309 0.010265 -16.700710
v -8.719273 -0.013607 -16.700712
v -8.095236 -0.022801 -16.700710
v -6.847162 -0.035644 -15.465570
v -6.223125 -0.000430 -15.465569
v -5.599088 0.010277 -15.465570
v -6.847161 0.007985 -16.083141
v -6.223125 -0.015468 -16.083141
v -5.599088 -0.015424 -16.083141
v -6.847162 -0.027942 -16.700710
v -6.223125 -0.052701 -16.700712
v -5.599088 -0.016357 -16.700710
v -4.351014 -0.056596 -3.114168
v -3.726976 0.006987 -3.114168
v -3.102940 -0.000223 -3.114168
v -4.351013 -0.000805 -3.731738
v -3.726976 0.009566 -3.731738
v -3.102940 -0.032849 -3.731738
v -4.351013 -0.020821 -4.349308
v -3.726977 -0.032394 -4.349308
v -3.102940 -0.010566 -4.349308
v -4.351014 -0.009798 -0.643888
v -3.726976 -0.031767 -0.643888
v -3.102940 -0.014324 -0.643888
v -4.351013 -0.002840 -1.261458
v -3.726976 0.009115 -1.261458
v -3.102940 -0.005554 -1.261458
v -4.351013 -0.032889 -1.879028
v -3.726976 0.000297 -1.879028
v -3.102940 -0.030976 -1.879028
v -1.854866 -0.022501 -0.643888
v -1.230829 -0.021944 -0.643888
v -0.606792 -0.014661 -0.643888
v -1.854866 0.004820 -1.261458
v -1.230829 0.011215 -1.261458
v -0.606792 -0.053489 -1.261458
v -1.854866 -0.014152 -1.879028
v -1.230829 -0.061089 -1.879028
v -0.606792 -0.008565 -1.879028
v -9.343309 -0.047610 -3.114169
v -8.719272 -0.004472 -3.114168
v -8.095235 -0.020391 -3.114168
v -9.343309 -0.035276 -3.731739
v -8.719273 -0.003524 -3.731739
v -8.095236 -0.002302 -3.731739
v -9.343309 -0.020288 -4.349308
v -8.719273 -0.028508 -4.349308
v -8.095235 -0.034062 -4.349308
v -9.343309 -0.017202 -0.643888
v -8.719272 -0.044166 -0.643888
v -8.095235 -0.026496 -0.643888
v -9.343309 0.000679 -1.261458
v -8.719273 -0.021949 -1.261458
v -8.095236 -0.032428 -1.261458
v -9.343309 -0.023655 -1.879028
v -8.719273 0.002100 -1.879028
v -8.095235 -0.015192 -1.879028
v -6.847161 -0.041576 -0.643888
v -6.223125 -0.034077 -0.643888
v -5.599087 -0.024708 -0.643888
v -6.847161 -0.001295 -1.261458
v -6.223124 -0.007881 -1.261458
v -5.599087 -0.022519 -1.261458
v -6.847161 -0.008537 -1.879028
v -6.223125 -0.016573 -1.879028
v -5.599088 -0.008588 -1.879028
v -9.343309 -0.015883 -8.054729
v -8.719272 0.008288 -8.054729
v -8.095235 -0.016815 -8.054729
v -9.343309 -0.000402 -8.672299
v -8.719273 -0.008946 -8.672299
v -8.095236 -0.047863 -8.672299
v -9.343309 0.014643 -9.289869
v -8.719273 -0.041085 -9.289869
v -8.095236 -0.010611 -9.289869
v -9.343309 -0.012670 -5.584449
v -8.719272 0.004846 -5.584449
v -8.095235 -0.002989 -5.584449
v -9.343309 -0.030422 -6.202019
v -8.719273 -0.006264 -6.202019
v -8.095236 -0.015448 -6.202019
v -9.343309 0.008103 -6.819589
v -8.719273 -0.008031 -6.819589
v -8.095236 -0.027664 -6.819589
v -6.847161 -0.018970 -5.584449
v -6.223125 -0.022830 -5.584449
v -5.599087 0.016272 -5.584449
v -6.847161 0.005971 -6.202019
v -6.223124 -0.017794 -6.202019
v -5.599087 -0.020939 -6.202019
v -6.847161 -0.045106 -6.819589
v -6.223125 -0.063755 -6.819589
v -5.599088 0.004460 -6.819589
v 5.633577 -0.029747 -3.114169
v 6.257614 0.004457 -3.114169
v 6.881652 -0.000912 -3.114169
v 5.633577 -0.005933 -3.731739
v 6.257614 -0.007160 -3.731739
v 6.881651 -0.045723 -3.731739
v 5.633577 -0.025991 -4.349309
v 6.257614 -0.016885 -4.349308
v 6.881651 0.000200 -4.349309
v 5.633577 -0.046289 -0.643888
v 6.257614 -0.035610 -0.643888
v 6.881652 -0.021673 -0.643888
v 5.633577 -0.017840 -1.261458
v 6.257614 0.005154 -1.261458
v 6.881651 0.003160 -1.261458
v 5.633577 -0.016309 -1.879028
v 6.257614 -0.008622 -1.879028
v 6.881651 -0.020294 -1.879028
v 8.129725 -0.008245 -0.643888
v 8.753761 -0.008595 -0.643888
v 9.377798 -0.032173 -0.643888
v 8.129725 0.002551 -1.261458
v 8.753762 0.016513 -1.261458
v 9.377799 -0.048165 -1.261458
v 8.129725 -0.008871 -1.879028
v 8.753762 -0.042053 -1.879028
v 9.377798 -0.001779 -1.879028
v 0.641282 -0.060366 -3.114169
v 1.265319 -0.000623 -3.114169
v 1.889356 -0.034245 -3.114169
v 0.641282 -0.022013 -3.731739
v 1.265319 -0.026965 -3.731739
v 1.889356 -0.004677 -3.731739
v 0.641282 -0.005326 -4.349309
v 1.265319 -0.022554 -4.349308
v 1.889356 -0.017365 -4.349309
v 0.641282 -0.006706 -0.643888
v 1.265319 -0.041170 -0.643888
v 1.889356 -0.050944 -0.643888
v 0.641282 -0.011466 -1.261458
v 1.265319 -0.019802 -1.261458
v 1.889356 -0.004804 -1.261458
v 0.641282 -0.022559 -1.879028
v 1.265319 0.002622 -1.879028
v 1.889356 -0.009707 -1.879028
v 3.137430 -0.038033 -0.643888
v 3.761467 -0.014413 -0.643888
v 4.385503 -0.026158 -0.643888
v 3.137430 -0.025833 -1.261458
v 3.761467 -0.018132 -1.261458
v 4.385504 -0.031185 -1.261458
v 3.137430 -0.023689 -1.879028
v 3.761467 -0.012190 -1.879028
v 4.385503 -0.003900 -1.879028
v 0.641282 -0.010259 -8.054729
v 1.265319 0.003792 -8.054729
v 1.889356 -0.001806 -8.054729
v 0.641282 -0.010261 -8.672300
v 1.265319 -0.035323 -8.672300
v 1.889356 -0.034806 -8.672300
v 0.641282 -0.013547 -9.289869
v 1.265319 -0.040802 -9.289870
v 1.889355 -0.007902 -9.289869
v 0.641282 -0.002722 -5.584449
v 1.265319 -0.021554 -5.584449
v 1.889356 -0.029841 -5.584449
v 0.641282 -0.035937 -6.202019
v 1.265319 0.008223 -6.202019
v 1.889356 -0.053491 -6.202019
v 0.641282 -0.011066 -6.819589
v 1.265319 -0.033150 -6.819590
v 1.889356 -0.037243 -6.819589
v 3.137430 -0.031185 -5.584449
v 3.761467 -0.021938 -5.584449
v 4.385503 0.010451 -5.584449
v 3.137429 -0.011653 -6.202019
v 3.761467 -0.006214 -6.202019
v 4.385503 -0.017798 -6.202019
v 3.137429 -0.029426 -6.819589
v 3.761467 -0.055269 -6.819590
v 4.385503 0.011038 -6.819589
v 5.633577 -0.015280 -8.054729
v 6.257614 -0.000706 -8.054729
v 6.881651 0.011362 -8.054729
v 5.633577 -0.005122 -8.672300
v 6.257614 -0.000325 -8.672300
v 6.881651 -0.013538 -8.672300
v 5.633577 -0.021533 -9.289869
v 6.257614 0.007866 -9.289870
v 6.881651 -0.004429 -9.289869
v 5.633577 -0.006489 -5.584449
v 6.257614 0.005105 -5.584449
v 6.881651 -0.007149 -5.584449
v 5.633577 -0.024746 -6.202019
v 6.257614 -0.003795 -6.202019
v 6.881651 -0.013444 -6.202019
v 5.633577 -0.015480 -6.819589
v 6.257614 0.004708 -6.819590
v 6.881651 0.008122 -6.819589
v 8.129725 0.010128 -5.584449
v 8.753761 -0.023017 -5.584449
v 9.377798 -0.057160 -5.584449
v 8.129725 -0.003696 -6.202019
v 8.753762 -0.016741 -6.202019
v 9.377799 -0.010770 -6.202019
v 8.129725 0.000262 -6.819589
v 8.753762 -0.032124 -6.819590
v 9.377798 -0.017575 -6.819589
v -4.351014 -0.025637 -8.054729
v -3.726977 0.007610 -8.054729
v -3.102940 -0.004407 -8.054729
v -4.351014 -0.018841 -8.672299
v -3.726977 0.011745 -8.672299
v -3.102940 -0.005257 -8.672299
v -4.351014 -0.005089 -9.289869
v -3.726977 0.012942 -9.289869
v -3.102940 -0.018491 -9.289869
v -4.351014 -0.008892 -5.584449
v -3.726976 0.016167 -5.584449
v -3.102940 -0.026180 -5.584449
v -4.351014 -0.033286 -6.202019
v -3.726976 -0.002494 -6.202019
v -3.102940 -0.026065 -6.202019
v -4.351013 -0.024687 -6.819589
v -3.726977 0.012759 -6.819589
v -3.102940 -0.002774 -6.819589
v -1.854866 0.004154 -5.584449
v -1.230829 -0.012628 -5.584449
v -0.606792 -0.046488 -5.584449
v -1.854866 -0.012800 -6.202019
v -1.230829 -0.010965 -6.202019
v -0.606792 -0.009735 -6.202019
v -1.854866 -0.017438 -6.819589
v -1.230829 -0.037292 -6.819589
v -0.606792 -0.013261 -6.819589
v -4.351014 -0.018456 -17.935852
v -3.726977 -0.013878 -17.935852
v -3.102940 -0.015022 -17.935852
v -4.351014 -0.063521 -18.553421
v -3.726977 -0.060920 -18.553421
v -3.102940 -0.056140 -18.553421
v -4.351014 -0.034777 -19.170992
v -3.726977 -0.003093 -19.170992
v -3.102940 -0.002771 -19.170992
v -4.351014 0.004601 -15.465570
v -3.726977 0.007226 -15.465569
v -3.102940 -0.000499 -15.465570
v -4.351014 -0.046453 -16.083141
v -3.726977 0.000908 -16.083141
v -3.102940 -0.015632 -16.083141
v -4.351014 -0.035742 -16.700710
v -3.726977 0.010448 -16.700712
v -3.102940 0.007707 -16.700710
v -1.854866 0.020551 -15.465570
v -1.230829 -0.014715 -15.465569
v -0.606793 -0.043070 -15.465570
v -1.854866 -0.004174 -16.083141
v -1.230829 -0.058862 -16.083141
v -0.606792 -0.011299 -16.083141
v -1.854866 0.017811 -16.700710
v -1.230829 -0.014948 -16.700712
v -0.606793 -0.023813 -16.700710
v 5.633577 -0.015137 -17.935852
v 6.257614 -0.013299 -17.935852
v 6.881651 -0.008147 -17.935852
v 5.633577 -0.062533 -18.553421
v 6.257614 -0.058018 -18.553421
v 6.881651 -0.031188 -18.553421
v 5.633577 -0.036889 -19.170992
v 6.257614 -0.009570 -19.170992
v 6.881651 -0.009163 -19.170992
v 5.633577 0.007476 -15.465570
v 6.257614 0.019136 -15.465569
v 6.881651 -0.018607 -15.465570
v 5.633577 -0.027657 -16.083141
v 6.257614 -0.006751 -16.083141
v 6.881651 0.003724 -16.083141
v 5.633577 -0.031109 -16.700710
v 6.257614 -0.012036 -16.700712
v 6.881651 0.007614 -16.700710
v 8.129725 0.021027 -15.465570
v 8.753761 -0.015858 -15.465569
v 9.377798 -0.036937 -15.465570
v 8.129725 -0.017784 -16.083141
v 8.753762 -0.039302 -16.083141
v 9.377799 -0.025251 -16.083141
v 8.129725 -0.018107 -16.700710
v 8.753762 -0.003154 -16.700712
v 9.377798 -0.005999 -16.700710
v -10.011824 -0.074151 -9.289869
v -10.034115 -0.074153 -8.672299
v -10.025889 -0.074152 -8.054729
v -10.011824 -0.070203 -9.289869
v -10.034115 -0.070204 -8.672299
v -10.025889 -0.070204 -8.054729
v -10.011824 -0.066257 -9.289869
v -10.034115 -0.066258 -8.672299
v -10.025889 -0.066260 -8.054729
v -10.007445 -0.074151 -6.819589
v -10.017632 -0.074152 -6.202019
v -10.036694 -0.074153 -5.584449
v -10.007445 -0.070204 -6.819589
v -10.017632 -0.070204 -6.202019
v -10.036694 -0.070204 -5.584449
v -10.007445 -0.066257 -6.819589
v -10.017632 -0.066258 -6.202019
v -10.036694 -0.066260 -5.584449
v 0.641282 -0.074149 0.019115
v 1.265319 -0.074148 0.021316
v 1.889356 -0.074147 0.048933
v 0.641282 -0.070203 0.019115
v 1.265319 -0.070205 0.021316
v 1.889356 -0.070206 0.048933
v 0.641282 -0.066260 0.019114
v 1.265319 -0.066261 0.021316
v 1.889356 -0.066262 0.048933
v 3.137430 -0.074149 0.011782
v 3.761467 -0.074149 0.031086
v 4.385504 -0.074149 0.010741
v 3.137430 -0.070204 0.011782
v 3.761467 -0.070204 0.031086
v 4.385504 -0.070204 0.010741
v 3.137430 -0.066260 0.011782
v 3.761467 -0.066260 0.031086
v 4.385504 -0.066260 0.010741
v -10.005048 -0.074151 -4.349309
v -10.014871 -0.074152 -3.731739
v -10.025036 -0.074152 -3.114169
v -10.005048 -0.070204 -4.349309
v -10.014871 -0.070204 -3.731739
v -10.025036 -0.070204 -3.114168
v -10.005048 -0.066258 -4.349308
v -10.014871 -0.066258 -3.731739
v -10.025036 -0.066260 -3.114169
v -10.027301 -0.074152 -1.879029
v -10.000119 -0.074151 -1.261457
v -10.015459 -0.074152 -0.643888
v -10.027301 -0.070204 -1.879028
v -10.000121 -0.070204 -1.261458
v -10.015457 -0.070204 -0.643888
v -10.027301 -0.066256 -1.879028
v -10.000120 -0.066259 -1.261458
v -10.015458 -0.066260 -0.643888
v 10.037063 -0.074149 -10.525010
v 10.056938 -0.074149 -11.142580
v 10.060691 -0.074149 -11.760151
v 10.037065 -0.070202 -10.525010
v 10.056938 -0.070204 -11.142580
v 10.060690 -0.070204 -11.760151
v 10.037063 -0.066260 -10.525010
v 10.056938 -0.066260 -11.142580
v 10.060692 -0.066260 -11.760150
v 10.042253 -0.074149 -12.995291
v 10.072294 -0.074149 -13.612861
v 10.044351 -0.074149 -14.230430
v 10.042253 -0.070204 -12.995291
v 10.072294 -0.070204 -13.612861
v 10.044350 -0.070204 -14.230431
v 10.042253 -0.066260 -12.995291
v 10.072294 -0.066260 -13.612861
v 10.044351 -0.066260 -14.230430
v 5.633578 -0.074149 0.016360
v 6.257614 -0.074149 0.022476
v 6.881652 -0.074149 0.044528
v 5.633577 -0.070204 0.016361
v 6.257614 -0.070204 0.022476
v 6.881652 -0.070204 0.044528
v 5.633577 -0.066260 0.016360
v 6.257615 -0.066260 0.022474
v 6.881651 -0.066260 0.044528
v 8.129725 -0.074149 0.030686
v 8.753763 -0.074149 -0.022396
v 9.377799 -0.074149 0.029562
v 8.129725 -0.070204 0.030686
v 8.753762 -0.070204 -0.022395
v 9.377799 -0.070204 0.029562
v 8.129725 -0.066260 0.030686
v 8.753762 -0.066260 -0.022395
v 9.377798 -0.066260 0.029562
v -0.606793 -0.074149 -19.849060
v -1.230829 -0.074149 -19.812099
v -1.854866 -0.074149 -19.851252
v -0.606793 -0.070198 -19.849060
v -1.230829 -0.070209 -19.812103
v -1.854866 -0.070210 -19.851254
v -0.606793 -0.066260 -19.849060
v -1.230829 -0.066260 -19.812103
v -1.854866 -0.066260 -19.851252
v -3.102940 -0.074149 -19.811909
v -3.726977 -0.074149 -19.853245
v -4.351014 -0.074149 -19.838757
v -3.102940 -0.070204 -19.811909
v -3.726977 -0.070217 -19.853247
v -4.351014 -0.070214 -19.838757
v -3.102940 -0.066260 -19.811909
v -3.726977 -0.066260 -19.853247
v -4.351014 -0.066260 -19.838757
v 10.042361 -0.074149 -15.465570
v 10.061472 -0.074149 -16.083141
v 10.055163 -0.074149 -16.700710
v 10.042360 -0.070204 -15.465570
v 10.061472 -0.070204 -16.083141
v 10.055165 -0.070204 -16.700710
v 10.042361 -0.066260 -15.465570
v 10.061472 -0.066260 -16.083141
v 10.055163 -0.066260 -16.700710
v 10.049002 -0.074152 -17.935852
v 10.057771 -0.074152 -18.553423
v 10.037762 -0.074152 -19.170990
v 10.049005 -0.070201 -17.935852
v 10.057767 -0.070194 -18.553423
v 10.037762 -0.070198 -19.170994
v 10.049002 -0.066257 -17.935852
v 10.057769 -0.066257 -18.553421
v 10.037764 -0.066257 -19.170992
v -10.005723 -0.074151 -19.170990
v -10.022257 -0.074152 -18.553423
v -10.036916 -0.074153 -17.935852
v -10.005723 -0.070204 -19.170992
v -10.022255 -0.070204 -18.553421
v -10.036916 -0.070204 -17.935852
v -10.005723 -0.066258 -19.170992
v -10.022257 -0.066258 -18.553423
v -10.036916 -0.066260 -17.935852
v -10.032191 -0.074153 -16.700710
v -10.018574 -0.074152 -16.083141
v -10.036415 -0.074153 -15.465570
v -10.032191 -0.070204 -16.700710
v -10.018574 -0.070204 -16.083141
v -10.036415 -0.070204 -15.465570
v -10.032191 -0.066256 -16.700710
v -10.018574 -0.066258 -16.083141
v -10.036415 -0.066260 -15.465570
v -5.599088 -0.074149 -19.853264
v -6.223125 -0.074149 -19.833057
v -6.847162 -0.074149 -19.859262
v -5.599088 -0.070211 -19.853264
v -6.223125 -0.070213 -19.833057
v -6.847161 -0.070218 -19.859264
v -5.599088 -0.066260 -19.853264
v -6.223125 -0.066260 -19.833057
v -6.847161 -0.066260 -19.859264
v -8.095236 -0.074149 -19.866434
v -8.719273 -0.074149 -19.851435
v -9.343308 -0.074149 -19.834656
v -8.095236 -0.070189 -19.866436
v -8.719273 -0.070198 -19.851433
v -9.343310 -0.070209 -19.834656
v -8.095235 -0.066260 -19.866432
v -8.719273 -0.066260 -19.851433
v -9.343308 -0.066260 -19.834656
v -9.343308 -0.074149 0.011240
v -8.719274 -0.074149 0.036299
v -8.095236 -0.074149 0.039121
v -9.343310 -0.070204 0.011238
v -8.719272 -0.070204 0.036302
v -8.095236 -0.070204 0.039121
v -9.343309 -0.066260 0.011239
v -8.719273 -0.066260 0.036301
v -8.095235 -0.066260 0.039120
v -6.847161 -0.074149 0.036563
v -6.223125 -0.074149 0.025679
v -5.599087 -0.074149 0.016400
v -6.847161 -0.070204 0.036564
v -6.223124 -0.070204 0.025678
v -5.599087 -0.070204 0.016400
v -6.847161 -0.066260 0.036563
v -6.223125 -0.066260 0.025679
v -5.599088 -0.066260 0.016399
v -9.987133 -0.074150 -14.230430
v -10.026703 -0.074152 -13.612860
v -10.028952 -0.074152 -12.995290
v -9.987131 -0.070204 -14.230431
v -10.026702 -0.070204 -13.612861
v -10.028952 -0.070204 -12.995290
v -9.987133 -0.066259 -14.230430
v -10.026702 -0.066258 -13.612861
v -10.028952 -0.066260 -12.995290
v -10.015007 -0.074152 -11.760149
v -10.019277 -0.074152 -11.142580
v -10.012472 -0.074151 -10.525009
v -10.015009 -0.070204 -11.760150
v -10.019277 -0.070204 -11.142580
v -10.012472 -0.070203 -10.525009
v -10.015007 -0.066257 -11.760149
v -10.019277 -0.066258 -11.142580
v -10.012472 -0.066260 -10.525010
v 10.028046 -0.074151 -0.643888
v 10.052631 -0.074152 -1.261457
v 10.055423 -0.074154 -1.879028
v 10.028051 -0.070203 -0.643888
v 10.052630 -0.070195 -1.261458
v 10.055423 -0.070195 -1.879028
v 10.028047 -0.066258 -0.643888
v 10.052630 -0.066257 -1.261458
v 10.055416 -0.066255 -1.879029
v 10.047751 -0.074150 -3.114169
v 10.062975 -0.074149 -3.731739
v 10.059499 -0.074149 -4.349308
v 10.047753 -0.070204 -3.114168
v 10.062975 -0.070204 -3.731739
v 10.059497 -0.070204 -4.349309
v 10.047751 -0.066259 -3.114169
v 10.062975 -0.066260 -3.731739
v 10.059499 -0.066260 -4.349308
v -4.351014 -0.074149 -0.001165
v -3.726976 -0.074149 0.045846
v -3.102940 -0.074149 0.037800
v -4.351013 -0.070204 -0.001165
v -3.726976 -0.070204 0.045846
v -3.102940 -0.070204 0.037800
v -4.351013 -0.066260 -0.001165
v -3.726976 -0.066260 0.045846
v -3.102940 -0.066260 0.037800
v -1.854865 -0.074149 0.035406
v -1.230829 -0.074149 -0.008816
v -0.606792 -0.074150 0.026428
v -1.854866 -0.070206 0.035406
v -1.230829 -0.070204 -0.008816
v -0.606792 -0.070203 0.026428
v -1.854865 -0.066260 0.035405
v -1.230829 -0.066260 -0.008816
v -0.606792 -0.066259 0.026428
v 9.377799 -0.074142 -19.854488
v 8.753762 -0.074149 -19.802177
v 8.129725 -0.074149 -19.860947
v 9.377798 -0.070198 -19.854490
v 8.753762 -0.070202 -19.802176
v 8.129725 -0.070204 -19.860950
v 9.377799 -0.066266 -19.854488
v 8.753762 -0.066260 -19.802176
v 8.129725 -0.066260 -19.860947
v 6.881651 -0.074149 -19.831347
v 6.257614 -0.074149 -19.825294
v 5.633577 -0.074149 -19.830090
v 6.881651 -0.070208 -19.831347
v 6.257614 -0.070211 -19.825296
v 5.633577 -0.070212 -19.830091
v 6.881651 -0.066260 -19.831347
v 6.257614 -0.066260 -19.825296
v 5.633577 -0.066260 -19.830090
v 10.070517 -0.074149 -5.584449
v 10.035938 -0.074149 -6.202019
v 10.055892 -0.074149 -6.819589
v 10.070517 -0.070204 -5.584449
v 10.035938 -0.070204 -6.202019
v 10.055891 -0.070204 -6.819590
v 10.070517 -0.066260 -5.584449
v 10.035938 -0.066260 -6.202019
v 10.055892 -0.066260 -6.819589
v 10.064191 -0.074149 -8.054729
v 10.064695 -0.074149 -8.672300
v 10.040444 -0.074149 -9.289869
v 10.064195 -0.070204 -8.054729
v 10.064695 -0.070204 -8.672300
v 10.040442 -0.070202 -9.289870
v 10.064191 -0.066260 -8.054729
v 10.064695 -0.066260 -8.672300
v 10.040444 -0.066260 -9.289869
v 4.385503 -0.074149 -19.847839
v 3.761466 -0.074149 -19.844669
v 3.137429 -0.074149 -19.845287
v 4.385503 -0.070216 -19.847839
v 3.761466 -0.070221 -19.844671
v 3.137429 -0.070210 -19.845287
v 4.385503 -0.066260 -19.847839
v 3.761466 -0.066260 -19.844671
v 3.137429 -0.066260 -19.845287
v 1.889355 -0.074149 -19.831928
v 1.265318 -0.074149 -19.855322
v 0.641281 -0.074149 -19.841717
v 1.889355 -0.070208 -19.831928
v 1.265318 -0.070217 -19.855322
v 0.641281 -0.070199 -19.841719
v 1.889355 -0.066260 -19.831928
v 1.265318 -0.066260 -19.855322
v 0.641281 -0.066260 -19.841717
vn 0.0277 -0.9996 0.0027
vn 0.0226 -0.9996 0.0179
vn -0.0098 -0.9999 0.0027
vn -0.0324 -0.9993 -0.0162
vn -0.0552 -0.9973 -0.0487
vn 0.0257 -0.9997 -0.0025
vn -0.0323 -0.9995 0.0065
vn -0.0435 -0.9990 0.0131
vn -0.0225 -0.9947 -0.1002
vn 0.0463 -0.9939 -0.1001
vn 0.0282 -0.9996 0.0043
vn 0.0213 -0.9995 -0.0234
vn 0.0070 -0.9996 0.0255
vn 0.0126 -0.9999 0.0021
vn 0.0414 -0.9979 -0.0496
vn 0.0268 -0.9985 -0.0487
vn 0.0400 -0.9992 -0.0089
vn 0.0310 -0.9991 0.0285
vn -0.0180 -0.9998 0.0002
vn -0.0313 -0.9994 -0.0155
vn -0.0804 -0.9948 -0.0620
vn -0.0044 -1.0000 -0.0089
vn -0.0386 -0.9981 0.0483
vn -0.0190 -0.9997 -0.0181
vn -0.0317 -0.9951 -0.0935
vn 0.0747 -0.9928 -0.0933
vn 0.0063 -0.9998 0.0204
vn -0.0322 -0.9980 -0.0543
vn -0.0624 -0.9979 -0.0169
vn -0.0495 -0.9988 0.0067
vn 0.0517 -0.9966 -0.0636
vn 0.0385 -0.9973 -0.0622
vn 0.0431 -0.9984 0.0359
vn -0.0711 -0.9919 0.1048
vn -0.0276 -0.9990 0.0360
vn 0.0200 -0.9996 0.0179
vn -0.0268 -0.9992 -0.0288
vn -0.0268 -0.9965 -0.0798
vn 0.0066 -0.9968 0.0795
vn -0.0189 -0.9987 -0.0482
vn 0.0151 -0.9987 -0.0482
vn 0.1057 -0.9915 0.0759
vn -0.0666 -0.9949 0.0762
vn -0.0343 -0.9987 -0.0366
vn -0.0186 -0.9998 0.0038
vn -0.0347 -0.9989 0.0318
vn 0.0365 -0.9988 -0.0329
vn 0.0390 -0.9988 -0.0288
vn 0.0780 -0.9926 0.0931
vn -0.0248 -0.9993 0.0292
vn -0.0942 -0.9912 0.0930
vn 0.0044 -0.9994 0.0341
vn -0.0015 -0.9996 -0.0279
vn 0.0161 -0.9990 -0.0419
vn -0.0148 -0.9995 0.0292
vn 0.0274 -0.9995 0.0168
vn -0.0296 -0.9994 0.0168
vn 0.1335 -0.9851 -0.1082
vn -0.0610 -0.9923 0.1076
vn 0.0054 -0.9996 -0.0279
vn 0.0121 -0.9999 -0.0067
vn 0.0303 -0.9995 0.0026
vn -0.0073 -1.0000 0.0026
vn 0.0386 -0.9982 -0.0456
vn 0.0219 -0.9973 -0.0708
vn -0.0170 -0.9998 0.0090
vn -0.0212 -0.9992 -0.0344
vn -0.0184 -0.9998 0.0090
vn -0.0025 -1.0000 -0.0000
vn -0.0896 -0.9935 -0.0705
vn 0.0449 -0.9972 0.0597
vn -0.0295 -0.9992 0.0259
vn 0.0333 -0.9991 0.0253
vn -0.0350 -0.9991 0.0253
vn -0.0017 -1.0000 0.0014
vn 0.0302 -0.9979 0.0579
vn 0.0605 -0.9976 -0.0344
vn 0.0425 -0.9987 -0.0266
vn -0.0274 -0.9993 -0.0266
vn 0.0018 -1.0000 -0.0000
vn -0.0376 -0.9991 -0.0190
vn -0.0416 -0.9974 0.0580
vn -0.0255 -0.9997 0.0043
vn -0.0484 -0.9975 -0.0507
vn 0.0191 -0.9991 -0.0371
vn 0.0100 -0.9997 -0.0231
vn 0.0698 -0.9959 0.0580
vn -0.0349 -0.9990 -0.0284
vn 0.0214 -0.9994 -0.0284
vn -0.0038 -0.9999 0.0117
vn 0.0333 -0.9978 0.0576
vn 0.0222 -0.9985 -0.0508
vn 0.0106 -0.9999 0.0043
vn 0.0007 -0.9984 0.0573
vn -0.0215 -0.9978 0.0632
vn 0.0525 -0.9966 0.0632
vn 0.0311 -0.9995 0.0067
vn 0.0500 -0.9982 0.0343
vn 0.0041 -0.9999 -0.0125
vn -0.0428 -0.9979 -0.0482
vn -0.0862 -0.9955 0.0391
vn -0.0557 -0.9964 0.0635
vn 0.0006 -0.9997 -0.0243
vn -0.0663 -0.9966 0.0484
vn -0.0080 -0.9996 -0.0256
vn 0.0389 -0.9986 0.0349
vn -0.0185 -0.9995 -0.0242
vn 0.0226 -0.9997 -0.0041
vn 0.0064 -0.9994 0.0350
vn 0.0543 -0.9985 -0.0107
vn 0.0336 -0.9986 -0.0405
vn -0.0172 -0.9998 0.0083
vn 0.0136 -0.9992 -0.0369
vn 0.0351 -0.9991 0.0245
vn -0.0023 -0.9999 -0.0149
vn -0.0455 -0.9987 0.0245
vn 0.0323 -0.9990 0.0312
vn -0.0820 -0.9960 -0.0368
vn -0.0347 -0.9971 0.0671
vn 0.0057 -0.9999 -0.0117
vn 0.0369 -0.9986 0.0370
vn -0.0234 -0.9990 0.0371
vn -0.0267 -0.9996 -0.0114
vn 0.0277 -0.9980 0.0571
vn 0.0525 -0.9985 -0.0149
vn 0.0217 -0.9995 -0.0214
vn -0.0234 -0.9995 -0.0214
vn -0.0173 -0.9994 0.0312
vn 0.0076 -1.0000 -0.0016
vn -0.0207 -0.9994 -0.0273
vn -0.0412 -0.9988 0.0270
vn -0.0329 -0.9965 -0.0773
vn 0.0096 -0.9999 0.0032
vn 0.0075 -1.0000 -0.0012
vn 0.0079 -0.9996 -0.0286
vn 0.0066 -0.9996 -0.0278
vn 0.0222 -0.9994 -0.0278
vn -0.0262 -0.9993 -0.0273
vn 0.0478 -0.9942 0.0959
vn 0.0336 -0.9964 -0.0773
vn 0.0116 -0.9999 -0.0036
vn 0.0059 -0.9980 0.0627
vn -0.0234 -0.9984 0.0506
vn 0.0544 -0.9972 0.0505
vn 0.0434 -0.9991 0.0011
vn 0.0734 -0.9960 0.0509
vn 0.0121 -0.9996 0.0248
vn -0.0416 -0.9981 -0.0458
vn -0.0810 -0.9959 0.0405
vn -0.0631 -0.9954 0.0723
vn 0.0074 -0.9989 -0.0469
vn -0.0832 -0.9948 0.0594
vn -0.0234 -0.9990 -0.0384
vn 0.0542 -0.9973 0.0491
vn 0.0006 -0.9999 0.0116
vn -0.0085 -0.9984 -0.0550
vn -0.0373 -0.9990 0.0248
vn 0.0355 -0.9991 -0.0233
vn 0.0143 -0.9996 -0.0256
vn -0.0043 -0.9997 0.0226
vn -0.0024 -0.9992 -0.0395
vn 0.0363 -0.9989 -0.0293
vn 0.0108 -0.9969 -0.0784
vn 0.0129 -0.9985 0.0539
vn 0.0576 -0.9976 -0.0397
vn -0.0165 -0.9991 -0.0395
vn -0.0395 -0.9984 0.0400
vn 0.0290 -0.9995 0.0138
vn -0.0423 -0.9990 -0.0164
vn 0.0092 -0.9998 -0.0165
vn -0.0191 -0.9993 -0.0308
vn -0.0288 -0.9981 0.0538
vn 0.0079 -0.9990 -0.0434
vn 0.0300 -0.9984 -0.0485
vn -0.0758 -0.9960 -0.0483
vn 0.0017 -0.9994 0.0351
vn 0.0271 -0.9947 0.0992
vn -0.0117 -0.9998 0.0131
vn -0.0820 -0.9917 0.0989
vn -0.0274 -0.9979 -0.0594
vn -0.0055 -0.9994 -0.0336
vn 0.0643 -0.9961 0.0602
vn 0.0222 -0.9997 0.0131
vn -0.0441 -0.9968 -0.0660
vn 0.0328 -0.9973 -0.0660
vn -0.0001 -1.0000 0.0062
vn 0.0312 -0.9993 0.0223
vn 0.0162 -0.9981 -0.0594
vn 0.0272 -0.9981 0.0550
vn 0.0763 -0.9936 0.0833
vn -0.0413 -0.9991 -0.0079
vn 0.0526 -0.9981 -0.0335
vn 0.0684 -0.9974 0.0225
vn 0.0245 -0.9994 -0.0243
vn -0.0336 -0.9992 0.0226
vn 0.0717 -0.9928 0.0961
vn -0.0841 -0.9959 0.0336
vn -0.0893 -0.9934 0.0713
vn 0.0028 -0.9997 -0.0229
vn 0.0041 -1.0000 0.0068
vn -0.0046 -0.9994 0.0342
vn -0.0184 -0.9993 0.0331
vn 0.0418 -0.9991 0.0002
vn -0.0910 -0.9912 0.0959
vn 0.0240 -0.9992 0.0327
vn -0.0249 -0.9977 0.0625
vn 0.0810 -0.9948 0.0623
vn -0.0232 -0.9990 0.0393
vn -0.0235 -0.9997 -0.0083
vn 0.0528 -0.9978 -0.0413
vn 0.0285 -0.9960 -0.0851
vn 0.0142 -0.9998 -0.0172
vn 0.0246 -0.9989 -0.0408
vn -0.0190 -0.9998 -0.0083
vn -0.0494 -0.9979 -0.0413
vn 0.0136 -0.9997 0.0207
vn 0.0289 -0.9985 0.0475
vn -0.0465 -0.9978 0.0474
vn -0.0169 -0.9993 -0.0346
vn -0.0339 -0.9984 0.0442
vn -0.0248 -0.9978 -0.0616
vn -0.0114 -0.9999 0.0055
vn -0.0016 -1.0000 -0.0080
vn -0.0045 -1.0000 0.0033
vn 0.0222 -0.9992 0.0321
vn -0.0556 -0.9977 0.0383
vn -0.0737 -0.9912 0.1098
vn -0.0079 -0.9989 -0.0465
vn -0.0004 -0.9995 0.0324
vn 0.0881 -0.9956 0.0319
vn 0.0499 -0.9977 -0.0468
vn -0.0343 -0.9985 0.0420
vn 0.0148 -0.9983 -0.0561
vn 0.0056 -0.9997 0.0253
vn 0.0246 -0.9995 0.0198
vn -0.0011 -0.9989 -0.0465
vn 0.0021 -0.9989 0.0467
vn 0.0676 -0.9953 0.0698
vn -0.0265 -0.9996 0.0036
vn 0.0345 -0.9978 -0.0572
vn 0.0880 -0.9948 0.0512
vn 0.0285 -0.9993 0.0228
vn -0.0697 -0.9957 -0.0614
vn 0.0418 -0.9973 0.0603
vn -0.0602 -0.9980 0.0209
vn -0.0892 -0.9944 0.0559
vn -0.0251 -0.9996 -0.0116
vn -0.0338 -0.9986 0.0415
vn -0.0056 -0.9999 0.0106
vn 0.0047 -0.9995 0.0311
vn 0.0460 -0.9985 0.0311
vn -0.0400 -0.9987 -0.0307
vn 0.0494 -0.9969 -0.0614
vn 0.0073 -0.9979 0.0645
vn 0.0657 -0.9958 0.0644
vn -0.0336 -0.9982 0.0506
vn -0.0494 -0.9985 -0.0229
vn -0.0223 -0.9994 -0.0255
vn 0.0157 -0.9996 -0.0229
vn 0.0605 -0.9978 -0.0254
vn -0.0329 -0.9970 0.0699
vn -0.0122 -0.9999 0.0044
vn 0.0296 -0.9970 -0.0722
vn -0.0077 -1.0000 0.0032
vn -0.0314 -0.9994 -0.0129
vn 0.0185 -0.9996 0.0206
vn 0.0026 -0.9998 0.0206
vn -0.0344 -0.9992 -0.0204
vn 0.0882 -0.9938 -0.0679
vn 0.1048 -0.9943 0.0208
vn -0.0290 -0.9984 0.0493
vn -0.0491 -0.9976 0.0490
vn -0.0602 -0.9976 0.0351
vn -0.0322 -0.9995 0.0049
vn -0.0021 -1.0000 0.0067
vn -0.0076 -0.9999 0.0079
vn 0.0222 -0.9988 -0.0445
vn 0.0386 -0.9986 0.0351
vn 0.0248 -0.9997 0.0049
vn 0.0211 -0.9993 -0.0294
vn -0.0352 -0.9993 -0.0153
vn 0.0074 -0.9999 -0.0153
vn -0.0329 -0.9992 0.0215
vn 0.0049 -1.0000 -0.0073
vn 0.0550 -0.9965 0.0629
vn -0.0738 -0.9949 -0.0694
vn 0.0669 -0.9959 0.0607
vn -0.0087 -0.9999 -0.0090
vn -0.0208 -0.9995 -0.0217
vn 0.0389 -0.9992 0.0078
vn 0.0190 -0.9996 -0.0217
vn 0.0179 -0.9993 -0.0335
vn -0.0036 -0.9997 -0.0239
vn -0.0489 -0.9968 0.0629
vn -0.0247 -0.9992 0.0309
vn -0.0018 -0.9983 -0.0589
vn 0.0795 -0.9951 -0.0587
vn -0.0528 -0.9971 0.0556
vn 0.0288 -0.9987 -0.0421
vn -0.0026 -0.9993 0.0381
vn 0.0387 -0.9990 -0.0207
vn 0.0412 -0.9991 -0.0042
vn -0.0799 -0.9925 0.0930
vn 0.0948 -0.9912 0.0929
vn -0.0006 -1.0000 0.0089
vn 0.0549 -0.9973 0.0495
vn 0.0757 -0.9960 -0.0471
vn -0.0068 -1.0000 -0.0065
vn -0.0466 -0.9988 0.0131
vn -0.0318 -0.9990 0.0327
vn -0.0082 -0.9996 -0.0286
vn -0.0178 -0.9998 0.0002
vn -0.0224 -0.9996 -0.0199
vn 0.0487 -0.9984 0.0278
vn -0.0078 -0.9996 0.0278
vn -0.0477 -0.9978 -0.0468
vn -0.0900 -0.9953 0.0362
vn -0.0397 -0.9990 -0.0188
vn 0.0083 -0.9998 -0.0188
vn 0.0503 -0.9975 0.0495
vn 0.0263 -0.9985 0.0473
vn -0.0825 -0.9960 0.0344
vn 0.0650 -0.9958 0.0640
vn 0.0484 -0.9987 0.0134
vn 0.0006 -1.0000 -0.0092
vn -0.0272 -0.9995 0.0171
vn 0.0520 -0.9981 0.0344
vn 0.0239 -0.9993 -0.0286
vn -0.0420 -0.9982 0.0426
vn 0.0286 -0.9983 -0.0508
vn -0.0202 -0.9997 -0.0105
vn -0.0118 -0.9998 0.0134
vn -0.0607 -0.9961 0.0641
vn -0.0284 -0.9986 -0.0446
vn 0.0637 -0.9951 -0.0758
vn -0.0397 -0.9963 -0.0758
vn 0.0581 -0.9971 0.0486
vn -0.0095 -0.9998 0.0185
vn -0.0176 -0.9987 0.0487
vn -0.0328 -0.9994 0.0059
vn 0.0100 -0.9999 -0.0007
vn -0.0334 -0.9992 -0.0197
vn 0.0006 -0.9998 0.0185
vn 0.0040 -0.9999 -0.0105
vn 0.0029 -1.0000 -0.0061
vn -0.0244 -0.9990 -0.0361
vn 0.0205 -0.9991 -0.0361
vn 0.0241 -0.9997 -0.0025
vn -0.0184 -0.9996 0.0211
vn -0.0042 -0.9990 -0.0445
vn -0.0113 -0.9982 -0.0588
vn -0.0055 -1.0000 -0.0007
vn -0.0960 -0.9927 -0.0727
vn 0.0099 -0.9999 0.0094
vn 0.0480 -0.9962 -0.0729
vn 0.0321 -0.9990 0.0302
vn -0.0022 -0.9998 0.0199
vn 0.0811 -0.9961 0.0344
vn 0.0304 -0.9981 -0.0543
vn -0.0065 -0.9999 0.0125
vn -0.0162 -0.9998 0.0125
vn 0.0115 -0.9999 -0.0026
vn -0.0042 -1.0000 -0.0026
vn -0.0118 -0.9995 0.0302
vn 0.0058 -0.9992 -0.0391
vn -0.0244 -0.9989 -0.0408
vn -0.0328 -0.9994 -0.0104
vn 0.0380 -0.9972 -0.0645
vn 0.0414 -0.9987 -0.0291
vn -0.0580 -0.9971 0.0490
vn 0.0061 -0.9999 0.0109
vn 0.0657 -0.9934 -0.0938
vn -0.0481 -0.9964 0.0696
vn 0.0262 -0.9994 -0.0242
vn 0.0310 -0.9983 0.0491
vn -0.0085 -0.9997 -0.0246
vn 0.0836 -0.9962 -0.0245
vn -0.0287 -0.9994 0.0217
vn -0.0214 -0.9994 0.0258
vn -0.0048 -1.0000 0.0015
vn -0.0633 -0.9968 -0.0483
vn -0.0218 -0.9996 0.0184
vn 0.0016 -0.9998 -0.0191
vn 0.0279 -0.9996 -0.0054
vn -0.0394 -0.9979 0.0506
vn 0.0242 -0.9987 -0.0459
vn -0.0242 -0.9989 -0.0411
vn 0.0029 -1.0000 0.0062
vn 0.0627 -0.9977 0.0258
vn 0.0554 -0.9972 0.0505
vn -0.0425 -0.9980 -0.0459
vn 0.0210 -0.9995 0.0252
vn 0.0393 -0.9968 0.0694
vn -0.0637 -0.9956 0.0693
vn 0.0181 -0.9992 0.0364
vn -0.0123 -0.9999 0.0062
vn 0.0480 -0.9980 -0.0410
vn 0.0300 -0.9995 0.0111
vn -0.0780 -0.9934 0.0837
vn 0.0183 -0.9995 0.0258
vn -0.0578 -0.9980 0.0236
vn -0.0347 -0.9990 -0.0270
vn 0.0200 -0.9998 0.0002
vn 0.0730 -0.9958 0.0558
vn -0.0355 -0.9959 0.0835
vn -0.0016 -0.9997 0.0237
vn 0.0294 -0.9968 -0.0745
vn 0.0083 -0.9999 0.0102
vn -0.0606 -0.9978 -0.0285
vn -0.0089 -0.9999 -0.0138
vn 0.0230 -0.9996 -0.0137
vn -0.0550 -0.9969 0.0559
vn 0.0687 -0.9951 0.0714
vn 0.0828 -0.9960 0.0336
vn 0.0040 -0.9998 0.0195
vn -0.0713 -0.9962 0.0492
vn -0.0534 -0.9974 0.0479
vn -0.0229 -0.9996 0.0172
vn -0.0128 -0.9998 0.0171
vn -0.0146 -0.9995 0.0270
vn 0.0489 -0.9978 -0.0457
vn 0.0548 -0.9973 0.0479
vn 0.0398 -0.9991 0.0172
vn 0.0293 -0.9980 -0.0567
vn -0.0326 -0.9993 -0.0174
vn 0.0525 -0.9981 0.0316
vn -0.0687 -0.9971 0.0316
vn -0.0107 -0.9998 0.0178
vn 0.0385 -0.9969 0.0686
vn -0.0209 -0.9996 0.0207
vn 0.0535 -0.9975 -0.0462
vn -0.0479 -0.9978 -0.0462
vn -0.0203 -0.9995 0.0259
vn 0.0126 -0.9999 0.0015
vn 0.0237 -0.9997 -0.0074
vn 0.0338 -0.9991 0.0242
vn -0.0030 -1.0000 0.0085
vn -0.0502 -0.9964 0.0685
vn -0.0080 -1.0000 0.0015
vn 0.0082 -0.9996 -0.0283
vn 0.0830 -0.9934 0.0791
vn -0.0593 -0.9963 -0.0625
vn 0.0088 -0.9996 -0.0286
vn -0.0092 -0.9997 0.0242
vn 0.0252 -0.9995 -0.0176
vn -0.0151 -0.9999 0.0034
vn -0.0446 -0.9964 0.0723
vn 0.0429 -0.9965 0.0723
vn -0.0027 -1.0000 0.0015
vn 0.0044 -1.0000 0.0073
vn 0.0399 -0.9978 0.0529
vn -0.0111 -0.9999 0.0073
vn -0.0758 -0.9969 -0.0205
vn -0.0102 -0.9999 -0.0026
vn -0.0205 -0.9987 -0.0462
vn -0.0677 -0.9975 0.0223
vn -0.0002 -1.0000 -0.0011
vn 0.0287 -0.9995 0.0146
vn 0.0036 -0.9999 0.0133
vn -0.0172 -0.9984 -0.0539
vn -0.0521 -0.9972 0.0529
vn -0.0245 -0.9997 0.0092
vn -0.0021 -1.0000 0.0092
vn 0.0686 -0.9963 0.0515
vn -0.0460 -0.9989 0.0091
vn -0.0794 -0.9967 0.0165
vn 0.0666 -0.9970 0.0393
vn 0.0369 -0.9993 0.0081
vn -0.0133 -0.9998 -0.0139
vn 0.0122 -0.9996 -0.0249
vn 0.0426 -0.9991 -0.0047
vn 0.0227 -0.9993 -0.0304
vn -0.0870 -0.9925 -0.0858
vn 0.0529 -0.9949 -0.0860
vn -0.0219 -0.9994 -0.0279
vn -0.0214 -0.9997 0.0081
vn -0.0278 -0.9988 0.0393
vn -0.0317 -0.9990 -0.0319
vn 0.0793 -0.9960 -0.0408
vn -0.0459 -0.9981 -0.0409
vn 0.0695 -0.9972 -0.0294
vn 0.0205 -0.9995 0.0236
vn -0.0199 -0.9996 0.0202
vn -0.0572 -0.9981 0.0236
vn -0.0135 -0.9999 -0.0008
vn -0.0442 -0.9985 0.0329
vn 0.0174 -0.9990 0.0406
vn -0.0143 -0.9992 -0.0367
vn 0.0373 -0.9986 -0.0367
vn -0.0486 -0.9970 -0.0595
vn 0.0145 -0.9981 -0.0596
vn 0.0064 -1.0000 0.0066
vn -0.0186 -0.9981 0.0579
vn -0.0134 -0.9989 -0.0458
vn 0.0113 -0.9986 -0.0510
vn -0.0113 -0.9999 -0.0008
vn -0.0686 -0.9959 -0.0585
vn 0.0007 -0.9999 -0.0142
vn 0.0694 -0.9959 -0.0585
vn 0.0584 -0.9967 0.0559
vn 0.0059 -0.9999 -0.0159
vn 0.0287 -0.9995 -0.0163
vn 0.0028 -0.9998 -0.0189
vn -0.0016 -1.0000 0.0037
vn -0.0369 -0.9993 0.0067
vn 0.0266 -0.9996 -0.0103
vn 0.0012 -0.9999 0.0138
vn -0.0146 -0.9983 0.0560
vn -0.0298 -0.9976 -0.0627
vn -0.0382 -0.9985 -0.0397
vn -0.0317 -0.9990 -0.0312
vn 0.0174 -0.9997 -0.0159
vn 0.0611 -0.9944 0.0862
vn -0.0573 -0.9971 0.0508
vn -0.0266 -0.9995 0.0177
vn 0.0415 -0.9981 -0.0457
vn -0.0513 -0.9986 -0.0151
vn -0.0192 -0.9996 -0.0208
vn -0.0074 -0.9987 0.0508
vn -0.0399 -0.9992 -0.0038
vn 0.0382 -0.9979 -0.0532
vn 0.0147 -0.9998 0.0147
vn -0.0040 -0.9999 0.0147
vn 0.0080 -0.9998 -0.0186
vn -0.0527 -0.9977 -0.0437
vn 0.0048 -0.9999 -0.0136
vn 0.0132 -0.9998 -0.0136
vn 0.0230 -0.9996 -0.0151
vn -0.0562 -0.9959 0.0704
vn 0.0375 -0.9976 -0.0580
vn -0.0171 -0.9990 -0.0416
vn -0.0001 -1.0000 -0.0015
vn 0.0345 -0.9994 0.0045
vn 0.0739 -0.9948 0.0703
vn -0.0389 -0.9976 -0.0580
vn 0.0122 -0.9999 0.0034
vn 0.0396 -0.9983 0.0418
vn -0.0581 -0.9974 0.0417
vn 0.0246 -0.9982 0.0542
vn 0.0077 -1.0000 -0.0015
vn 0.0197 -0.9989 -0.0416
vn 0.0152 -0.9993 0.0350
vn -0.0382 -0.9974 0.0608
vn -0.0005 -1.0000 0.0045
vn -0.1010 -0.9909 0.0895
vn -0.0166 -0.9993 -0.0324
vn 0.0116 -0.9999 0.0042
vn 0.0677 -0.9954 -0.0676
vn 0.0193 -0.9998 -0.0100
vn 0.0906 -0.9918 0.0896
vn -0.0016 -0.9995 -0.0324
vn -0.0603 -0.9936 0.0958
vn 0.0185 -0.9993 0.0334
vn -0.0348 -0.9960 0.0821
vn 0.0959 -0.9936 0.0594
vn -0.0765 -0.9964 0.0360
vn 0.0473 -0.9975 -0.0527
vn 0.0749 -0.9964 0.0406
vn -0.0346 -0.9976 0.0593
vn -0.0332 -0.9994 -0.0099
vn 0.0351 -0.9972 0.0660
vn -0.0192 -0.9997 -0.0143
vn -0.0279 -0.9974 0.0660
vn 0.0235 -0.9996 -0.0143
vn 0.0019 -1.0000 -0.0084
vn -0.0618 -0.9935 0.0960
vn 0.0222 -0.9997 0.0068
vn 0.0766 -0.9933 -0.0863
vn -0.0530 -0.9974 -0.0484
vn 0.0500 -0.9976 -0.0484
vn -0.0374 -0.9986 0.0371
vn -0.0246 -0.9993 -0.0282
vn 0.0399 -0.9961 0.0792
vn 0.0054 -1.0000 0.0040
vn 0.0088 -0.9995 -0.0306
vn -0.0515 -0.9982 -0.0306
vn -0.0009 -0.9990 0.0442
vn -0.0102 -0.9995 -0.0307
vn -0.0117 -0.9985 0.0536
vn 0.1024 -0.9880 -0.1157
vn -0.0026 -1.0000 -0.0058
vn -0.0269 -0.9965 0.0793
vn 0.0080 -0.9996 -0.0282
vn 0.0105 -0.9998 0.0161
vn 0.0747 -0.9926 0.0958
vn -0.0835 -0.9919 0.0957
vn -0.0124 -0.9999 -0.0030
vn -0.0590 -0.9956 0.0724
vn -0.0250 -0.9993 -0.0283
vn -0.0006 -0.9999 0.0158
vn -0.0405 -0.9991 0.0158
vn 0.0498 -0.9987 -0.0058
vn -0.0689 -0.9974 0.0199
vn -0.0508 -0.9979 -0.0404
vn 0.0255 -0.9992 0.0293
vn -0.0020 -0.9992 -0.0404
vn -0.0493 -0.9967 -0.0643
vn 0.0392 -0.9992 -0.0112
vn 0.0100 -0.9999 -0.0111
vn -0.0236 -0.9995 0.0229
vn 0.0132 -0.9994 0.0309
vn 0.0089 -0.9995 0.0309
vn -0.0112 -0.9988 -0.0485
vn 0.0113 -0.9986 -0.0514
vn -0.0189 -0.9994 0.0293
vn -0.1175 -0.9879 0.1010
vn 0.1139 -0.9883 0.1010
vn 0.0061 -0.9999 0.0115
vn 0.0432 -0.9984 0.0359
vn 0.0362 -0.9986 0.0389
vn -0.0283 -0.9990 0.0360
vn 0.0168 -0.9995 0.0279
vn 0.0099 -1.0000 0.0015
vn -0.0169 -0.9997 -0.0179
vn -0.0614 -0.9973 -0.0393
vn 0.0056 -0.9995 -0.0319
vn -0.0412 -0.9988 0.0257
vn 0.0277 -0.9994 -0.0221
vn 0.0299 -0.9988 0.0397
vn -0.0029 -1.0000 -0.0052
vn -0.0007 -1.0000 -0.0074
vn 0.0248 -0.9996 -0.0157
vn -0.0031 -0.9999 -0.0157
vn -0.0272 -0.9989 -0.0394
vn -0.0120 -0.9978 0.0651
vn 0.0106 -0.9999 -0.0117
vn -0.0150 -0.9999 0.0035
vn 0.0234 -0.9995 0.0225
vn -0.0215 -0.9991 -0.0358
vn 0.0248 -0.9997 -0.0074
vn -0.0470 -0.9988 -0.0117
vn -0.0405 -0.9984 0.0397
vn 0.0129 -0.9999 -0.0109
vn -0.0128 -0.9990 -0.0422
vn -0.0380 -0.9955 -0.0865
vn -0.0537 -0.9983 0.0225
vn 0.0383 -0.9993 0.0035
vn 0.0181 -0.9998 0.0114
vn 0.0104 -0.9999 -0.0130
vn 0.0119 -0.9993 -0.0358
vn -0.0387 -0.9989 -0.0279
vn 0.0137 -0.9996 0.0243
vn 0.0402 -0.9988 -0.0279
vn 0.0621 -0.9963 0.0601
vn -0.0214 -0.9997 -0.0110
vn -0.0076 -0.9997 0.0251
vn -0.0219 -0.9994 -0.0261
vn -0.0692 -0.9966 -0.0447
vn 0.0886 -0.9919 0.0911
vn -0.0487 -0.9981 -0.0379
vn -0.0249 -0.9992 -0.0311
vn -0.0179 -0.9980 0.0602
vn 0.0427 -0.9978 -0.0502
vn -0.0682 -0.9941 -0.0841
vn -0.0010 -0.9996 0.0279
vn 0.0409 -0.9968 0.0694
vn -0.0281 -0.9994 -0.0180
vn -0.0386 -0.9973 0.0622
vn 0.0126 -0.9998 -0.0180
vn 0.0147 -0.9999 -0.0029
vn -0.0362 -0.9993 -0.0106
vn -0.0009 -0.9998 -0.0218
vn 0.0056 -0.9999 -0.0116
vn -0.0643 -0.9975 -0.0278
vn 0.0258 -0.9993 -0.0278
vn 0.0314 -0.9986 -0.0431
vn -0.0351 -0.9993 -0.0104
vn 0.0120 -0.9997 -0.0198
vn 0.0157 -0.9997 -0.0202
vn -0.1133 -0.9887 0.0977
vn 0.0868 -0.9914 0.0980
vn 0.0053 -0.9999 -0.0106
vn 0.0062 -0.9999 0.0082
vn 0.0379 -0.9959 -0.0824
vn -0.0624 -0.9962 -0.0600
vn 0.0050 -0.9991 0.0411
vn 0.0890 -0.9949 0.0474
vn 0.0099 -0.9998 -0.0164
vn -0.0462 -0.9985 0.0278
vn 0.0629 -0.9965 0.0544
vn 0.0297 -0.9944 0.1017
vn -0.1081 -0.9890 0.1012
vn 0.0641 -0.9962 0.0584
vn -0.0004 -0.9997 -0.0243
vn 0.0184 -0.9980 -0.0601
vn -0.0065 -1.0000 0.0063
vn -0.0936 -0.9936 0.0629
vn 0.0217 -0.9978 0.0632
vn -0.0547 -0.9978 0.0385
vn 0.0020 -0.9999 -0.0157
vn 0.0086 -0.9998 -0.0188
vn 0.0615 -0.9954 0.0740
vn 0.0361 -0.9986 0.0396
vn 0.0536 -0.9978 0.0385
vn 0.0082 -0.9994 -0.0325
vn -0.0211 -0.9981 0.0576
vn -0.0146 -0.9990 0.0415
vn -0.0274 -0.9996 -0.0119
vn 0.0897 -0.9948 0.0484
vn -0.0742 -0.9945 0.0740
vn 0.0600 -0.9962 0.0635
vn 0.0816 -0.9959 0.0391
vn -0.0367 -0.9973 0.0630
vn -0.0315 -0.9987 0.0396
vn -0.0171 -0.9988 0.0460
vn -0.0368 -0.9991 -0.0223
vn -0.0223 -0.9976 0.0658
vn 0.0032 -0.9997 -0.0223
vn -0.0217 -0.9995 -0.0218
vn 0.0283 -0.9985 0.0460
vn 0.0355 -0.9994 0.0025
vn 0.0331 -0.9978 -0.0583
vn -0.0123 -0.9990 -0.0420
vn 0.0187 -0.9997 0.0140
vn -0.0167 -0.9998 0.0140
vn -0.0105 -0.9994 -0.0317
vn 0.0205 -0.9972 0.0714
vn 0.0086 -0.9999 -0.0142
vn -0.0246 -0.9996 -0.0142
vn -0.0068 -0.9999 -0.0120
vn 0.0006 -0.9998 0.0175
vn -0.0224 -0.9996 -0.0185
vn 0.0377 -0.9990 -0.0259
vn 0.1026 -0.9903 -0.0939
vn 0.0068 -0.9997 -0.0254
vn -0.0419 -0.9966 0.0714
vn 0.0115 -0.9994 -0.0317
vn -0.0016 -1.0000 0.0002
vn 0.0530 -0.9961 0.0710
vn -0.0642 -0.9954 0.0710
vn 0.0341 -0.9982 -0.0485
vn -0.0329 -0.9967 0.0749
vn 0.0181 -0.9995 -0.0259
vn 0.0187 -0.9997 -0.0143
vn -0.0579 -0.9982 -0.0142
vn 0.0613 -0.9979 0.0209
vn -0.0951 -0.9936 0.0617
vn 0.0079 -0.9999 0.0071
vn 0.0537 -0.9974 0.0478
vn -0.0357 -0.9992 -0.0205
vn -0.0390 -0.9980 0.0501
vn 0.0936 -0.9937 0.0617
vn 0.0284 -0.9992 0.0270
vn -0.0528 -0.9985 0.0116
vn 0.0276 -0.9996 0.0113
vn -0.0083 -0.9999 0.0113
vn 0.0189 -0.9986 -0.0490
vn -0.0082 -0.9998 -0.0205
vn -0.0184 -0.9987 0.0478
vn -0.1225 -0.9901 0.0686
vn 0.0733 -0.9949 0.0690
vn 0.0366 -0.9981 0.0492
vn 0.0551 -0.9979 0.0345
vn 0.0134 -0.9997 -0.0180
vn 0.0157 -0.9993 0.0346
vn -0.0240 -0.9991 0.0363
vn 0.0092 -0.9992 0.0391
vn 0.0122 -0.9995 -0.0283
vn -0.0081 -0.9998 -0.0180
vn 0.0348 -0.9991 0.0233
vn -0.0403 -0.9977 -0.0544
vn 0.0197 -0.9983 -0.0545
vn 0.0341 -0.9981 0.0504
vn 0.0125 -0.9999 -0.0079
vn -0.0319 -0.9967 0.0745
vn 0.0294 -0.9976 -0.0622
vn -0.0293 -0.9976 -0.0622
vn -0.0024 -0.9998 -0.0192
vn -0.0378 -0.9991 0.0197
vn -0.0123 -0.9999 0.0035
vn 0.0188 -0.9998 -0.0060
vn 0.0209 -0.9988 0.0441
vn 0.0106 -0.9999 -0.0035
vn 0.0113 -0.9997 0.0197
vn 0.0212 -0.9993 -0.0298
vn -0.0118 -0.9997 0.0192
vn -0.0184 -0.9996 0.0192
vn -0.0133 -0.9989 -0.0442
vn -0.0133 -0.9982 -0.0583
vn -0.0568 -0.9974 0.0441
vn 0.0040 -1.0000 -0.0081
vn 0.0161 -0.9998 0.0155
vn 0.0233 -0.9997 0.0111
vn -0.0221 -0.9997 0.0111
vn -0.0225 -0.9997 -0.0000
vn 0.0401 -0.9992 -0.0053
vn 0.0090 -0.9980 -0.0632
vn -0.0008 -1.0000 -0.0089
vn 0.0008 -1.0000 0.0009
vn 0.0153 -0.9999 -0.0000
vn 0.0190 -0.9991 -0.0366
vn -0.0120 -0.9996 0.0242
vn 0.0434 -0.9945 0.0953
vn -0.0526 -0.9984 -0.0220
vn 0.0190 -0.9996 -0.0221
vn -0.0392 -0.9983 0.0435
vn 0.0781 -0.9948 0.0652
vn -0.0539 -0.9975 0.0452
vn 0.0215 -0.9987 0.0453
vn 0.0089 -1.0000 0.0009
vn 0.0301 -0.9984 0.0481
vn -0.0704 -0.9953 -0.0667
vn 0.0133 -0.9992 -0.0383
vn 0.0982 -0.9929 -0.0665
vn -0.0348 -0.9976 0.0602
vn 0.0143 -0.9995 -0.0279
vn 0.0398 -0.9984 0.0402
vn -0.0419 -0.9982 0.0435
vn 0.0354 -0.9990 0.0271
vn 0.0066 -0.9999 0.0120
vn -0.0318 -0.9994 0.0120
vn -0.0420 -0.9988 0.0263
vn -0.0255 -0.9994 -0.0216
vn -0.0874 -0.9956 -0.0339
vn 0.0513 -0.9983 0.0288
vn 0.0100 -0.9999 -0.0096
vn -0.0148 -0.9994 0.0316
vn -0.0087 -0.9995 -0.0288
vn -0.0518 -0.9976 -0.0456
vn 0.0185 -0.9987 0.0466
vn 0.0513 -0.9981 -0.0340
vn 0.0277 -0.9991 0.0316
vn -0.0250 -0.9993 -0.0288
vn 0.0192 -0.9982 0.0564
vn 0.0412 -0.9945 0.0961
vn -0.1052 -0.9898 0.0956
vn 0.0597 -0.9976 0.0344
vn -0.0019 -0.9999 -0.0157
vn -0.0098 -0.9985 -0.0537
vn -0.0122 -0.9993 0.0350
vn -0.0745 -0.9955 0.0580
vn 0.0526 -0.9969 0.0580
vn -0.0233 -0.9996 0.0164
vn -0.0077 -0.9999 0.0133
vn -0.0193 -0.9998 0.0006
vn 0.0212 -0.9997 0.0147
vn -0.0210 -0.9991 -0.0378
vn -0.0281 -0.9996 -0.0037
vn -0.0479 -0.9972 0.0579
vn 0.0356 -0.9992 0.0175
vn -0.0470 -0.9987 -0.0212
vn 0.0197 -0.9996 -0.0212
vn -0.0201 -0.9997 -0.0145
vn 0.0362 -0.9968 0.0715
vn 0.0347 -0.9986 -0.0403
vn -0.0427 -0.9978 0.0503
vn 0.0516 -0.9974 0.0503
vn -0.0071 -0.9997 -0.0214
vn -0.0186 -0.9997 -0.0144
vn -0.0335 -0.9993 0.0150
vn 0.0196 -0.9997 -0.0144
vn 0.0154 -0.9993 0.0349
vn -0.0051 -0.9999 -0.0099
vn 0.0369 -0.9979 -0.0536
vn 0.0131 -0.9998 0.0150
vn -0.0173 -0.9993 0.0344
vn -0.0323 -0.9988 0.0381
vn -0.0055 -0.9999 0.0126
vn 0.0168 -0.9997 0.0150
vn 0.0194 -0.9991 0.0375
vn 0.0198 -0.9998 -0.0102
vn 0.0303 -0.9995 0.0106
vn 0.0463 -0.9986 -0.0270
vn -0.0355 -0.9990 -0.0270
vn 0.0530 -0.9983 -0.0223
vn 0.0209 -0.9998 0.0064
vn 0.0545 -0.9957 0.0748
vn -0.0096 -0.9999 -0.0110
vn 0.0015 -0.9999 0.0106
vn -0.0474 -0.9986 -0.0224
vn -0.0350 -0.9987 0.0375
vn -0.0042 -0.9999 0.0150
vn 0.0518 -0.9983 0.0256
vn -0.0233 -0.9994 0.0256
vn 0.0098 -0.9999 -0.0122
vn 0.0423 -0.9990 -0.0110
vn -0.0644 -0.9972 -0.0369
vn 0.0375 -0.9967 -0.0724
vn -0.0210 -0.9998 0.0038
vn -0.0026 -1.0000 0.0038
vn -0.0532 -0.9985 0.0110
vn -0.0489 -0.9986 0.0222
vn 0.0193 -0.9998 -0.0014
vn 0.0272 -0.9996 0.0019
vn -0.0008 -0.9991 -0.0431
vn -0.0102 -0.9999 0.0102
vn -0.0111 -0.9997 0.0223
vn 0.0235 -0.9997 -0.0114
vn -0.0289 -0.9994 -0.0178
vn 0.0503 -0.9986 -0.0178
vn -0.0317 -0.9990 -0.0320
vn 0.0680 -0.9945 0.0793
vn 0.0240 -0.9997 -0.0014
vn 0.0001 -1.0000 -0.0047
vn 0.0229 -0.9997 -0.0084
vn -0.0189 -0.9998 -0.0084
vn -0.0401 -0.9987 -0.0302
vn -0.0493 -0.9987 0.0139
vn 0.0677 -0.9973 -0.0301
vn 0.0377 -0.9986 0.0377
vn 0.0017 -1.0000 0.0063
vn 0.0219 -0.9989 -0.0412
vn 0.0202 -0.9995 -0.0243
vn -0.0176 -0.9981 0.0585
vn -0.0598 -0.9973 0.0415
vn 0.0249 -0.9997 0.0021
vn -0.0032 -1.0000 0.0021
vn -0.0280 -0.9989 0.0377
vn -0.0142 -0.9999 0.0002
vn 0.0500 -0.9980 -0.0380
vn 0.0339 -0.9994 -0.0038
vn -0.0299 -0.9995 -0.0038
vn 0.0269 -0.9993 -0.0274
vn -0.0029 -1.0000 -0.0075
vn 0.0541 -0.9968 0.0593
vn -0.0020 -1.0000 -0.0057
vn -0.0731 -0.9970 0.0268
vn -0.0344 -0.9990 -0.0274
vn 0.0068 -0.9999 -0.0075
vn 0.0267 -0.9996 -0.0013
vn 0.0318 -0.9985 0.0454
vn -0.0384 -0.9982 0.0454
vn 0.0383 -0.9983 0.0435
vn 0.0021 -1.0000 -0.0057
vn -0.0840 -0.9947 0.0592
vn 0.0377 -0.9975 0.0602
vn -0.0324 -0.9992 0.0244
vn 0.0632 -0.9977 0.0244
vn -0.0073 -0.9971 -0.0760
vn -0.0042 -0.9989 0.0465
vn 0.0018 -0.9978 -0.0664
vn -0.0076 -0.9956 0.0932
vn 0.0089 -0.9996 -0.0262
vn 0.0066 -0.9990 -0.0434
vn 0.0357 -0.9983 0.0465
vn 0.0333 -0.9990 -0.0308
vn -0.0507 -0.9986 0.0121
vn -0.0005 -0.9977 -0.0677
vn 0.0241 -0.9974 -0.0677
vn -0.0135 -0.9987 0.0484
vn 0.0094 -0.9990 -0.0435
vn 0.0571 -0.9978 -0.0334
vn -0.0141 -0.9993 -0.0335
vn -0.0009 -0.9998 -0.0173
vn -0.0042 -0.9999 -0.0102
vn -0.0757 -0.9970 0.0173
vn 0.0124 -0.9999 -0.0102
vn 0.0265 -0.9989 0.0377
vn 0.0203 -0.9976 0.0661
vn -0.0106 -0.9995 -0.0295
vn 0.0419 -0.9989 -0.0185
vn 0.0064 -0.9986 0.0518
vn -0.0737 -0.9959 0.0516
vn 0.0044 -1.0000 -0.0033
vn 0.0095 -0.9999 -0.0033
vn 0.0105 -0.9992 0.0388
vn 0.0021 -0.9997 -0.0245
vn 0.0027 -0.9999 0.0123
vn -0.0235 -0.9986 0.0479
vn -0.0223 -0.9976 0.0661
vn 0.0564 -0.9976 -0.0399
vn 0.0871 -0.9937 0.0707
vn 0.0453 -0.9977 0.0513
vn -0.0758 -0.9946 0.0707
vn -0.0230 -0.9997 0.0123
vn -0.0357 -0.9986 -0.0400
vn -0.0288 -0.9988 0.0387
vn -0.0257 -0.9997 0.0041
vn 0.0524 -0.9985 0.0182
vn 0.0142 -0.9997 0.0182
vn -0.0479 -0.9987 -0.0183
vn -0.0188 -0.9998 0.0093
vn -0.0931 -0.9943 0.0512
vn 0.0740 -0.9948 0.0695
vn -0.1129 -0.9887 -0.0988
vn 0.0917 -0.9939 0.0610
vn -0.0029 -0.9974 -0.0722
vn -0.0072 -0.9991 0.0415
vn -0.0083 -0.9993 -0.0373
vn -0.0428 -0.9960 0.0781
vn 0.0183 -0.9998 0.0055
vn 0.0356 -0.9975 -0.0616
vn 0.0504 -0.9979 0.0414
vn 0.0362 -0.9987 -0.0345
vn -0.0437 -0.9982 -0.0415
vn -0.0007 -0.9991 -0.0416
vn 0.0347 -0.9988 -0.0353
vn 0.0059 -1.0000 0.0065
vn -0.0177 -0.9980 -0.0610
vn 0.0259 -0.9991 0.0331
vn 0.0066 -0.9999 -0.0110
vn -0.0167 -0.9995 -0.0260
vn -0.0187 -0.9989 -0.0419
vn -0.0335 -0.9994 -0.0086
vn 0.0603 -0.9973 -0.0418
vn -0.0168 -0.9998 0.0063
vn 0.0088 -0.9999 0.0111
vn -0.0375 -0.9991 0.0199
vn 0.0384 -0.9990 -0.0245
vn 0.0197 -0.9991 0.0379
vn -0.0305 -0.9988 0.0379
vn -0.0315 -0.9992 0.0239
vn 0.0173 -0.9997 -0.0145
vn 0.0288 -0.9994 0.0180
vn -0.0450 -0.9982 -0.0385
vn -0.0181 -0.9998 0.0124
vn -0.0146 -0.9998 -0.0148
vn -0.0155 -0.9982 0.0578
vn 0.0589 -0.9963 -0.0626
vn 0.0344 -0.9977 0.0584
vn 0.0337 -0.9987 -0.0379
vn -0.0225 -0.9980 0.0584
vn -0.0031 -0.9999 0.0124
vn -0.0184 -0.9979 -0.0627
vn 0.0056 -1.0000 -0.0005
vn 0.0239 -0.9994 -0.0233
vn -0.0240 -0.9997 0.0055
vn 0.0046 -1.0000 0.0055
vn 0.0281 -0.9995 -0.0154
vn -0.0077 -0.9999 -0.0072
vn -0.0050 -0.9998 0.0189
vn 0.0718 -0.9974 -0.0060
vn -0.0843 -0.9926 -0.0868
vn 0.0636 -0.9975 0.0324
vn 0.0277 0.9996 -0.0025
vn -0.0098 0.9999 0.0027
vn 0.0226 0.9996 0.0179
vn 0.0464 0.9969 0.0634
vn 0.0257 0.9991 0.0331
vn 0.0268 0.9985 -0.0487
vn 0.0414 0.9979 -0.0496
vn 0.0126 0.9999 0.0021
vn 0.0070 0.9996 0.0255
vn 0.0282 0.9995 -0.0162
vn 0.0282 0.9996 0.0043
vn 0.0463 0.9939 -0.1001
vn 0.0672 0.9977 -0.0111
vn -0.0435 0.9990 0.0131
vn -0.0323 0.9995 0.0065
vn -0.0322 0.9976 -0.0610
vn 0.0400 0.9992 -0.0089
vn -0.0180 0.9998 0.0002
vn 0.0310 0.9991 0.0285
vn 0.0747 0.9930 0.0915
vn -0.0044 0.9999 0.0149
vn 0.0385 0.9973 -0.0622
vn 0.0517 0.9966 -0.0636
vn -0.0495 0.9988 0.0067
vn -0.0322 0.9994 0.0137
vn 0.0063 0.9999 -0.0155
vn 0.0063 0.9998 0.0204
vn 0.0747 0.9928 -0.0933
vn 0.0451 0.9988 -0.0181
vn 0.0059 1.0000 0.0054
vn -0.0386 0.9981 0.0483
vn -0.0386 0.9983 -0.0434
vn -0.0713 0.9943 -0.0796
vn -0.0276 0.9990 0.0360
vn -0.0711 0.9919 0.1048
vn 0.0200 0.9996 0.0179
vn -0.0269 0.9992 -0.0289
vn 0.0390 0.9988 -0.0288
vn 0.0365 0.9988 -0.0329
vn -0.0347 0.9989 0.0318
vn -0.0343 0.9993 -0.0121
vn -0.0666 0.9954 -0.0693
vn -0.0666 0.9949 0.0762
vn -0.0446 0.9961 -0.0761
vn 0.0151 0.9987 -0.0482
vn -0.0030 0.9995 -0.0320
vn 0.0066 0.9968 0.0795
vn 0.0066 0.9989 -0.0461
vn -0.0248 0.9996 -0.0107
vn -0.0942 0.9912 0.0930
vn -0.0248 0.9993 0.0292
vn 0.0044 0.9994 0.0341
vn -0.0015 0.9996 -0.0279
vn 0.0386 0.9982 -0.0456
vn -0.0943 0.9919 -0.0854
vn 0.0303 0.9995 0.0026
vn 0.0121 0.9999 -0.0067
vn -0.0610 0.9933 -0.0978
vn -0.0610 0.9923 0.1076
vn 0.1335 0.9851 -0.1082
vn -0.0296 0.9994 0.0168
vn -0.0036 0.9999 -0.0145
vn 0.0273 0.9971 0.0715
vn 0.0161 0.9990 -0.0419
vn 0.0219 0.9973 -0.0708
vn -0.0184 0.9993 -0.0316
vn 0.0333 0.9977 0.0598
vn -0.0184 0.9998 0.0090
vn -0.0894 0.9921 -0.0879
vn 0.0018 1.0000 -0.0000
vn -0.0212 0.9996 -0.0204
vn 0.0425 0.9987 -0.0266
vn 0.0605 0.9976 -0.0344
vn -0.0017 0.9997 0.0258
vn -0.0017 1.0000 0.0014
vn -0.0350 0.9991 0.0253
vn -0.0055 0.9999 -0.0140
vn -0.0295 0.9992 0.0259
vn -0.0295 0.9994 -0.0153
vn 0.0448 0.9969 0.0654
vn -0.0417 0.9989 -0.0231
vn -0.0485 0.9986 -0.0190
vn -0.0416 0.9974 0.0580
vn -0.0038 1.0000 -0.0057
vn 0.0191 0.9991 -0.0371
vn -0.0376 0.9989 -0.0278
vn -0.0215 0.9978 0.0632
vn 0.0106 0.9977 0.0672
vn 0.0106 0.9999 0.0043
vn 0.0222 0.9985 -0.0508
vn -0.0122 0.9999 0.0117
vn -0.0745 0.9954 -0.0598
vn 0.0214 0.9994 -0.0284
vn 0.0512 0.9970 0.0586
vn -0.0349 0.9982 -0.0479
vn 0.0699 0.9969 0.0374
vn 0.0311 0.9995 0.0067
vn 0.0041 0.9999 -0.0125
vn -0.0080 0.9997 -0.0243
vn 0.0389 0.9987 0.0344
vn -0.0862 0.9955 0.0391
vn -0.0172 0.9998 0.0083
vn 0.0336 0.9986 -0.0405
vn 0.0543 0.9985 -0.0107
vn 0.0064 0.9994 0.0350
vn -0.0185 0.9987 -0.0483
vn 0.0376 0.9987 0.0349
vn -0.0210 0.9995 -0.0256
vn -0.0026 0.9998 -0.0202
vn -0.0663 0.9966 0.0484
vn -0.0661 0.9936 -0.0916
vn -0.0557 0.9964 0.0635
vn 0.0136 0.9992 -0.0369
vn -0.0454 0.9973 -0.0584
vn 0.0369 0.9990 0.0264
vn -0.0455 0.9987 0.0245
vn -0.0817 0.9931 -0.0840
vn -0.0174 0.9994 0.0312
vn -0.0023 1.0000 -0.0001
vn 0.0217 0.9995 -0.0214
vn 0.0525 0.9985 -0.0149
vn -0.0267 0.9996 0.0022
vn -0.0134 0.9999 0.0020
vn -0.0234 0.9990 0.0371
vn -0.0113 0.9999 -0.0117
vn -0.0135 0.9994 -0.0311
vn -0.0347 0.9971 0.0671
vn -0.0348 0.9993 0.0111
vn 0.0076 1.0000 -0.0016
vn -0.0412 0.9988 0.0270
vn -0.0207 0.9994 -0.0273
vn -0.0262 0.9972 -0.0705
vn 0.0075 1.0000 0.0011
vn 0.0076 1.0000 0.0032
vn -0.0234 0.9984 0.0506
vn 0.0116 0.9976 0.0684
vn 0.0336 0.9993 0.0187
vn 0.0336 0.9964 -0.0773
vn -0.0065 0.9991 0.0412
vn -0.0262 0.9993 -0.0273
vn 0.0222 0.9994 -0.0278
vn 0.0890 0.9945 0.0556
vn 0.0079 0.9996 -0.0286
vn 0.0075 1.0000 -0.0012
vn 0.0434 0.9991 0.0011
vn -0.0416 0.9987 -0.0295
vn -0.0234 0.9986 -0.0469
vn 0.0542 0.9972 0.0510
vn -0.0810 0.9959 0.0405
vn -0.0043 0.9997 0.0226
vn 0.0143 0.9996 -0.0256
vn 0.0355 0.9991 -0.0233
vn -0.0373 0.9990 0.0248
vn 0.0006 0.9989 -0.0459
vn 0.0377 0.9981 0.0491
vn -0.0323 0.9987 -0.0384
vn 0.0632 0.9968 0.0491
vn -0.0832 0.9948 0.0594
vn -0.0826 0.9871 -0.1372
vn -0.0631 0.9954 0.0723
vn -0.0024 0.9992 -0.0395
vn 0.0108 0.9969 -0.0784
vn 0.0363 0.9989 -0.0293
vn 0.0091 0.9987 0.0501
vn 0.0576 0.9976 -0.0397
vn 0.0017 0.9994 0.0351
vn 0.0108 0.9992 0.0393
vn 0.0300 0.9984 -0.0485
vn -0.0288 0.9963 -0.0804
vn -0.0288 0.9981 0.0538
vn 0.0274 0.9995 0.0140
vn 0.0091 0.9998 -0.0164
vn 0.0281 0.9983 0.0512
vn 0.0290 0.9995 0.0138
vn -0.0395 0.9984 0.0400
vn -0.0395 0.9973 -0.0627
vn -0.0117 0.9981 0.0603
vn -0.0820 0.9917 0.0989
vn -0.0117 0.9998 0.0131
vn -0.0001 0.9995 -0.0319
vn 0.0644 0.9972 0.0371
vn 0.0526 0.9981 -0.0335
vn -0.0413 0.9991 -0.0079
vn 0.0272 0.9991 0.0338
vn 0.0162 0.9989 0.0439
vn 0.0162 0.9981 -0.0594
vn 0.0152 0.9999 0.0062
vn -0.0383 0.9987 -0.0324
vn 0.0328 0.9973 -0.0660
vn 0.0345 0.9993 0.0133
vn -0.0441 0.9976 -0.0539
vn 0.0222 0.9996 0.0176
vn 0.0245 0.9995 -0.0219
vn -0.0336 0.9992 0.0226
vn 0.0245 0.9994 -0.0243
vn -0.0184 0.9998 0.0052
vn -0.0841 0.9959 0.0336
vn -0.0232 0.9990 0.0393
vn -0.0335 0.9980 -0.0534
vn -0.0249 0.9977 0.0625
vn -0.0911 0.9923 -0.0837
vn -0.0910 0.9912 0.0959
vn 0.0742 0.9967 0.0330
vn -0.1132 0.9916 -0.0632
vn -0.0046 0.9994 0.0342
vn 0.0041 1.0000 0.0068
vn 0.0028 0.9997 -0.0229
vn -0.0893 0.9934 0.0713
vn -0.0235 0.9997 -0.0083
vn 0.0285 0.9960 -0.0851
vn 0.0528 0.9978 -0.0413
vn 0.0142 0.9998 -0.0172
vn 0.0246 0.9989 -0.0408
vn -0.0045 1.0000 0.0033
vn 0.0286 0.9993 0.0225
vn -0.0248 0.9997 -0.0080
vn -0.0338 0.9969 -0.0707
vn -0.0339 0.9984 0.0442
vn 0.0257 0.9996 0.0067
vn -0.0465 0.9978 0.0475
vn 0.0007 0.9998 0.0207
vn 0.0005 1.0000 0.0083
vn 0.0136 0.9997 0.0224
vn -0.0495 0.9980 -0.0391
vn 0.0222 0.9992 0.0321
vn -0.0737 0.9912 0.1098
vn -0.0556 0.9977 0.0383
vn 0.0056 0.9994 -0.0329
vn -0.0004 0.9995 0.0324
vn 0.0345 0.9978 -0.0572
vn -0.0741 0.9962 -0.0446
vn 0.0021 1.0000 0.0036
vn -0.0011 0.9991 0.0435
vn -0.0011 0.9989 -0.0465
vn 0.0300 0.9992 0.0253
vn -0.0781 0.9952 -0.0594
vn 0.0148 0.9983 -0.0561
vn -0.0343 0.9985 0.0420
vn 0.0499 0.9977 -0.0468
vn 0.0500 0.9987 -0.0067
vn 0.0285 0.9996 -0.0091
vn 0.0418 0.9978 0.0513
vn -0.0056 0.9999 -0.0116
vn 0.0047 0.9997 0.0228
vn -0.0602 0.9980 0.0209
vn -0.0336 0.9982 0.0506
vn -0.0697 0.9949 -0.0723
vn 0.0073 0.9979 0.0645
vn 0.0494 0.9969 -0.0614
vn 0.0459 0.9971 0.0602
vn 0.0460 0.9985 0.0311
vn -0.0845 0.9947 -0.0591
vn -0.0056 0.9999 0.0106
vn -0.0338 0.9986 0.0415
vn -0.0338 0.9992 -0.0204
vn -0.0892 0.9944 0.0559
vn -0.0223 0.9997 0.0044
vn 0.0157 0.9996 -0.0229
vn -0.0314 0.9989 -0.0346
vn 0.0605 0.9978 -0.0254
vn -0.0329 0.9970 0.0699
vn -0.0491 0.9976 0.0490
vn -0.0290 0.9984 0.0493
vn 0.0884 0.9961 0.0042
vn 0.0882 0.9938 -0.0679
vn 0.0026 0.9999 0.0170
vn 0.0026 0.9998 0.0206
vn -0.0146 0.9998 -0.0129
vn -0.0155 0.9999 0.0032
vn 0.0088 0.9998 0.0198
vn 0.0296 0.9969 -0.0722
vn 0.0296 0.9985 0.0467
vn -0.0602 0.9976 0.0351
vn -0.0021 1.0000 0.0067
vn -0.0322 0.9995 0.0049
vn 0.0074 0.9999 0.0079
vn 0.0222 0.9988 -0.0445
vn -0.0602 0.9963 -0.0610
vn -0.0021 1.0000 -0.0090
vn 0.0550 0.9966 0.0608
vn 0.0049 0.9999 0.0123
vn 0.0049 1.0000 -0.0073
vn -0.0329 0.9992 0.0215
vn 0.0074 0.9999 -0.0153
vn -0.0491 0.9984 -0.0294
vn -0.0328 0.9959 -0.0837
vn 0.0211 0.9998 0.0012
vn 0.0248 0.9995 0.0211
vn 0.0389 0.9985 0.0385
vn 0.0190 0.9996 -0.0217
vn 0.0389 0.9992 0.0078
vn 0.0179 0.9993 -0.0335
vn -0.0488 0.9964 -0.0695
vn -0.0208 0.9995 -0.0239
vn -0.0799 0.9925 0.0930
vn 0.0387 0.9992 -0.0068
vn 0.0387 0.9990 -0.0207
vn -0.0026 0.9993 0.0381
vn 0.0073 0.9979 -0.0644
vn -0.0528 0.9971 0.0556
vn 0.0795 0.9951 -0.0587
vn -0.0598 0.9913 -0.1171
vn -0.0247 0.9992 0.0309
vn -0.0489 0.9968 0.0629
vn -0.0006 1.0000 0.0089
vn 0.0757 0.9960 -0.0471
vn -0.0224 0.9993 -0.0286
vn 0.0487 0.9976 0.0496
vn -0.0466 0.9988 0.0131
vn -0.0006 1.0000 -0.0019
vn 0.0757 0.9959 0.0495
vn -0.0397 0.9990 -0.0188
vn -0.0900 0.9953 0.0362
vn -0.0078 0.9999 -0.0065
vn -0.0078 0.9996 0.0278
vn 0.0016 0.9998 -0.0199
vn 0.0279 0.9991 0.0310
vn -0.0178 0.9998 0.0002
vn -0.0178 0.9991 -0.0383
vn -0.0318 0.9990 0.0327
vn -0.0824 0.9946 -0.0627
vn 0.0484 0.9977 0.0472
vn -0.0825 0.9960 0.0344
vn 0.0286 0.9996 -0.0067
vn -0.0272 0.9989 -0.0373
vn 0.0263 0.9996 -0.0092
vn 0.0637 0.9951 -0.0758
vn -0.0606 0.9952 -0.0771
vn -0.0607 0.9961 0.0641
vn -0.0118 0.9998 0.0134
vn -0.0397 0.9988 -0.0303
vn 0.0286 0.9983 -0.0508
vn -0.0420 0.9982 0.0426
vn 0.0239 0.9993 -0.0286
vn 0.0239 0.9997 0.0060
vn -0.0272 0.9995 0.0171
vn -0.0095 0.9998 -0.0197
vn -0.0176 0.9987 0.0487
vn -0.0095 0.9998 0.0185
vn -0.0328 0.9994 0.0059
vn -0.0334 0.9984 -0.0446
vn -0.0055 1.0000 -0.0007
vn -0.0175 0.9977 -0.0651
vn -0.0184 0.9981 -0.0588
vn 0.0241 0.9977 0.0640
vn 0.0241 0.9997 -0.0025
vn 0.0205 0.9991 -0.0361
vn -0.0265 0.9989 -0.0381
vn 0.0029 1.0000 -0.0061
vn 0.0040 0.9999 -0.0105
vn 0.0040 0.9998 0.0219
vn 0.0006 0.9999 0.0146
vn 0.0099 0.9994 0.0345
vn 0.0480 0.9962 -0.0729
vn -0.0162 0.9997 -0.0170
vn 0.0115 0.9999 0.0094
vn -0.0022 0.9998 0.0199
vn 0.0380 0.9972 -0.0645
vn 0.0480 0.9963 0.0713
vn 0.0058 0.9999 -0.0104
vn -0.0118 0.9983 -0.0568
vn -0.0118 0.9995 0.0302
vn -0.0042 1.0000 -0.0026
vn 0.0262 0.9996 0.0116
vn -0.0162 0.9998 0.0124
vn 0.0115 0.9995 0.0296
vn 0.0304 0.9981 -0.0543
vn 0.0305 0.9994 -0.0169
vn 0.0415 0.9987 -0.0291
vn 0.0659 0.9953 0.0713
vn -0.0580 0.9971 0.0490
vn 0.0657 0.9934 -0.0937
vn -0.0481 0.9964 0.0696
vn 0.0279 0.9996 -0.0054
vn 0.0016 0.9998 -0.0191
vn -0.0633 0.9977 -0.0236
vn -0.0048 0.9999 0.0109
vn -0.0048 1.0000 0.0015
vn -0.0214 0.9994 0.0258
vn -0.0287 0.9994 0.0217
vn 0.0836 0.9962 -0.0245
vn -0.0022 0.9998 -0.0183
vn -0.0085 0.9999 0.0093
vn 0.0262 0.9994 -0.0242
vn -0.0394 0.9979 0.0506
vn 0.0029 0.9999 -0.0137
vn 0.0242 0.9987 -0.0459
vn -0.0637 0.9961 -0.0611
vn 0.0554 0.9983 0.0184
vn 0.0183 0.9995 0.0258
vn -0.0780 0.9934 0.0837
vn 0.0480 0.9984 0.0293
vn 0.0480 0.9980 -0.0410
vn -0.0123 0.9999 0.0062
vn -0.0114 0.9999 0.0066
vn -0.0637 0.9956 0.0693
vn -0.0045 0.9997 0.0252
vn 0.0246 0.9993 0.0289
vn 0.0210 0.9996 0.0183
vn -0.0425 0.9979 -0.0483
vn -0.0578 0.9980 0.0236
vn 0.0200 0.9998 0.0002
vn -0.0605 0.9968 -0.0531
vn -0.0089 0.9996 -0.0270
vn -0.0355 0.9959 0.0835
vn -0.0713 0.9962 0.0492
vn 0.0200 0.9992 0.0356
vn 0.0688 0.9974 0.0194
vn -0.0550 0.9971 -0.0535
vn -0.0550 0.9969 0.0559
vn 0.0230 0.9996 -0.0137
vn -0.0235 0.9993 -0.0286
vn -0.0223 0.9997 0.0102
vn 0.0203 0.9995 0.0223
vn 0.0294 0.9968 -0.0745
vn 0.0294 0.9981 0.0550
vn -0.0534 0.9974 0.0479
vn -0.0128 0.9998 0.0171
vn -0.0229 0.9996 0.0172
vn -0.0146 0.9995 0.0270
vn 0.0489 0.9978 -0.0457
vn -0.0534 0.9972 -0.0517
vn 0.0535 0.9975 -0.0462
vn -0.0209 0.9996 0.0207
vn -0.0107 0.9998 0.0189
vn -0.0686 0.9968 -0.0408
vn -0.0687 0.9971 0.0316
vn 0.0040 0.9998 -0.0174
vn -0.0713 0.9958 -0.0566
vn -0.0353 0.9920 -0.1215
vn 0.0294 0.9995 0.0066
vn 0.0397 0.9987 0.0327
vn -0.0203 0.9995 0.0259
vn 0.0237 0.9997 -0.0074
vn 0.0126 0.9999 0.0015
vn -0.0593 0.9958 -0.0699
vn -0.0502 0.9980 -0.0393
vn -0.0204 0.9998 0.0085
vn -0.0446 0.9964 0.0723
vn -0.0151 0.9999 0.0034
vn 0.0252 0.9995 -0.0176
vn -0.0092 0.9997 0.0242
vn -0.0249 0.9977 -0.0626
vn 0.0809 0.9936 0.0791
vn -0.0232 0.9993 -0.0283
vn -0.0835 0.9892 -0.1206
vn 0.0082 0.9998 0.0178
vn -0.0502 0.9964 0.0685
vn 0.0044 1.0000 0.0086
vn -0.0111 0.9999 0.0015
vn -0.0002 1.0000 0.0026
vn -0.0111 0.9999 0.0073
vn -0.0102 0.9988 0.0475
vn -0.0027 0.9998 -0.0206
vn 0.0399 0.9979 0.0515
vn -0.0245 0.9997 0.0092
vn -0.0521 0.9972 0.0529
vn 0.0036 0.9995 -0.0329
vn 0.0048 0.9999 0.0146
vn 0.0132 0.9999 -0.0011
vn 0.0230 0.9995 0.0224
vn -0.0512 0.9979 0.0393
vn -0.0205 0.9987 -0.0462
vn -0.0102 0.9999 -0.0026
vn -0.0794 0.9965 -0.0248
vn 0.0369 0.9993 0.0091
vn -0.0794 0.9967 0.0165
vn 0.0531 0.9983 0.0246
vn -0.0133 0.9998 -0.0139
vn -0.0459 0.9981 -0.0409
vn 0.0793 0.9960 -0.0408
vn -0.0278 0.9992 -0.0280
vn -0.0278 0.9988 0.0393
vn -0.0214 0.9997 0.0081
vn -0.0245 0.9992 -0.0305
vn 0.0529 0.9949 -0.0860
vn 0.0685 0.9951 0.0714
vn 0.0227 0.9993 -0.0304
vn 0.0426 0.9991 -0.0047
vn 0.0426 0.9991 0.0075
vn 0.0695 0.9972 -0.0294
vn -0.0199 0.9996 0.0202
vn 0.0373 0.9985 0.0406
vn -0.0572 0.9981 0.0236
vn -0.0442 0.9985 -0.0319
vn -0.0113 0.9999 -0.0008
vn -0.0199 0.9964 -0.0824
vn -0.0186 0.9985 -0.0510
vn -0.0186 0.9981 0.0579
vn 0.0146 0.9998 0.0149
vn 0.0145 0.9981 -0.0596
vn -0.0413 0.9978 -0.0521
vn 0.0373 0.9986 -0.0367
vn -0.0055 0.9996 -0.0279
vn -0.0143 0.9999 0.0086
vn -0.0442 0.9985 0.0329
vn 0.0006 0.9999 0.0115
vn 0.0695 0.9959 -0.0585
vn 0.0006 0.9999 -0.0142
vn 0.0266 0.9994 0.0238
vn 0.0287 0.9995 0.0088
vn 0.0174 0.9997 -0.0159
vn 0.0694 0.9951 0.0709
vn -0.0298 0.9991 -0.0312
vn -0.0146 0.9988 -0.0474
vn -0.0146 0.9983 0.0560
vn 0.0188 0.9994 0.0304
vn 0.0266 0.9996 -0.0103
vn -0.0369 0.9993 0.0067
vn -0.0016 1.0000 0.0037
vn 0.0028 0.9998 -0.0189
vn 0.0287 0.9995 -0.0163
vn -0.0573 0.9978 -0.0333
vn 0.0414 0.9954 0.0863
vn -0.0573 0.9971 0.0508
vn 0.0415 0.9981 -0.0457
vn -0.0192 0.9996 0.0193
vn 0.0230 0.9996 -0.0151
vn -0.0266 0.9982 -0.0538
vn 0.0048 0.9999 -0.0136
vn 0.0080 0.9998 0.0177
vn 0.0080 0.9998 -0.0186
vn -0.0040 0.9999 0.0147
vn -0.0317 0.9990 -0.0322
vn 0.0382 0.9979 -0.0531
vn -0.0399 0.9992 -0.0038
vn -0.0399 0.9991 0.0162
vn -0.0192 0.9996 -0.0208
vn -0.0562 0.9959 0.0704
vn -0.0001 0.9997 -0.0243
vn 0.0375 0.9976 -0.0580
vn -0.0580 0.9965 -0.0601
vn 0.0740 0.9963 0.0444
vn -0.0005 1.0000 0.0045
vn -0.0382 0.9974 0.0608
vn 0.0197 0.9990 0.0395
vn 0.0197 0.9989 -0.0416
vn 0.0077 1.0000 -0.0015
vn 0.0300 0.9978 0.0597
vn -0.0581 0.9974 0.0417
vn 0.0017 1.0000 0.0034
vn 0.0575 0.9971 0.0493
vn 0.0122 0.9999 -0.0065
vn -0.0389 0.9983 -0.0437
vn -0.1010 0.9909 0.0895
vn 0.0116 0.9999 0.0042
vn -0.0166 0.9993 -0.0324
vn 0.0677 0.9954 -0.0676
vn 0.0908 0.9939 0.0625
vn -0.0332 0.9994 -0.0099
vn -0.0346 0.9976 0.0593
vn 0.0474 0.9988 0.0127
vn 0.0473 0.9975 -0.0527
vn -0.0765 0.9964 0.0360
vn 0.0500 0.9987 0.0128
vn -0.0348 0.9960 0.0821
vn 0.0185 0.9993 0.0334
vn -0.0603 0.9936 0.0958
vn -0.0603 0.9940 -0.0916
vn -0.0016 1.0000 -0.0036
vn -0.0192 0.9998 0.0113
vn -0.0279 0.9974 0.0660
vn -0.0530 0.9974 -0.0485
vn 0.0235 0.9996 -0.0143
vn 0.0019 1.0000 -0.0084
vn 0.0351 0.9979 0.0545
vn 0.0088 0.9995 -0.0306
vn 0.0054 1.0000 0.0040
vn -0.0246 0.9996 0.0142
vn -0.0374 0.9985 -0.0411
vn -0.0374 0.9986 0.0371
vn 0.0500 0.9976 -0.0484
vn -0.0332 0.9990 -0.0284
vn 0.0766 0.9933 -0.0863
vn 0.0222 0.9997 0.0068
vn -0.0618 0.9935 0.0960
vn -0.0009 0.9990 0.0442
vn -0.0117 0.9985 0.0536
vn -0.0102 0.9995 -0.0307
vn 0.1024 0.9880 -0.1157
vn -0.0269 0.9992 -0.0288
vn 0.0498 0.9987 -0.0058
vn -0.0117 0.9989 0.0444
vn -0.0006 0.9999 0.0158
vn -0.0590 0.9963 -0.0626
vn -0.0590 0.9956 0.0724
vn -0.0124 0.9999 -0.0030
vn -0.0835 0.9919 0.0957
vn -0.0043 0.9999 0.0161
vn -0.0808 0.9938 -0.0762
vn 0.0080 0.9996 -0.0282
vn -0.0269 0.9965 0.0793
vn -0.0689 0.9974 0.0199
vn -0.0020 1.0000 0.0015
vn 0.0132 0.9996 0.0243
vn -0.0020 0.9992 -0.0404
vn 0.0392 0.9988 0.0283
vn -0.0688 0.9956 -0.0642
vn 0.0255 0.9996 0.0115
vn -0.1175 0.9879 0.1010
vn -0.0189 0.9994 0.0293
vn 0.0113 0.9986 -0.0514
vn -0.0112 0.9988 -0.0485
vn 0.0089 0.9995 0.0309
vn 0.0053 0.9997 0.0230
vn -0.0362 0.9993 0.0096
vn 0.0100 0.9999 -0.0111
vn 0.0392 0.9992 -0.0112
vn 0.0362 0.9989 0.0289
vn -0.0283 0.9990 0.0359
vn -0.0412 0.9984 -0.0393
vn 0.0277 0.9989 0.0389
vn 0.0099 1.0000 0.0015
vn 0.0432 0.9987 0.0288
vn -0.0283 0.9988 -0.0394
vn 0.0248 0.9996 -0.0157
vn -0.0029 0.9999 -0.0096
vn 0.0299 0.9992 0.0279
vn -0.1174 0.9871 -0.1092
vn 0.0277 0.9994 -0.0221
vn -0.0412 0.9988 0.0257
vn 0.0056 0.9995 -0.0319
vn 0.0056 0.9995 0.0309
vn -0.0169 0.9997 -0.0178
vn -0.0120 0.9978 0.0651
vn 0.0234 0.9988 0.0424
vn 0.0106 0.9999 -0.0117
vn -0.0128 0.9998 -0.0141
vn 0.0248 0.9997 0.0087
vn 0.0119 0.9993 -0.0358
vn 0.0104 0.9999 -0.0130
vn 0.0181 0.9998 0.0114
vn 0.0383 0.9993 0.0035
vn -0.0537 0.9983 0.0225
vn 0.0059 0.9991 -0.0422
vn -0.0234 0.9983 -0.0530
vn 0.0129 0.9999 -0.0109
vn -0.0405 0.9984 0.0397
vn -0.0406 0.9992 -0.0052
vn 0.0248 0.9997 -0.0074
vn 0.0137 0.9996 0.0251
vn 0.0402 0.9988 -0.0279
vn 0.0137 0.9996 0.0244
vn -0.0487 0.9975 -0.0519
vn -0.0076 1.0000 0.0039
vn -0.0387 0.9992 -0.0110
vn 0.0401 0.9968 0.0694
vn 0.0427 0.9987 0.0279
vn 0.0427 0.9978 -0.0502
vn -0.0179 0.9980 0.0602
vn -0.0317 0.9988 -0.0379
vn 0.0790 0.9927 0.0912
vn -0.0459 0.9979 -0.0448
vn -0.0133 0.9998 0.0147
vn -0.0219 0.9994 -0.0261
vn -0.0219 0.9997 0.0096
vn -0.0387 0.9988 -0.0287
vn 0.0126 0.9998 -0.0180
vn -0.0386 0.9973 0.0622
vn 0.0147 0.9999 -0.0029
vn -0.0009 0.9996 0.0270
vn 0.0053 0.9999 -0.0106
vn 0.0126 0.9997 0.0231
vn -0.1133 0.9887 0.0977
vn 0.0157 0.9997 -0.0202
vn 0.0120 0.9997 -0.0198
vn -0.0351 0.9993 -0.0104
vn 0.0314 0.9986 -0.0431
vn 0.0258 0.9993 -0.0278
vn -0.0214 0.9996 0.0176
vn 0.0056 0.9999 -0.0116
vn -0.0009 0.9998 -0.0218
vn 0.0380 0.9985 0.0403
vn 0.0050 1.0000 0.0082
vn 0.0379 0.9959 -0.0824
vn -0.1084 0.9914 -0.0738
vn 0.0099 0.9994 -0.0327
vn 0.0062 0.9989 0.0475
vn -0.0936 0.9936 0.0629
vn 0.0184 0.9993 0.0315
vn 0.0184 0.9980 -0.0601
vn 0.0642 0.9971 0.0410
vn 0.0217 0.9996 0.0155
vn -0.1081 0.9890 0.1012
vn -0.0173 0.9984 0.0545
vn 0.0323 0.9992 0.0234
vn -0.0462 0.9985 0.0278
vn 0.0099 0.9998 -0.0164
vn -0.0547 0.9978 0.0385
vn 0.0086 0.9998 -0.0188
vn -0.0146 0.9994 -0.0325
vn -0.0274 0.9995 -0.0157
vn 0.0535 0.9969 0.0572
vn -0.0315 0.9987 0.0396
vn -0.0367 0.9973 0.0630
vn 0.0601 0.9980 0.0173
vn -0.0742 0.9946 -0.0722
vn -0.0742 0.9945 0.0740
vn 0.0303 0.9995 -0.0119
vn 0.0462 0.9970 0.0624
vn -0.0146 0.9990 0.0414
vn -0.0211 0.9981 0.0576
vn -0.0211 0.9979 -0.0620
vn 0.0082 0.9999 -0.0074
vn -0.0171 0.9988 0.0460
vn -0.0223 0.9976 0.0658
vn -0.0123 0.9999 0.0025
vn 0.0032 0.9997 -0.0223
vn 0.0283 0.9992 0.0274
vn -0.0171 0.9996 -0.0218
vn -0.0223 0.9997 -0.0120
vn 0.0086 0.9999 -0.0142
vn -0.0105 0.9991 0.0402
vn -0.0167 0.9991 -0.0379
vn -0.0167 0.9998 0.0140
vn -0.0367 0.9984 -0.0419
vn -0.0314 0.9976 -0.0613
vn 0.0331 0.9978 -0.0583
vn 0.0331 0.9995 0.0001
vn 0.0355 0.9980 0.0533
vn 0.0006 0.9998 0.0175
vn 0.1030 0.9939 0.0404
vn -0.0224 0.9996 -0.0185
vn 0.1026 0.9903 -0.0939
vn 0.0068 0.9997 -0.0254
vn 0.0613 0.9979 0.0209
vn 0.0376 0.9959 0.0818
vn 0.0187 0.9997 -0.0143
vn 0.0181 0.9995 -0.0259
vn -0.0329 0.9967 0.0749
vn 0.0543 0.9981 -0.0278
vn -0.0642 0.9954 0.0710
vn -0.0172 0.9999 0.0002
vn -0.0859 0.9927 -0.0850
vn 0.0115 0.9994 -0.0317
vn -0.0419 0.9966 0.0714
vn -0.0951 0.9936 0.0617
vn -0.0357 0.9985 -0.0426
vn 0.0276 0.9993 0.0270
vn -0.0083 0.9999 0.0071
vn -0.0390 0.9980 0.0501
vn -0.0950 0.9919 -0.0838
vn 0.0537 0.9973 0.0492
vn -0.1225 0.9901 0.0686
vn -0.0184 0.9987 0.0478
vn -0.0082 0.9998 -0.0205
vn 0.0189 0.9986 -0.0490
vn -0.0083 0.9999 0.0113
vn 0.0100 0.9999 -0.0065
vn -0.0528 0.9985 0.0116
vn -0.0527 0.9971 -0.0549
vn 0.0284 0.9996 -0.0044
vn 0.0134 0.9999 -0.0077
vn 0.0157 0.9993 0.0346
vn 0.0134 0.9997 -0.0180
vn -0.0240 0.9991 0.0363
vn 0.0092 0.9992 0.0391
vn 0.0551 0.9978 0.0361
vn 0.0157 0.9997 -0.0192
vn 0.0294 0.9976 -0.0622
vn -0.0319 0.9967 0.0745
vn 0.0125 0.9999 -0.0079
vn -0.1221 0.9867 -0.1076
vn 0.0197 0.9983 -0.0545
vn 0.0366 0.9991 0.0232
vn -0.0390 0.9979 -0.0513
vn 0.0348 0.9991 0.0254
vn 0.0122 0.9995 -0.0283
vn -0.0378 0.9991 0.0197
vn 0.0188 0.9998 -0.0060
vn -0.0123 0.9999 0.0035
vn -0.0133 0.9999 0.0096
vn 0.0106 0.9999 -0.0035
vn -0.0378 0.9993 -0.0041
vn 0.0233 0.9997 0.0111
vn 0.0161 0.9998 0.0155
vn 0.0040 1.0000 -0.0081
vn -0.0568 0.9974 0.0441
vn 0.0007 0.9990 -0.0442
vn -0.0215 0.9984 -0.0525
vn -0.0184 0.9996 0.0192
vn 0.0191 0.9985 0.0504
vn 0.0212 0.9993 -0.0298
vn 0.0212 0.9993 0.0298
vn -0.0225 0.9997 -0.0000
vn 0.0090 0.9980 -0.0632
vn 0.0401 0.9992 -0.0053
vn -0.0008 1.0000 -0.0089
vn 0.0153 0.9998 0.0155
vn 0.0089 1.0000 0.0009
vn 0.0090 0.9994 0.0326
vn -0.0539 0.9975 0.0452
vn -0.0392 0.9978 -0.0533
vn -0.0392 0.9983 0.0435
vn 0.0190 0.9996 -0.0221
vn 0.0636 0.9934 0.0952
vn -0.0399 0.9991 0.0114
vn -0.0120 0.9996 0.0242
vn 0.0190 0.9991 -0.0366
vn 0.0190 0.9998 0.0038
vn -0.0705 0.9961 -0.0536
vn 0.0983 0.9940 0.0479
vn 0.0353 0.9986 0.0402
vn 0.0982 0.9929 -0.0665
vn -0.0348 0.9976 0.0602
vn 0.0302 0.9995 0.0108
vn 0.0133 0.9999 -0.0096
vn -0.0255 0.9993 0.0288
vn -0.0420 0.9984 -0.0382
vn -0.0420 0.9988 0.0263
vn -0.0318 0.9994 0.0120
vn 0.0215 0.9994 0.0271
vn 0.0089 1.0000 0.0004
vn -0.0419 0.9982 0.0435
vn -0.0419 0.9982 -0.0423
vn 0.0143 0.9995 -0.0279
vn -0.0148 0.9994 0.0316
vn 0.0186 0.9995 0.0254
vn -0.0087 0.9995 -0.0288
vn -0.1053 0.9913 -0.0787
vn 0.0513 0.9981 -0.0340
vn -0.0148 0.9998 -0.0101
vn -0.0745 0.9955 0.0580
vn -0.0122 0.9993 0.0350
vn -0.0019 0.9990 -0.0457
vn 0.0597 0.9971 0.0466
vn 0.0425 0.9990 0.0169
vn -0.1052 0.9898 0.0956
vn 0.0018 0.9984 0.0565
vn -0.0025 0.9994 0.0345
vn 0.0192 0.9997 0.0159
vn -0.0250 0.9995 -0.0216
vn -0.0233 0.9996 0.0164
vn -0.0193 0.9998 0.0006
vn -0.0470 0.9985 -0.0265
vn 0.0197 0.9997 0.0133
vn -0.0281 0.9986 -0.0449
vn -0.0233 0.9990 -0.0378
vn -0.0193 0.9996 -0.0214
vn -0.0427 0.9978 0.0503
vn 0.0347 0.9986 -0.0403
vn -0.0201 0.9997 0.0147
vn -0.0738 0.9949 -0.0689
vn 0.0197 0.9996 -0.0212
vn -0.0087 0.9998 0.0175
vn 0.0222 0.9997 0.0039
vn -0.0479 0.9972 0.0579
vn -0.0281 0.9996 -0.0037
vn -0.0335 0.9990 -0.0295
vn 0.0196 0.9997 -0.0144
vn -0.0336 0.9993 0.0150
vn -0.0055 0.9999 0.0138
vn 0.0369 0.9988 0.0326
vn -0.0186 0.9998 -0.0099
vn 0.0463 0.9986 -0.0270
vn 0.0198 0.9998 -0.0000
vn 0.0198 0.9998 -0.0102
vn 0.0168 0.9993 0.0349
vn -0.0427 0.9981 -0.0451
vn -0.0055 0.9999 0.0126
vn -0.0323 0.9988 0.0381
vn -0.0173 0.9993 0.0344
vn -0.0173 0.9997 -0.0157
vn 0.0369 0.9979 -0.0536
vn 0.0530 0.9983 -0.0223
vn -0.0096 0.9999 0.0102
vn 0.0209 0.9998 0.0064
vn -0.0233 0.9994 -0.0249
vn 0.0015 0.9999 0.0106
vn 0.0529 0.9968 0.0600
vn -0.0210 0.9998 0.0038
vn 0.0375 0.9967 -0.0724
vn 0.0422 0.9963 0.0748
vn 0.0423 0.9990 -0.0110
vn 0.0303 0.9995 0.0094
vn -0.0233 0.9994 0.0256
vn 0.0386 0.9992 0.0122
vn -0.0042 0.9999 0.0150
vn -0.0350 0.9987 0.0375
vn -0.0350 0.9993 -0.0098
vn -0.0532 0.9985 0.0110
vn 0.0272 0.9996 0.0067
vn -0.0489 0.9986 0.0222
vn 0.0272 0.9996 0.0019
vn -0.0102 0.9986 -0.0526
vn -0.0532 0.9977 -0.0431
vn 0.0229 0.9997 -0.0084
vn 0.0001 1.0000 -0.0047
vn 0.0240 0.9997 -0.0014
vn -0.0317 0.9993 -0.0214
vn -0.0209 0.9996 -0.0210
vn 0.0503 0.9986 -0.0178
vn -0.0479 0.9982 -0.0371
vn 0.0235 0.9997 -0.0114
vn 0.0235 0.9981 0.0571
vn -0.0102 0.9999 0.0102
vn -0.0492 0.9980 -0.0394
vn 0.0677 0.9973 -0.0301
vn -0.0493 0.9987 0.0139
vn 0.0249 0.9994 0.0247
vn 0.0017 1.0000 0.0063
vn -0.0401 0.9991 -0.0141
vn 0.0339 0.9994 -0.0038
vn 0.0500 0.9980 -0.0380
vn -0.0142 0.9999 0.0002
vn -0.0280 0.9989 0.0377
vn -0.0032 1.0000 0.0021
vn 0.0229 0.9997 0.0001
vn -0.0598 0.9973 0.0415
vn -0.0176 0.9981 0.0585
vn 0.0202 0.9995 -0.0243
vn 0.0219 0.9989 -0.0412
vn 0.0269 0.9993 -0.0274
vn -0.0020 1.0000 0.0027
vn -0.0029 1.0000 -0.0075
vn -0.0384 0.9984 -0.0426
vn -0.0731 0.9970 0.0268
vn 0.0269 0.9996 -0.0124
vn -0.0324 0.9992 0.0244
vn -0.0839 0.9945 -0.0627
vn -0.0840 0.9947 0.0592
vn 0.0021 1.0000 -0.0057
vn -0.0347 0.9989 -0.0303
vn -0.0384 0.9982 0.0454
vn 0.0390 0.9978 0.0527
vn 0.0267 0.9996 -0.0013
vn 0.0267 0.9996 0.0126
vn 0.0068 0.9999 0.0142
vn -0.0042 0.9973 -0.0728
vn -0.0076 0.9971 -0.0759
vn -0.0042 0.9989 0.0465
vn -0.0076 0.9956 0.0932
vn 0.0089 0.9996 -0.0262
vn -0.0073 0.9997 -0.0238
vn 0.0018 0.9998 -0.0173
vn 0.0571 0.9978 -0.0334
vn -0.0134 0.9977 -0.0664
vn 0.0240 0.9960 0.0861
vn 0.0241 0.9974 -0.0677
vn 0.0477 0.9987 -0.0203
vn -0.0507 0.9986 0.0122
vn 0.0333 0.9990 -0.0308
vn 0.0333 0.9985 0.0440
vn 0.0066 0.9990 -0.0434
vn -0.0754 0.9938 -0.0822
vn 0.0124 0.9999 -0.0102
vn -0.0757 0.9970 0.0173
vn 0.0044 0.9999 0.0154
vn -0.0106 0.9993 0.0350
vn -0.0223 0.9976 0.0661
vn -0.0235 0.9986 0.0479
vn 0.0021 0.9999 0.0117
vn 0.0021 0.9997 -0.0245
vn 0.0095 0.9992 0.0378
vn 0.0095 0.9999 -0.0033
vn -0.0142 0.9997 -0.0221
vn -0.0737 0.9959 0.0516
vn 0.0089 0.9985 0.0542
vn 0.0419 0.9989 -0.0185
vn -0.0106 0.9995 -0.0295
vn 0.0564 0.9976 -0.0399
vn -0.0758 0.9946 -0.0711
vn 0.0524 0.9980 0.0355
vn -0.0758 0.9946 0.0707
vn -0.0230 0.9997 0.0123
vn 0.0564 0.9981 0.0251
vn 0.0453 0.9971 0.0612
vn -0.0928 0.9907 -0.0990
vn -0.0931 0.9943 0.0512
vn -0.0479 0.9986 -0.0202
vn -0.0495 0.9986 -0.0198
vn 0.0142 0.9997 0.0182
vn 0.0386 0.9992 0.0041
vn -0.0804 0.9954 -0.0513
vn -0.0288 0.9988 0.0387
vn -0.0288 0.9990 -0.0330
vn -0.0072 0.9970 -0.0765
vn -0.0428 0.9965 -0.0722
vn -0.0072 0.9991 0.0415
vn -0.0428 0.9960 0.0781
vn 0.0183 0.9998 0.0055
vn -0.0029 0.9999 -0.0120
vn -0.0083 0.9996 -0.0260
vn -0.0177 0.9998 -0.0110
vn 0.0059 0.9993 -0.0373
vn 0.0347 0.9988 0.0356
vn 0.0347 0.9988 -0.0353
vn -0.0007 0.9991 -0.0416
vn 0.0054 1.0000 0.0061
vn 0.0362 0.9987 -0.0345
vn 0.0362 0.9990 0.0271
vn 0.0356 0.9975 -0.0616
vn -0.0334 0.9978 -0.0568
vn 0.0603 0.9973 -0.0418
vn -0.0305 0.9995 -0.0056
vn -0.0315 0.9995 -0.0086
vn 0.0088 0.9999 0.0111
vn -0.0155 0.9982 0.0578
vn 0.0603 0.9963 0.0608
vn -0.0450 0.9989 -0.0148
vn 0.0288 0.9989 0.0361
vn 0.0173 0.9998 0.0063
vn 0.0173 0.9997 -0.0145
vn -0.0315 0.9992 0.0239
vn -0.0305 0.9988 0.0379
vn 0.0183 0.9992 0.0364
vn 0.0384 0.9990 -0.0245
vn -0.0375 0.9991 0.0199
vn 0.0589 0.9963 -0.0626
vn 0.0337 0.9987 -0.0379
vn -0.0240 0.9997 -0.0005
vn -0.0225 0.9980 0.0584
vn -0.0031 0.9999 0.0124
vn 0.0590 0.9979 0.0278
vn 0.0337 0.9989 0.0325
vn -0.0050 0.9962 -0.0872
vn -0.0050 0.9998 0.0189
vn 0.0281 0.9991 0.0311
vn 0.0126 0.9994 -0.0318
vn 0.0046 1.0000 0.0055
vn 0.0268 0.9980 0.0567
vn 0.0239 0.9994 -0.0233
vn 0.0240 0.9996 0.0180
vn 0.0056 0.9992 -0.0385
vn -0.9993 -0.0000 -0.0361
vn -0.9999 -0.0000 0.0133
vn -0.9354 -0.3531 0.0187
vn -0.9379 -0.3453 -0.0339
vn -0.9340 -0.3571 0.0122
vn -0.9353 -0.3538 0.0050
vn -1.0000 -0.0000 0.0055
vn -0.9353 0.3537 0.0050
vn -0.9340 0.3571 0.0122
vn -0.9379 0.3453 -0.0339
vn -0.9354 0.3530 0.0187
vn -0.9998 0.0002 0.0205
vn -0.9998 -0.0000 0.0205
vn -0.9999 -0.0000 -0.0165
vn -0.9995 -0.0000 -0.0309
vn -0.9995 -0.0000 -0.0308
vn -0.9357 -0.3520 0.0222
vn -0.9396 -0.3418 -0.0155
vn -0.9366 -0.3493 -0.0289
vn -0.9332 -0.3578 0.0348
vn -0.9993 -0.0000 0.0381
vn -0.9332 0.3578 0.0348
vn -0.9366 0.3492 -0.0289
vn -0.9396 0.3418 -0.0155
vn -0.9357 0.3520 0.0222
vn -0.9997 -0.0000 0.0244
vn -0.0035 -0.0000 1.0000
vn -0.0442 -0.0000 0.9990
vn -0.0035 0.0003 1.0000
vn 0.0114 -0.3510 0.9363
vn -0.0033 -0.3461 0.9382
vn -0.0415 -0.3474 0.9368
vn 0.0406 -0.3595 0.9323
vn 0.0444 -0.0000 0.9990
vn 0.0444 0.0002 0.9990
vn 0.0406 0.3595 0.9323
vn -0.0415 0.3473 0.9368
vn -0.0033 0.3461 0.9382
vn 0.0114 0.3510 0.9363
vn 0.0125 -0.0000 0.9999
vn -0.0309 -0.0000 0.9995
vn 0.0326 -0.0000 0.9995
vn 0.0137 -0.3475 0.9376
vn -0.0291 -0.3396 0.9401
vn 0.0297 -0.3531 0.9351
vn 0.0203 -0.3387 0.9407
vn 0.0224 -0.0000 0.9997
vn 0.0203 0.3387 0.9407
vn 0.0297 0.3530 0.9351
vn -0.0291 0.3396 0.9401
vn 0.0137 0.3475 0.9376
vn 0.0151 -0.0000 0.9999
vn -0.9999 -0.0000 -0.0159
vn -0.9380 -0.3464 0.0119
vn -0.9405 -0.3395 -0.0150
vn -0.9375 -0.3476 -0.0154
vn -0.9348 -0.3531 0.0379
vn -0.9991 -0.0000 0.0416
vn -0.9348 0.3531 0.0379
vn -0.9375 0.3476 -0.0154
vn -0.9405 0.3395 -0.0150
vn -0.9380 0.3464 0.0119
vn -0.9999 -0.0000 0.0131
vn -0.9990 -0.0000 0.0440
vn -0.9997 -0.0005 -0.0248
vn -0.9997 0.0002 -0.0248
vn -0.9422 -0.3323 -0.0427
vn -0.9343 -0.3542 0.0401
vn -0.9424 -0.3336 -0.0234
vn -0.9375 -0.3481 0.0019
vn -0.9999 0.0005 0.0116
vn -0.9999 -0.0002 0.0116
vn -0.9375 0.3480 0.0019
vn -0.9424 0.3336 -0.0234
vn -0.9343 0.3542 0.0401
vn -0.9422 0.3323 -0.0427
vn -0.9990 -0.0000 -0.0453
vn 0.9995 -0.0005 0.0322
vn 1.0000 -0.0000 0.0061
vn 0.9995 0.0005 0.0322
vn 0.9403 -0.3404 -0.0051
vn 0.9412 -0.3365 0.0303
vn 0.9360 -0.3520 0.0057
vn 0.9340 -0.3534 -0.0528
vn 0.9983 0.0002 -0.0579
vn 0.9983 -0.0005 -0.0579
vn 0.9340 0.3534 -0.0528
vn 0.9360 0.3520 0.0057
vn 0.9412 0.3365 0.0303
vn 0.9403 0.3404 -0.0051
vn 1.0000 -0.0000 -0.0057
vn 1.0000 -0.0002 -0.0057
vn 0.9988 -0.0000 0.0486
vn 0.9990 -0.0000 -0.0452
vn 0.9483 -0.3162 0.0267
vn 0.9387 -0.3417 0.0457
vn 0.9328 -0.3580 -0.0413
vn 0.9390 -0.3438 0.0045
vn 1.0000 0.0002 0.0048
vn 1.0000 -0.0002 0.0048
vn 0.9390 0.3438 0.0045
vn 0.9328 0.3580 -0.0413
vn 0.9387 0.3417 0.0457
vn 0.9483 0.3162 0.0267
vn 0.9996 -0.0000 0.0281
vn -0.0098 -0.0004 1.0000
vn -0.0353 -0.0000 0.9994
vn -0.0098 0.0004 1.0000
vn -0.0353 0.0003 0.9994
vn -0.0298 -0.3163 0.9482
vn -0.0092 -0.3439 0.9389
vn -0.0331 -0.3483 0.9368
vn 0.0112 -0.3584 0.9335
vn 0.0123 -0.0000 0.9999
vn 0.0112 0.3584 0.9335
vn -0.0331 0.3482 0.9368
vn -0.0092 0.3439 0.9389
vn -0.0298 0.3163 0.9482
vn -0.0314 -0.0000 0.9995
vn 0.0848 -0.0000 0.9964
vn -0.0830 -0.0004 0.9966
vn -0.0830 -0.0000 0.9966
vn 0.0090 -0.3557 0.9346
vn 0.0773 -0.3520 0.9328
vn -0.0818 -0.1678 0.9824
vn 0.0245 -0.3523 0.9355
vn 0.0344 -0.0000 0.9994
vn 0.0344 -0.0002 0.9994
vn 0.0245 0.3524 0.9355
vn -0.0818 0.1681 0.9824
vn 0.0773 0.3520 0.9328
vn 0.0090 0.3557 0.9346
vn 0.0099 -0.0000 1.0000
vn -0.0591 -0.0000 -0.9983
vn 0.0626 -0.0008 -0.9980
vn 0.0626 -0.0000 -0.9980
vn -0.0046 -0.3559 -0.9345
vn -0.0539 -0.3540 -0.9337
vn 0.0594 -0.3168 -0.9466
vn 0.0079 -0.3554 -0.9347
vn 0.0085 0.0001 -1.0000
vn 0.0085 -0.0001 -1.0000
vn 0.0079 0.3555 -0.9346
vn 0.0594 0.3170 -0.9466
vn -0.0539 0.3540 -0.9337
vn -0.0046 0.3558 -0.9346
vn -0.0050 0.0001 -1.0000
vn -0.0050 -0.0000 -1.0000
vn 0.0661 -0.0000 -0.9978
vn -0.0232 0.0002 -0.9997
vn -0.0652 -0.3566 -0.9320
vn 0.0627 -0.3163 -0.9466
vn -0.0212 -0.3561 -0.9342
vn -0.0146 -0.3492 -0.9370
vn -0.0160 -0.0000 -0.9999
vn -0.0145 0.3492 -0.9369
vn -0.0212 0.3562 -0.9342
vn 0.0627 0.3162 -0.9466
vn -0.0652 0.3566 -0.9320
vn -0.0713 -0.0000 -0.9975
vn 0.9995 0.0002 0.0309
vn 0.9999 -0.0000 -0.0102
vn 0.9995 -0.0002 0.0309
vn 0.9382 -0.3461 -0.0073
vn 0.9393 -0.3420 0.0291
vn 0.9351 -0.3542 -0.0093
vn 0.9362 -0.3510 -0.0193
vn 0.9998 -0.0005 -0.0212
vn 0.9998 0.0005 -0.0212
vn 0.9362 0.3510 -0.0193
vn 0.9351 0.3542 -0.0093
vn 0.9393 0.3420 0.0291
vn 0.9382 0.3461 -0.0073
vn 1.0000 -0.0000 -0.0080
vn 0.9999 -0.0007 0.0142
vn 0.9995 0.0010 -0.0324
vn 0.9999 0.0007 0.0142
vn 0.9995 -0.0005 -0.0324
vn 0.9397 -0.3418 0.0106
vn 0.9376 -0.3473 0.0133
vn 0.9354 -0.3525 -0.0295
vn 0.9410 -0.3375 0.0256
vn 0.9999 -0.0000 0.0170
vn 0.9999 -0.0005 0.0170
vn 0.9410 0.3374 0.0256
vn 0.9354 0.3524 -0.0295
vn 0.9377 0.3473 0.0133
vn 0.9397 0.3418 0.0106
vn 0.9999 -0.0000 0.0112
vn -0.9996 -0.0000 -0.0268
vn -0.9997 0.0005 -0.0237
vn -0.9997 -0.0005 -0.0237
vn -0.9808 -0.1952 -0.0032
vn -0.9401 -0.3401 -0.0252
vn -0.9358 -0.3519 -0.0222
vn -0.9336 -0.3581 0.0117
vn -0.9999 -0.0000 0.0128
vn -0.9336 0.3580 0.0117
vn -0.9358 0.3519 -0.0222
vn -0.9401 0.3401 -0.0252
vn -0.9808 0.1951 -0.0033
vn -1.0000 -0.0014 -0.0033
vn -1.0000 0.0022 -0.0033
vn -0.9998 -0.0000 0.0220
vn -0.9996 -0.0000 -0.0289
vn -0.9348 -0.3551 -0.0048
vn -0.9341 -0.3564 0.0201
vn -0.9364 -0.3498 -0.0271
vn -0.9335 -0.3578 0.0245
vn -0.9996 -0.0000 0.0268
vn -0.9335 0.3578 0.0245
vn -0.9364 0.3498 -0.0271
vn -0.9341 0.3564 0.0201
vn -0.9348 0.3551 -0.0048
vn -1.0000 -0.0000 -0.0052
vn -0.0324 -0.0000 -0.9995
vn 0.0420 -0.0003 -0.9991
vn 0.0420 -0.0008 -0.9991
vn 0.0369 -0.3415 -0.9392
vn -0.0295 -0.3560 -0.9340
vn 0.0394 -0.3450 -0.9378
vn -0.0145 -0.3583 -0.9335
vn -0.0159 -0.0012 -0.9999
vn -0.0159 -0.0000 -0.9999
vn -0.0145 0.3583 -0.9335
vn 0.0394 0.3452 -0.9377
vn -0.0295 0.3561 -0.9340
vn 0.0369 0.3415 -0.9392
vn 0.0392 -0.0000 -0.9992
vn -0.0240 -0.0000 -0.9997
vn -0.0269 0.0008 -0.9996
vn -0.0240 0.0016 -0.9997
vn -0.0269 -0.0000 -0.9996
vn 0.0256 -0.3545 -0.9347
vn -0.0220 -0.3605 -0.9325
vn -0.0245 -0.3555 -0.9344
vn -0.0060 -0.3465 -0.9380
vn -0.0150 -0.0000 -0.9999
vn -0.0150 -0.0003 -0.9999
vn -0.0060 0.3466 -0.9380
vn -0.0245 0.3554 -0.9344
vn -0.0220 0.3603 -0.9326
vn 0.0256 0.3545 -0.9347
vn 0.0274 -0.0000 -0.9996
vn 0.0274 -0.0003 -0.9996
vn -0.0401 0.0004 0.9992
vn -0.0045 -0.0009 1.0000
vn -0.0401 -0.0000 0.9992
vn -0.0045 0.0002 1.0000
vn 0.0043 -0.1961 0.9806
vn -0.0377 -0.3390 0.9400
vn -0.0042 -0.3555 0.9347
vn 0.0325 -0.3564 0.9338
vn 0.0356 -0.0000 0.9994
vn 0.0356 0.0001 0.9994
vn 0.0325 0.3564 0.9338
vn -0.0042 0.3555 0.9347
vn -0.0378 0.3390 0.9400
vn 0.0043 0.1960 0.9806
vn 0.0044 -0.0000 1.0000
vn 0.0174 -0.0000 0.9998
vn 0.0149 0.0002 0.9999
vn 0.0149 -0.0000 0.9999
vn -0.0296 -0.3443 0.9384
vn 0.0159 -0.3555 0.9345
vn 0.0135 -0.3503 0.9365
vn 0.0230 -0.3439 0.9387
vn 0.0254 -0.0000 0.9997
vn 0.0230 0.3439 0.9387
vn 0.0135 0.3503 0.9365
vn 0.0159 0.3555 0.9345
vn -0.0296 0.3443 0.9384
vn -0.0315 0.0002 0.9995
vn -0.0315 -0.0002 0.9995
vn -0.9980 0.0004 -0.0639
vn -1.0000 0.0002 -0.0036
vn -0.9980 -0.0004 -0.0639
vn -1.0000 -0.0000 -0.0036
vn -0.9354 -0.3503 0.0482
vn -0.9497 -0.3071 -0.0609
vn -0.9352 -0.3542 -0.0034
vn -0.9331 -0.3545 0.0606
vn -0.9978 -0.0000 0.0664
vn -0.9331 0.3544 0.0606
vn -0.9352 0.3541 -0.0034
vn -0.9497 0.3071 -0.0609
vn -0.9354 0.3503 0.0482
vn -0.9986 -0.0000 0.0529
vn -1.0000 -0.0005 -0.0069
vn -0.9999 -0.0000 0.0110
vn -1.0000 0.0005 -0.0069
vn -0.9500 -0.3094 -0.0418
vn -0.9376 -0.3477 -0.0065
vn -0.9366 -0.3504 0.0100
vn -0.9381 -0.3459 -0.0183
vn -0.9998 -0.0000 -0.0195
vn -0.9381 0.3458 -0.0183
vn -0.9366 0.3503 0.0100
vn -0.9376 0.3477 -0.0065
vn -0.9500 0.3094 -0.0418
vn -0.9990 -0.0000 -0.0439
vn 0.9992 -0.0015 0.0398
vn 1.0000 0.0002 0.0045
vn 0.9992 0.0012 0.0398
vn 1.0000 -0.0000 0.0045
vn 0.9816 -0.1905 -0.0106
vn 0.9457 -0.3229 0.0376
vn 0.9368 -0.3498 0.0042
vn 0.9345 -0.3508 -0.0603
vn 0.9978 -0.0000 -0.0662
vn 0.9978 0.0017 -0.0662
vn 0.9346 0.3506 -0.0603
vn 0.9369 0.3497 0.0042
vn 0.9457 0.3230 0.0376
vn 0.9816 0.1905 -0.0106
vn 0.9999 0.0015 -0.0108
vn 0.9999 -0.0015 -0.0108
vn 0.9997 -0.0005 0.0246
vn 1.0000 -0.0000 -0.0056
vn 0.9997 0.0005 0.0246
vn 0.9599 -0.2755 0.0518
vn 0.9378 -0.3463 0.0231
vn 0.9349 -0.3548 -0.0051
vn 0.9350 -0.3531 -0.0318
vn 0.9994 0.0005 -0.0348
vn 0.9994 -0.0005 -0.0348
vn 0.9350 0.3531 -0.0318
vn 0.9349 0.3548 -0.0051
vn 0.9378 0.3463 0.0231
vn 0.9599 0.2755 0.0518
vn 0.9985 0.0007 0.0539
vn 0.9985 -0.0007 0.0539
vn -0.0751 -0.0000 0.9972
vn 0.0129 -0.0000 0.9999
vn 0.0025 -0.3245 0.9459
vn -0.0712 -0.3203 0.9447
vn 0.0118 -0.3589 0.9333
vn 0.0069 -0.3561 0.9344
vn 0.0076 -0.0000 1.0000
vn 0.0069 0.3561 0.9344
vn 0.0118 0.3589 0.9333
vn -0.0712 0.3203 0.9446
vn 0.0025 0.3245 0.9459
vn 0.0028 -0.0000 1.0000
vn 0.0707 -0.0001 0.9975
vn -0.0564 -0.0000 0.9984
vn 0.0707 -0.0000 0.9975
vn -0.0564 0.0002 0.9984
vn -0.0035 -0.3541 0.9352
vn 0.0645 -0.3544 0.9329
vn -0.0538 -0.2993 0.9527
vn -0.0007 -0.3508 0.9364
vn -0.0008 -0.0000 1.0000
vn -0.0007 0.3508 0.9364
vn -0.0538 0.2992 0.9527
vn 0.0645 0.3544 0.9329
vn -0.0035 0.3541 0.9352
vn -0.0038 -0.0000 1.0000
vn -0.0835 0.0001 -0.9965
vn 0.0938 0.0008 -0.9956
vn -0.0835 0.0008 -0.9965
vn 0.0938 -0.0000 -0.9956
vn 0.0273 -0.2048 -0.9784
vn -0.0763 -0.3556 -0.9315
vn 0.0900 -0.2811 -0.9555
vn -0.0229 -0.3587 -0.9332
vn -0.0250 0.0001 -0.9997
vn -0.0250 0.0015 -0.9997
vn -0.0229 0.3587 -0.9332
vn 0.0900 0.2807 -0.9556
vn -0.0763 0.3556 -0.9315
vn 0.0273 0.2049 -0.9784
vn 0.0278 0.0007 -0.9996
vn 0.0279 -0.0015 -0.9996
vn -0.0097 -0.0000 -1.0000
vn 0.0077 -0.0016 -1.0000
vn 0.0077 -0.0000 -1.0000
vn -0.0204 -0.3527 -0.9355
vn -0.0088 -0.3441 -0.9389
vn 0.0072 -0.3382 -0.9411
vn -0.0073 -0.3429 -0.9393
vn -0.0081 -0.0000 -1.0000
vn -0.0081 -0.0008 -1.0000
vn -0.0073 0.3430 -0.9393
vn 0.0072 0.3384 -0.9410
vn -0.0088 0.3441 -0.9389
vn -0.0204 0.3527 -0.9355
vn -0.0224 0.0005 -0.9997
vn -0.0224 -0.0008 -0.9997
vn 0.9984 -0.0000 -0.0559
vn 0.9995 -0.0000 0.0323
vn 0.9401 -0.3373 0.0496
vn 0.9326 -0.3572 -0.0511
vn 0.9417 -0.3352 0.0304
vn 0.9361 -0.3515 -0.0156
vn 0.9999 0.0002 -0.0171
vn 0.9999 -0.0002 -0.0171
vn 0.9361 0.3515 -0.0156
vn 0.9417 0.3352 0.0304
vn 0.9326 0.3572 -0.0511
vn 0.9401 0.3373 0.0495
vn 0.9986 -0.0000 0.0526
vn 1.0000 -0.0010 0.0008
vn 0.9992 -0.0000 -0.0392
vn 1.0000 0.0010 0.0008
vn 0.9384 -0.3445 0.0287
vn 0.9348 -0.3553 0.0008
vn 0.9341 -0.3553 -0.0358
vn 0.9403 -0.3404 0.0002
vn 1.0000 0.0005 0.0002
vn 1.0000 -0.0005 0.0002
vn 0.9403 0.3403 0.0002
vn 0.9341 0.3553 -0.0358
vn 0.9348 0.3553 0.0008
vn 0.9384 0.3445 0.0287
vn 0.9995 -0.0000 0.0306
vn -0.0051 -0.0008 -1.0000
vn 0.0010 -0.0000 -1.0000
vn -0.0051 0.0005 -1.0000
vn 0.0344 -0.3378 -0.9406
vn -0.0046 -0.3539 -0.9353
vn 0.0009 -0.3524 -0.9358
vn 0.0007 -0.3528 -0.9357
vn 0.0008 -0.0000 -1.0000
vn 0.0007 0.3529 -0.9357
vn 0.0009 0.3525 -0.9358
vn -0.0046 0.3540 -0.9352
vn 0.0344 0.3379 -0.9406
vn 0.0365 0.0008 -0.9993
vn 0.0365 -0.0008 -0.9993
vn 0.0375 -0.0000 -0.9993
vn -0.0218 -0.0000 -0.9998
vn 0.0375 0.0001 -0.9993
vn -0.0218 -0.0001 -0.9998
vn -0.0202 -0.3529 -0.9354
vn 0.0352 -0.3442 -0.9382
vn -0.0199 -0.3569 -0.9339
vn 0.0157 -0.3510 -0.9363
vn 0.0168 -0.0007 -0.9999
vn 0.0168 0.0008 -0.9999
vn 0.0157 0.3509 -0.9363
vn -0.0199 0.3570 -0.9339
vn 0.0352 0.3442 -0.9382
vn -0.0202 0.3529 -0.9354
vn -0.0222 -0.0000 -0.9998
vn 0.0226 -0.9997 -0.0025
vn -0.0226 -0.9977 0.0634
vn -0.0324 -0.9992 0.0255
vn 0.0464 -0.9969 0.0634
vn 0.0257 -0.9991 0.0331
vn -0.0322 -0.9976 -0.0610
vn -0.0435 -0.9989 0.0178
vn -0.0179 -0.9998 -0.0112
vn 0.0672 -0.9977 -0.0111
vn -0.0589 -0.9983 0.0043
vn 0.0119 -0.9997 0.0203
vn 0.0282 -0.9995 -0.0162
vn 0.0214 -0.9997 0.0103
vn 0.0070 -0.9999 0.0080
vn -0.0098 -1.0000 0.0021
vn 0.0277 -0.9984 -0.0496
vn 0.0311 -0.9995 0.0002
vn -0.0317 -0.9953 0.0917
vn -0.0313 -0.9994 0.0137
vn 0.0747 -0.9930 0.0915
vn -0.0044 -0.9999 0.0149
vn -0.0386 -0.9983 -0.0434
vn -0.0190 -0.9994 0.0285
vn 0.0059 -1.0000 0.0054
vn 0.0451 -0.9988 -0.0181
vn -0.0410 -0.9990 0.0204
vn -0.0035 -0.9996 0.0296
vn 0.0063 -0.9999 -0.0155
vn -0.0322 -0.9994 0.0137
vn -0.0624 -0.9979 0.0198
vn -0.0180 -0.9998 0.0067
vn 0.0400 -0.9972 -0.0636
vn -0.0713 -0.9943 -0.0796
vn 0.0151 -0.9997 0.0179
vn 0.0200 -0.9997 -0.0121
vn 0.1058 -0.9920 -0.0691
vn -0.0269 -0.9992 -0.0289
vn 0.0066 -0.9989 -0.0461
vn -0.0189 -0.9943 0.1050
vn -0.0030 -0.9995 -0.0320
vn 0.0428 -0.9962 -0.0761
vn -0.0446 -0.9961 -0.0761
vn -0.0151 -0.9996 0.0242
vn -0.0666 -0.9954 -0.0693
vn -0.0343 -0.9993 -0.0121
vn -0.0186 -0.9997 0.0155
vn -0.0276 -0.9991 0.0318
vn 0.0431 -0.9985 -0.0329
vn -0.0248 -0.9996 -0.0107
vn -0.0296 -0.9990 0.0340
vn 0.0044 -1.0000 -0.0067
vn 0.1336 -0.9863 -0.0971
vn 0.0161 -0.9988 -0.0457
vn -0.0148 -0.9998 -0.0107
vn 0.0273 -0.9971 0.0715
vn -0.0036 -0.9999 -0.0145
vn 0.0946 -0.9896 -0.1087
vn -0.0798 -0.9910 0.1075
vn 0.0412 -0.9991 0.0001
vn -0.0610 -0.9933 -0.0978
vn 0.0054 -1.0000 0.0006
vn 0.0121 -0.9997 0.0219
vn -0.0943 -0.9919 -0.0854
vn 0.0781 -0.9933 -0.0855
vn -0.0170 -0.9994 -0.0316
vn 0.0333 -0.9977 0.0598
vn -0.0184 -0.9993 -0.0316
vn -0.0350 -0.9991 0.0257
vn -0.0894 -0.9921 -0.0879
vn 0.0448 -0.9969 0.0654
vn -0.0295 -0.9994 -0.0153
vn 0.0100 -0.9999 -0.0140
vn -0.0055 -0.9999 -0.0140
vn -0.0114 -0.9999 0.0014
vn -0.0043 -1.0000 0.0039
vn -0.0017 -0.9997 0.0258
vn 0.0302 -0.9995 -0.0037
vn 0.0605 -0.9972 -0.0448
vn -0.0212 -0.9996 -0.0204
vn 0.0219 -0.9996 -0.0204
vn -0.0417 -0.9989 -0.0231
vn 0.0214 -0.9998 -0.0057
vn -0.0485 -0.9986 -0.0190
vn -0.0038 -1.0000 -0.0057
vn 0.0100 -0.9996 -0.0279
vn 0.0699 -0.9969 0.0374
vn -0.0349 -0.9982 -0.0479
vn 0.0512 -0.9970 0.0586
vn 0.0526 -0.9968 -0.0599
vn -0.0745 -0.9954 -0.0598
vn -0.0122 -0.9999 0.0117
vn 0.0333 -0.9975 -0.0620
vn 0.0222 -0.9997 -0.0074
vn 0.0106 -0.9977 0.0672
vn -0.0254 -0.9974 0.0672
vn -0.0376 -0.9989 -0.0278
vn 0.0500 -0.9987 -0.0125
vn -0.0080 -0.9997 -0.0243
vn -0.0428 -0.9985 0.0349
vn 0.0389 -0.9987 0.0344
vn -0.0558 -0.9984 0.0082
vn 0.0006 -1.0000 0.0067
vn -0.0661 -0.9936 -0.0916
vn 0.0015 -0.9998 -0.0202
vn -0.0026 -0.9998 -0.0202
vn -0.0210 -0.9995 -0.0256
vn 0.0376 -0.9987 0.0349
vn -0.0185 -0.9987 -0.0483
vn 0.0226 -0.9996 0.0178
vn 0.0064 -0.9992 0.0384
vn 0.0041 -0.9999 -0.0107
vn 0.0311 -0.9987 -0.0405
vn 0.0350 -0.9977 -0.0585
vn 0.0369 -0.9990 0.0264
vn -0.0454 -0.9973 -0.0584
vn -0.0234 -0.9997 0.0022
vn -0.0817 -0.9931 -0.0840
vn -0.0348 -0.9993 0.0111
vn 0.0057 -0.9996 0.0264
vn -0.0135 -0.9994 -0.0311
vn -0.0113 -0.9999 -0.0117
vn 0.0113 -0.9999 0.0020
vn -0.0134 -0.9999 0.0020
vn -0.0267 -0.9996 0.0022
vn 0.0277 -0.9996 0.0102
vn 0.0524 -0.9972 -0.0525
vn -0.0023 -1.0000 -0.0001
vn 0.0137 -0.9999 -0.0001
vn -0.0207 -0.9994 0.0270
vn 0.0222 -0.9973 -0.0705
vn -0.0330 -0.9993 0.0187
vn -0.0262 -0.9972 -0.0705
vn 0.0075 -1.0000 0.0011
vn 0.0079 -1.0000 -0.0016
vn 0.0066 -0.9996 -0.0273
vn 0.0890 -0.9945 0.0556
vn 0.0218 -0.9994 -0.0273
vn -0.0937 -0.9948 0.0410
vn -0.0065 -0.9991 0.0412
vn 0.0479 -0.9946 -0.0917
vn 0.0336 -0.9993 0.0187
vn 0.0116 -0.9976 0.0684
vn -0.0411 -0.9968 0.0684
vn 0.0076 -1.0000 0.0032
vn 0.0734 -0.9969 -0.0294
vn -0.0234 -0.9986 -0.0469
vn -0.0416 -0.9987 -0.0295
vn 0.0542 -0.9972 0.0510
vn -0.0633 -0.9977 0.0225
vn 0.0074 -1.0000 0.0011
vn -0.0826 -0.9871 -0.1372
vn -0.0730 -0.9961 0.0491
vn 0.0632 -0.9968 0.0491
vn -0.0323 -0.9987 -0.0384
vn 0.0377 -0.9981 0.0491
vn 0.0006 -0.9989 -0.0459
vn -0.0085 -1.0000 -0.0044
vn -0.0372 -0.9980 0.0501
vn 0.0121 -0.9997 -0.0234
vn 0.0433 -0.9987 -0.0256
vn 0.0362 -0.9963 -0.0784
vn -0.0422 -0.9979 0.0501
vn 0.0128 -0.9967 -0.0804
vn 0.0091 -0.9987 0.0501
vn -0.0165 -0.9992 0.0351
vn -0.0395 -0.9973 -0.0627
vn 0.0290 -0.9992 -0.0293
vn -0.0106 -0.9986 0.0512
vn 0.0281 -0.9983 0.0512
vn -0.0226 -0.9996 0.0140
vn 0.0273 -0.9995 0.0140
vn -0.0191 -0.9988 0.0440
vn -0.0288 -0.9963 -0.0804
vn 0.0080 -0.9996 -0.0262
vn 0.0108 -0.9992 0.0393
vn -0.0024 -0.9992 0.0393
vn -0.0117 -0.9981 0.0603
vn 0.0328 -0.9990 -0.0319
vn -0.0274 -0.9987 0.0439
vn -0.0001 -0.9995 -0.0319
vn 0.0644 -0.9972 0.0371
vn 0.0222 -0.9996 0.0176
vn -0.0441 -0.9976 -0.0539
vn 0.0345 -0.9993 0.0133
vn -0.0005 -0.9995 -0.0325
vn -0.0383 -0.9987 -0.0324
vn 0.0152 -0.9999 0.0062
vn 0.0312 -0.9967 -0.0745
vn 0.0162 -0.9989 0.0439
vn 0.0272 -0.9991 0.0338
vn -0.0824 -0.9960 0.0337
vn 0.0273 -0.9996 -0.0079
vn 0.0245 -0.9995 -0.0219
vn -0.0046 -1.0000 0.0052
vn 0.0718 -0.9939 -0.0838
vn -0.0184 -0.9998 0.0052
vn -0.0895 -0.9952 0.0391
vn 0.0028 -0.9998 -0.0219
vn 0.0041 -0.9997 -0.0243
vn -0.0230 -0.9991 0.0342
vn 0.0917 -0.9938 -0.0633
vn -0.1132 -0.9916 -0.0632
vn 0.0742 -0.9967 0.0330
vn 0.0418 -0.9984 -0.0382
vn -0.0911 -0.9923 -0.0837
vn 0.0240 -0.9996 0.0131
vn -0.0335 -0.9980 -0.0534
vn 0.0684 -0.9962 -0.0533
vn 0.0526 -0.9950 -0.0850
vn 0.0289 -0.9994 -0.0172
vn 0.0142 -0.9974 -0.0707
vn -0.0465 -0.9979 0.0442
vn -0.0190 -0.9998 0.0033
vn -0.0495 -0.9980 -0.0391
vn 0.0136 -0.9997 0.0224
vn 0.0005 -1.0000 0.0083
vn 0.0007 -0.9998 0.0207
vn -0.0036 -1.0000 0.0067
vn 0.0257 -0.9996 0.0067
vn -0.0169 -0.9995 0.0271
vn -0.0338 -0.9969 -0.0707
vn -0.0248 -0.9997 -0.0080
vn 0.0286 -0.9993 0.0225
vn -0.0235 -0.9995 0.0225
vn -0.0553 -0.9924 0.1100
vn 0.0148 -0.9993 -0.0329
vn -0.0079 -0.9990 0.0435
vn 0.0056 -0.9994 -0.0329
vn 0.0880 -0.9945 -0.0570
vn 0.0500 -0.9987 -0.0067
vn -0.0343 -0.9987 0.0383
vn 0.0626 -0.9965 -0.0560
vn 0.0183 -0.9981 -0.0595
vn -0.0781 -0.9952 -0.0594
vn 0.0300 -0.9992 0.0253
vn 0.0245 -0.9971 -0.0722
vn -0.0011 -0.9991 0.0435
vn 0.0021 -1.0000 0.0036
vn -0.0741 -0.9962 -0.0446
vn 0.0222 -0.9988 -0.0448
vn 0.0285 -0.9996 -0.0091
vn -0.0056 -0.9999 -0.0116
vn 0.0418 -0.9978 0.0513
vn 0.0047 -0.9997 0.0228
vn -0.0893 -0.9947 0.0504
vn -0.0251 -0.9996 -0.0091
vn -0.0338 -0.9992 -0.0204
vn -0.0031 -0.9999 0.0106
vn 0.0635 -0.9962 -0.0592
vn -0.0845 -0.9947 -0.0591
vn 0.0718 -0.9974 0.0036
vn 0.0459 -0.9971 0.0602
vn -0.0399 -0.9987 0.0330
vn 0.0495 -0.9986 0.0208
vn -0.0697 -0.9949 -0.0723
vn 0.0879 -0.9935 -0.0722
vn -0.0223 -0.9997 0.0044
vn -0.0314 -0.9989 -0.0346
vn 0.0603 -0.9959 -0.0680
vn 0.0185 -0.9997 0.0170
vn -0.0122 -0.9987 0.0491
vn 0.0296 -0.9985 0.0467
vn -0.0077 -0.9994 -0.0347
vn 0.0088 -0.9998 0.0198
vn -0.0155 -0.9999 0.0032
vn -0.0146 -0.9998 -0.0129
vn -0.0181 -0.9990 0.0416
vn 0.0026 -0.9999 0.0170
vn -0.0344 -0.9978 0.0561
vn 0.0884 -0.9961 0.0042
vn 0.0157 -0.9999 0.0042
vn -0.0493 -0.9976 0.0492
vn -0.0322 -0.9995 0.0067
vn -0.0352 -0.9993 0.0079
vn -0.0076 -0.9999 0.0123
vn 0.0074 -0.9999 -0.0073
vn 0.0386 -0.9974 -0.0610
vn 0.0248 -0.9995 0.0211
vn 0.0211 -0.9998 0.0012
vn -0.0328 -0.9959 -0.0837
vn -0.0491 -0.9984 -0.0294
vn -0.0290 -0.9993 0.0215
vn 0.1041 -0.9877 -0.1167
vn -0.0329 -0.9990 0.0309
vn 0.0049 -0.9999 0.0123
vn 0.0550 -0.9966 0.0608
vn -0.0021 -1.0000 -0.0090
vn -0.0602 -0.9963 -0.0610
vn 0.0389 -0.9985 0.0385
vn 0.0796 -0.9963 -0.0334
vn 0.0179 -0.9996 -0.0207
vn -0.0529 -0.9979 0.0380
vn -0.0488 -0.9964 -0.0695
vn -0.0247 -0.9990 0.0386
vn -0.0018 -1.0000 0.0078
vn -0.0598 -0.9913 -0.1171
vn -0.0336 -0.9979 0.0556
vn 0.0657 -0.9958 -0.0642
vn 0.0073 -0.9979 -0.0644
vn 0.0288 -0.9996 0.0044
vn -0.0026 -0.9997 0.0227
vn 0.0387 -0.9992 -0.0068
vn 0.0190 -0.9998 -0.0068
vn -0.0208 -0.9995 -0.0239
vn 0.0549 -0.9974 -0.0472
vn -0.0224 -0.9993 -0.0286
vn -0.0068 -0.9993 0.0364
vn 0.0487 -0.9976 0.0496
vn -0.0318 -0.9995 -0.0019
vn -0.0082 -0.9999 0.0089
vn -0.0178 -0.9991 -0.0383
vn -0.0482 -0.9984 0.0310
vn 0.0279 -0.9991 0.0310
vn 0.0016 -0.9998 -0.0199
vn -0.0218 -0.9989 0.0420
vn -0.0078 -0.9999 -0.0065
vn -0.0477 -0.9988 -0.0067
vn -0.0900 -0.9954 0.0323
vn 0.0757 -0.9959 0.0495
vn -0.0006 -1.0000 -0.0019
vn -0.0824 -0.9946 -0.0627
vn -0.0421 -0.9991 -0.0067
vn 0.0484 -0.9977 0.0472
vn 0.0286 -0.9996 -0.0067
vn -0.0272 -0.9989 -0.0373
vn 0.0519 -0.9967 -0.0628
vn 0.0239 -0.9997 0.0060
vn -0.0465 -0.9980 0.0425
vn 0.0503 -0.9974 -0.0508
vn 0.0083 -0.9995 -0.0303
vn -0.0397 -0.9988 -0.0303
vn -0.0202 -0.9996 0.0219
vn -0.0118 -0.9998 0.0146
vn -0.0606 -0.9952 -0.0771
vn 0.0650 -0.9949 -0.0771
vn 0.0263 -0.9996 -0.0092
vn -0.0095 -0.9998 -0.0197
vn 0.0029 -1.0000 0.0059
vn -0.0327 -0.9974 0.0640
vn -0.0245 -0.9997 -0.0025
vn -0.0334 -0.9984 -0.0446
vn 0.0006 -0.9999 0.0146
vn 0.0040 -0.9998 0.0219
vn -0.0004 -1.0000 -0.0061
vn 0.0345 -0.9987 -0.0381
vn -0.0265 -0.9989 -0.0381
vn 0.0675 -0.9942 -0.0836
vn 0.0205 -0.9998 0.0012
vn 0.0241 -0.9977 0.0640
vn -0.0184 -0.9981 -0.0588
vn -0.0175 -0.9977 -0.0651
vn 0.0581 -0.9962 -0.0650
vn 0.0099 -0.9994 0.0345
vn -0.0162 -0.9997 -0.0170
vn 0.0321 -0.9979 -0.0568
vn 0.0115 -0.9999 0.0094
vn 0.0810 -0.9946 -0.0644
vn 0.0305 -0.9994 -0.0169
vn -0.0065 -0.9998 -0.0170
vn 0.0115 -0.9995 0.0296
vn -0.0152 -0.9998 0.0115
vn 0.0262 -0.9996 0.0115
vn -0.0155 -0.9998 0.0083
vn -0.0042 -0.9997 0.0224
vn -0.0118 -0.9983 -0.0568
vn 0.0058 -0.9999 -0.0104
vn 0.0480 -0.9963 0.0713
vn -0.0960 -0.9928 0.0710
vn -0.0579 -0.9958 0.0713
vn 0.0832 -0.9921 -0.0936
vn 0.0659 -0.9953 0.0713
vn -0.0287 -0.9996 0.0015
vn 0.0262 -0.9996 -0.0054
vn 0.0310 -0.9991 -0.0291
vn -0.0085 -0.9999 0.0093
vn -0.0022 -0.9998 -0.0183
vn 0.0381 -0.9990 0.0217
vn -0.0328 -0.9991 0.0258
vn -0.0244 -0.9993 0.0289
vn -0.0214 -0.9996 0.0183
vn -0.0048 -0.9999 0.0109
vn -0.0633 -0.9977 -0.0236
vn 0.0061 -0.9997 -0.0236
vn 0.0415 -0.9990 -0.0191
vn 0.0242 -0.9996 -0.0137
vn 0.0394 -0.9973 -0.0612
vn 0.0029 -0.9999 -0.0137
vn -0.0637 -0.9961 -0.0611
vn 0.0554 -0.9983 0.0184
vn -0.0425 -0.9979 -0.0483
vn 0.0210 -0.9996 0.0183
vn 0.0246 -0.9993 0.0289
vn -0.0045 -0.9997 0.0252
vn -0.0016 -1.0000 0.0066
vn -0.0114 -0.9999 0.0066
vn 0.0181 -0.9995 -0.0245
vn -0.0123 -0.9997 0.0199
vn 0.0480 -0.9984 0.0293
vn -0.0242 -0.9993 0.0293
vn -0.0393 -0.9957 0.0839
vn -0.0347 -0.9994 0.0002
vn -0.0605 -0.9968 -0.0531
vn 0.0730 -0.9959 -0.0535
vn -0.0089 -0.9996 -0.0270
vn -0.0016 -0.9988 0.0494
vn 0.0294 -0.9981 0.0550
vn 0.0083 -0.9985 -0.0532
vn 0.0203 -0.9995 0.0223
vn -0.0223 -0.9997 0.0102
vn -0.0235 -0.9993 -0.0286
vn 0.0027 -1.0000 0.0068
vn 0.0230 -0.9995 -0.0229
vn -0.0550 -0.9971 -0.0535
vn 0.0688 -0.9974 0.0194
vn 0.0200 -0.9992 0.0356
vn -0.0578 -0.9977 0.0355
vn -0.0229 -0.9996 0.0171
vn -0.0326 -0.9991 0.0270
vn -0.0146 -0.9997 0.0189
vn 0.0525 -0.9978 -0.0408
vn 0.0548 -0.9972 -0.0517
vn 0.0397 -0.9987 0.0327
vn 0.0294 -0.9995 0.0066
vn -0.0353 -0.9920 -0.1215
vn -0.0713 -0.9958 -0.0566
vn 0.0040 -0.9998 -0.0174
vn 0.0823 -0.9893 -0.1206
vn -0.0686 -0.9968 -0.0408
vn -0.0107 -0.9998 0.0189
vn 0.0385 -0.9985 -0.0393
vn -0.0128 -0.9997 0.0207
vn -0.0534 -0.9972 -0.0517
vn 0.0126 -0.9999 -0.0074
vn 0.0831 -0.9941 -0.0698
vn 0.0339 -0.9993 -0.0176
vn -0.0593 -0.9958 -0.0699
vn -0.0502 -0.9980 -0.0393
vn -0.0080 -0.9996 0.0259
vn 0.0082 -0.9998 0.0178
vn -0.0835 -0.9892 -0.1206
vn -0.0232 -0.9993 -0.0283
vn 0.0809 -0.9936 0.0791
vn -0.0249 -0.9977 -0.0626
vn 0.0088 -0.9999 0.0060
vn -0.0092 -0.9998 0.0171
vn 0.0252 -0.9990 -0.0373
vn 0.0237 -0.9997 0.0034
vn -0.0204 -0.9998 0.0085
vn 0.0044 -1.0000 0.0086
vn -0.0002 -1.0000 0.0026
vn -0.0111 -0.9999 0.0015
vn 0.0287 -0.9990 -0.0329
vn -0.0102 -0.9988 0.0475
vn -0.0205 -0.9998 0.0086
vn -0.0677 -0.9977 0.0026
vn -0.0512 -0.9979 0.0393
vn 0.0230 -0.9995 0.0224
vn 0.0132 -0.9999 -0.0011
vn 0.0048 -0.9999 0.0146
vn 0.0036 -0.9995 -0.0329
vn -0.0172 -0.9997 0.0176
vn -0.0522 -0.9979 0.0371
vn 0.0399 -0.9979 0.0515
vn -0.0026 -0.9998 -0.0206
vn -0.0794 -0.9965 -0.0248
vn -0.0873 -0.9959 0.0245
vn 0.0369 -0.9993 0.0091
vn 0.0531 -0.9983 0.0246
vn 0.0122 -0.9991 -0.0410
vn 0.0426 -0.9991 0.0075
vn 0.0227 -0.9996 0.0165
vn -0.0757 -0.9946 0.0714
vn 0.0685 -0.9951 0.0714
vn -0.0021 -0.9995 -0.0306
vn -0.0245 -0.9992 -0.0305
vn -0.0219 -0.9997 0.0086
vn -0.0214 -0.9992 0.0329
vn -0.0278 -0.9992 -0.0280
vn 0.0666 -0.9974 -0.0280
vn 0.0205 -0.9996 0.0202
vn 0.0373 -0.9985 0.0406
vn -0.0571 -0.9967 0.0578
vn -0.0487 -0.9987 0.0149
vn -0.0442 -0.9985 -0.0319
vn 0.0174 -0.9994 -0.0294
vn -0.0143 -0.9999 0.0086
vn -0.0055 -0.9996 -0.0279
vn 0.0525 -0.9973 -0.0521
vn -0.0413 -0.9978 -0.0521
vn 0.0760 -0.9897 -0.1212
vn 0.0146 -0.9998 0.0149
vn 0.0064 -0.9994 0.0327
vn -0.0186 -0.9985 -0.0510
vn -0.0199 -0.9964 -0.0824
vn 0.0693 -0.9942 -0.0822
vn 0.0007 -0.9999 0.0115
vn -0.0369 -0.9990 0.0238
vn 0.0585 -0.9972 -0.0473
vn 0.0266 -0.9994 0.0238
vn 0.0287 -0.9995 0.0088
vn 0.0028 -0.9999 0.0115
vn -0.0016 -0.9999 -0.0142
vn -0.0046 -1.0000 0.0067
vn -0.0192 -0.9998 -0.0103
vn -0.0165 -0.9994 0.0304
vn 0.0188 -0.9994 0.0304
vn 0.0012 -0.9992 0.0400
vn -0.0146 -0.9988 -0.0474
vn -0.0298 -0.9991 -0.0312
vn 0.0694 -0.9951 0.0709
vn -0.0685 -0.9951 0.0709
vn -0.0573 -0.9978 -0.0333
vn 0.0382 -0.9982 -0.0457
vn 0.0414 -0.9954 0.0863
vn 0.0147 -0.9997 -0.0186
vn -0.0192 -0.9996 0.0193
vn -0.0074 -0.9994 -0.0334
vn -0.0399 -0.9991 0.0162
vn 0.0059 -0.9986 -0.0532
vn 0.0174 -0.9993 -0.0322
vn -0.0317 -0.9990 -0.0322
vn -0.0382 -0.9981 0.0493
vn -0.0040 -1.0000 -0.0065
vn 0.0080 -0.9998 0.0177
vn -0.0527 -0.9976 0.0445
vn -0.0266 -0.9982 -0.0538
vn 0.0612 -0.9967 -0.0537
vn 0.0375 -0.9990 -0.0243
vn 0.0396 -0.9974 -0.0601
vn -0.0001 -0.9997 -0.0243
vn -0.0580 -0.9965 -0.0601
vn 0.0740 -0.9963 0.0444
vn -0.0389 -0.9983 -0.0437
vn 0.0122 -0.9999 -0.0065
vn 0.0575 -0.9971 0.0493
vn 0.0017 -1.0000 0.0034
vn -0.0757 -0.9953 0.0596
vn 0.0300 -0.9978 0.0597
vn 0.0246 -0.9995 -0.0185
vn 0.0077 -0.9995 -0.0295
vn 0.0197 -0.9990 0.0395
vn -0.0171 -0.9991 0.0395
vn -0.0562 -0.9966 0.0607
vn -0.0166 -0.9999 0.0042
vn 0.0185 -0.9975 -0.0678
vn 0.0677 -0.9963 -0.0526
vn -0.0349 -0.9987 0.0360
vn 0.0908 -0.9939 0.0625
vn -0.0016 -1.0000 -0.0036
vn -0.0603 -0.9940 -0.0916
vn 0.0017 -0.9994 0.0334
vn -0.0298 -0.9962 0.0821
vn 0.0339 -0.9993 0.0128
vn 0.0500 -0.9987 0.0128
vn 0.0952 -0.9860 -0.1371
vn -0.0763 -0.9945 0.0722
vn 0.0474 -0.9988 0.0127
vn 0.0116 -0.9999 0.0127
vn -0.1012 -0.9931 0.0590
vn -0.0192 -0.9998 0.0113
vn -0.0530 -0.9974 -0.0485
vn 0.0235 -0.9996 0.0142
vn 0.0500 -0.9979 -0.0411
vn -0.0620 -0.9966 0.0545
vn 0.0222 -0.9997 0.0113
vn 0.0768 -0.9959 -0.0485
vn 0.0193 -0.9994 -0.0284
vn -0.0332 -0.9990 -0.0284
vn -0.0346 -0.9987 0.0371
vn 0.0747 -0.9943 -0.0762
vn -0.0374 -0.9985 -0.0411
vn -0.0246 -0.9996 0.0142
vn 0.0400 -0.9988 -0.0287
vn -0.0279 -0.9996 0.0040
vn 0.0351 -0.9979 0.0545
vn -0.0102 -0.9985 0.0536
vn 0.0745 -0.9905 -0.1160
vn 0.1029 -0.9927 -0.0624
vn -0.0837 -0.9939 0.0723
vn -0.0269 -0.9992 -0.0288
vn 0.0080 -0.9990 0.0442
vn 0.0105 -0.9995 -0.0307
vn -0.0808 -0.9938 -0.0762
vn -0.0044 -0.9999 0.0161
vn 0.0143 -0.9999 -0.0030
vn 0.0354 -0.9981 -0.0513
vn -0.0124 -0.9996 0.0254
vn -0.0590 -0.9963 -0.0626
vn -0.0250 -0.9989 0.0390
vn -0.0117 -0.9989 0.0444
vn -0.0009 -0.9990 0.0444
vn -0.0508 -0.9987 0.0015
vn 0.0132 -0.9996 0.0243
vn -0.0020 -1.0000 0.0015
vn 0.0089 -0.9986 -0.0514
vn 0.0392 -0.9988 0.0283
vn 0.0100 -0.9998 0.0200
vn -0.0236 -0.9994 0.0243
vn -0.0362 -0.9993 0.0096
vn 0.0053 -0.9997 0.0230
vn 0.0871 -0.9950 -0.0483
vn -0.1136 -0.9920 0.0554
vn -0.0112 -0.9995 -0.0286
vn 0.0113 -0.9999 -0.0012
vn -0.0189 -0.9998 0.0011
vn 0.0255 -0.9996 0.0115
vn -0.0688 -0.9956 -0.0642
vn 0.0362 -0.9989 0.0289
vn -0.0412 -0.9984 -0.0393
vn 0.0168 -0.9998 -0.0096
vn 0.0277 -0.9989 0.0389
vn -0.0168 -0.9994 0.0288
vn -0.0614 -0.9977 0.0289
vn 0.0056 -0.9995 0.0309
vn -0.0494 -0.9985 0.0257
vn 0.0061 -0.9997 -0.0221
vn 0.1138 -0.9875 -0.1092
vn -0.1174 -0.9871 -0.1092
vn 0.0299 -0.9992 0.0279
vn -0.0029 -0.9999 -0.0096
vn -0.0007 -1.0000 0.0087
vn -0.0283 -0.9988 -0.0394
vn 0.0432 -0.9987 0.0288
vn 0.0105 -0.9990 0.0424
vn 0.0129 -0.9998 -0.0141
vn 0.0234 -0.9988 0.0424
vn -0.0128 -0.9998 -0.0141
vn 0.0248 -0.9997 0.0087
vn -0.0469 -0.9968 0.0650
vn -0.0406 -0.9992 -0.0052
vn 0.0096 -0.9999 -0.0109
vn 0.0544 -0.9971 -0.0529
vn -0.0234 -0.9983 -0.0530
vn 0.0059 -0.9991 -0.0422
vn -0.0381 -0.9992 0.0068
vn -0.0535 -0.9939 0.0960
vn 0.0383 -0.9992 -0.0084
vn -0.0150 -0.9998 0.0114
vn -0.0120 -0.9998 -0.0130
vn 0.0137 -0.9996 0.0251
vn 0.0888 -0.9947 -0.0518
vn 0.0622 -0.9968 -0.0501
vn -0.0487 -0.9975 -0.0519
vn -0.0076 -1.0000 0.0039
vn -0.0219 -0.9997 0.0096
vn -0.0692 -0.9973 0.0243
vn -0.0133 -0.9998 0.0147
vn -0.0459 -0.9979 -0.0448
vn 0.0790 -0.9927 0.0912
vn -0.0317 -0.9988 -0.0379
vn -0.0248 -0.9974 0.0671
vn -0.0180 -0.9998 0.0111
vn 0.0427 -0.9987 0.0279
vn 0.0401 -0.9968 0.0694
vn -0.0387 -0.9992 -0.0110
vn -0.0387 -0.9988 -0.0287
vn 0.0258 -0.9997 -0.0029
vn 0.0147 -0.9997 -0.0202
vn 0.0314 -0.9993 -0.0198
vn -0.0009 -0.9996 0.0270
vn 0.0056 -0.9996 -0.0287
vn -0.0642 -0.9960 0.0621
vn -0.0214 -0.9996 0.0176
vn 0.0410 -0.9982 -0.0431
vn -0.0010 -0.9999 -0.0104
vn -0.0685 -0.9974 0.0234
vn -0.0351 -0.9990 0.0278
vn 0.0120 -0.9998 -0.0164
vn 0.0156 -0.9993 -0.0327
vn 0.0126 -0.9997 0.0231
vn -0.0281 -0.9993 0.0231
vn 0.0380 -0.9985 0.0403
vn 0.0298 -0.9968 -0.0742
vn 0.0050 -1.0000 0.0082
vn -0.1084 -0.9914 -0.0738
vn 0.0099 -0.9994 -0.0327
vn -0.0462 -0.9981 0.0403
vn 0.0628 -0.9946 -0.0823
vn 0.0323 -0.9992 0.0234
vn -0.0173 -0.9984 0.0545
vn -0.0234 -0.9996 0.0155
vn 0.0217 -0.9996 0.0155
vn 0.0642 -0.9971 0.0410
vn -0.0004 -0.9992 -0.0412
vn 0.0184 -0.9993 0.0315
vn -0.0625 -0.9975 0.0314
vn 0.0062 -0.9989 0.0475
vn 0.0020 -0.9998 -0.0188
vn -0.0146 -0.9994 -0.0325
vn 0.0615 -0.9955 -0.0722
vn -0.0274 -0.9995 -0.0157
vn 0.0535 -0.9969 0.0572
vn 0.0082 -0.9999 -0.0074
vn -0.0211 -0.9979 -0.0620
vn -0.0051 -0.9991 0.0415
vn -0.0354 -0.9974 0.0625
vn 0.0462 -0.9970 0.0624
vn 0.0303 -0.9995 -0.0119
vn 0.0895 -0.9918 -0.0915
vn -0.0742 -0.9946 -0.0722
vn 0.0601 -0.9980 0.0173
vn 0.0086 -0.9998 0.0173
vn -0.0546 -0.9965 0.0630
vn -0.0367 -0.9972 0.0658
vn -0.0123 -0.9999 0.0025
vn 0.0032 -0.9992 0.0402
vn 0.0187 -0.9991 -0.0379
vn 0.0283 -0.9992 0.0274
vn 0.0355 -0.9980 0.0533
vn 0.0331 -0.9995 0.0001
vn 0.0361 -0.9975 -0.0613
vn -0.0314 -0.9976 -0.0613
vn -0.0367 -0.9984 -0.0419
vn 0.0814 -0.9931 -0.0850
vn -0.0167 -0.9991 -0.0379
vn -0.0105 -0.9991 0.0402
vn 0.0205 -0.9995 -0.0254
vn -0.0223 -0.9997 -0.0120
vn -0.0171 -0.9996 -0.0218
vn -0.0224 -0.9989 0.0406
vn 0.0529 -0.9941 -0.0943
vn 0.1030 -0.9939 0.0404
vn -0.0642 -0.9951 0.0747
vn -0.0420 -0.9989 0.0209
vn 0.0115 -0.9998 0.0175
vn -0.0016 -0.9998 -0.0185
vn -0.0859 -0.9927 -0.0850
vn -0.0172 -0.9999 0.0002
vn 0.0336 -0.9990 -0.0279
vn 0.0543 -0.9981 -0.0278
vn 0.0342 -0.9994 0.0033
vn -0.0330 -0.9991 0.0272
vn 0.0181 -0.9997 -0.0136
vn 0.0376 -0.9959 0.0818
vn 0.0006 -0.9966 0.0818
vn 0.0079 -0.9991 -0.0426
vn 0.0276 -0.9993 0.0270
vn -0.0357 -0.9985 -0.0426
vn -0.0083 -0.9999 0.0071
vn 0.0935 -0.9921 -0.0838
vn 0.0284 -0.9996 -0.0044
vn -0.0527 -0.9971 -0.0549
vn -0.0348 -0.9994 -0.0065
vn 0.0100 -0.9999 -0.0065
vn 0.0512 -0.9975 -0.0489
vn -0.0873 -0.9945 0.0584
vn 0.0189 -0.9987 -0.0479
vn -0.0082 -0.9993 0.0375
vn -0.0184 -0.9991 -0.0371
vn 0.0537 -0.9973 0.0492
vn -0.0950 -0.9919 -0.0838
vn 0.0134 -0.9999 -0.0077
vn -0.0403 -0.9985 0.0363
vn -0.0240 -0.9969 0.0745
vn 0.0198 -0.9998 -0.0079
vn 0.0122 -0.9993 0.0361
vn -0.0081 -0.9999 -0.0077
vn 0.0348 -0.9991 0.0254
vn -0.0390 -0.9979 -0.0513
vn 0.0366 -0.9991 0.0232
vn 0.0731 -0.9914 -0.1081
vn -0.1221 -0.9867 -0.1076
vn 0.0341 -0.9990 -0.0298
vn 0.0125 -0.9995 0.0298
vn -0.0319 -0.9995 -0.0035
vn 0.0157 -0.9997 -0.0192
vn 0.0551 -0.9978 0.0361
vn -0.0123 -0.9999 -0.0060
vn -0.0184 -0.9998 0.0096
vn 0.0209 -0.9997 -0.0081
vn -0.0133 -0.9999 0.0096
vn 0.0113 -0.9999 -0.0041
vn 0.0212 -0.9993 0.0298
vn -0.0118 -0.9999 0.0035
vn 0.0191 -0.9985 0.0504
vn 0.0525 -0.9972 -0.0525
vn -0.0215 -0.9984 -0.0525
vn 0.0007 -0.9990 -0.0442
vn -0.0133 -0.9999 0.0001
vn -0.0567 -0.9970 0.0532
vn 0.0040 -0.9996 0.0274
vn 0.0188 -0.9997 0.0155
vn -0.0378 -0.9993 -0.0041
vn 0.0400 -0.9972 -0.0632
vn 0.0436 -0.9990 -0.0089
vn -0.0008 -0.9986 -0.0534
vn -0.0526 -0.9977 0.0435
vn 0.0153 -0.9998 0.0155
vn 0.0190 -0.9998 0.0038
vn -0.0120 -0.9999 -0.0053
vn 0.0006 -0.9999 0.0114
vn -0.0399 -0.9991 0.0114
vn 0.0636 -0.9934 0.0952
vn -0.0284 -0.9993 0.0259
vn 0.0190 -0.9997 -0.0153
vn -0.0392 -0.9978 -0.0533
vn 0.0779 -0.9931 -0.0880
vn 0.0090 -0.9994 0.0326
vn -0.0225 -0.9992 0.0326
vn -0.0705 -0.9961 -0.0536
vn 0.0353 -0.9986 0.0402
vn 0.0983 -0.9940 0.0479
vn 0.0066 -0.9996 0.0263
vn 0.0143 -0.9998 0.0108
vn 0.0398 -0.9978 -0.0537
vn -0.0419 -0.9982 -0.0423
vn 0.0008 -1.0000 0.0004
vn 0.0089 -1.0000 0.0004
vn 0.0215 -0.9994 0.0271
vn -0.0540 -0.9979 0.0345
vn -0.0317 -0.9994 0.0159
vn -0.0420 -0.9984 -0.0382
vn -0.0255 -0.9993 0.0288
vn 0.0133 -0.9999 -0.0096
vn 0.0302 -0.9995 0.0108
vn -0.0087 -0.9996 0.0255
vn 0.0412 -0.9960 -0.0791
vn 0.0186 -0.9995 0.0254
vn -0.1053 -0.9913 -0.0787
vn 0.0277 -0.9996 -0.0101
vn -0.0250 -0.9995 -0.0216
vn 0.0192 -0.9997 0.0159
vn -0.0025 -0.9994 0.0345
vn 0.0018 -0.9984 0.0565
vn -0.0274 -0.9995 0.0169
vn 0.0425 -0.9990 0.0169
vn 0.0597 -0.9971 0.0466
vn -0.0019 -0.9990 -0.0457
vn -0.0098 -0.9994 0.0326
vn -0.0518 -0.9980 0.0350
vn -0.0148 -0.9998 -0.0101
vn -0.0077 -1.0000 0.0006
vn -0.0470 -0.9985 -0.0265
vn 0.0212 -0.9990 -0.0403
vn 0.0197 -0.9997 0.0133
vn -0.0281 -0.9986 -0.0449
vn -0.0480 -0.9987 0.0164
vn 0.0356 -0.9990 -0.0265
vn 0.0222 -0.9997 0.0039
vn -0.0087 -0.9998 0.0175
vn 0.0669 -0.9954 -0.0689
vn -0.0738 -0.9949 -0.0689
vn -0.0201 -0.9997 0.0147
vn 0.0363 -0.9985 -0.0419
vn 0.0347 -0.9990 -0.0278
vn -0.0193 -0.9996 -0.0214
vn -0.0233 -0.9990 -0.0378
vn -0.0335 -0.9990 -0.0295
vn -0.0323 -0.9994 0.0138
vn 0.0155 -0.9998 -0.0102
vn -0.0055 -0.9999 0.0138
vn 0.0369 -0.9988 0.0326
vn 0.0131 -0.9995 -0.0295
vn -0.0173 -0.9997 -0.0157
vn -0.0210 -0.9991 0.0381
vn -0.0071 -0.9999 0.0126
vn 0.0516 -0.9976 -0.0451
vn -0.0427 -0.9981 -0.0451
vn 0.0168 -0.9993 0.0349
vn 0.0194 -0.9998 -0.0098
vn 0.0198 -0.9998 -0.0000
vn 0.0196 -0.9998 -0.0000
vn -0.0186 -0.9998 -0.0099
vn 0.0209 -0.9997 0.0102
vn 0.0518 -0.9983 -0.0249
vn -0.0096 -0.9999 0.0102
vn -0.0233 -0.9994 -0.0249
vn -0.0474 -0.9971 0.0600
vn -0.0350 -0.9993 -0.0098
vn -0.0042 -1.0000 0.0064
vn -0.0015 -0.9999 0.0123
vn 0.0386 -0.9992 0.0122
vn -0.0073 -0.9999 0.0094
vn 0.0303 -0.9995 0.0094
vn 0.0098 -0.9997 0.0231
vn 0.0422 -0.9963 0.0748
vn -0.0644 -0.9973 0.0348
vn 0.0545 -0.9959 -0.0723
vn 0.0529 -0.9968 0.0600
vn -0.0490 -0.9988 0.0067
vn -0.0289 -0.9996 0.0019
vn 0.0272 -0.9996 0.0067
vn 0.0503 -0.9985 -0.0214
vn -0.0102 -0.9986 -0.0526
vn -0.0111 -0.9999 0.0110
vn 0.0235 -0.9981 0.0571
vn 0.0489 -0.9981 -0.0371
vn -0.0479 -0.9982 -0.0371
vn 0.0535 -0.9983 -0.0210
vn -0.0209 -0.9996 -0.0210
vn -0.0317 -0.9993 -0.0214
vn 0.0681 -0.9966 -0.0460
vn 0.0240 -0.9993 -0.0289
vn 0.0193 -0.9998 -0.0047
vn -0.0532 -0.9977 -0.0431
vn -0.0492 -0.9980 -0.0394
vn -0.0599 -0.9979 0.0246
vn 0.0377 -0.9993 0.0002
vn 0.0249 -0.9994 0.0247
vn 0.0219 -0.9997 -0.0141
vn 0.0202 -0.9990 -0.0395
vn -0.0177 -0.9997 0.0139
vn -0.0008 -0.9991 0.0416
vn -0.0189 -0.9998 0.0001
vn 0.0229 -0.9997 0.0001
vn 0.0001 -1.0000 -0.0013
vn -0.0032 -0.9999 0.0126
vn -0.0280 -0.9995 0.0142
vn -0.0142 -0.9995 0.0268
vn 0.0677 -0.9970 -0.0380
vn -0.0401 -0.9991 -0.0141
vn -0.0029 -1.0000 0.0027
vn 0.0318 -0.9986 -0.0426
vn -0.0020 -1.0000 0.0027
vn -0.0384 -0.9984 -0.0426
vn -0.0344 -0.9993 -0.0124
vn 0.0068 -0.9999 0.0142
vn 0.0267 -0.9996 0.0126
vn -0.0268 -0.9982 0.0527
vn 0.0390 -0.9978 0.0527
vn 0.0365 -0.9989 -0.0303
vn -0.0347 -0.9989 -0.0303
vn 0.0384 -0.9984 -0.0424
vn 0.0021 -0.9996 -0.0279
vn -0.0839 -0.9945 -0.0627
vn 0.0541 -0.9966 -0.0629
vn 0.0269 -0.9996 -0.0124
vn -0.0042 -0.9973 -0.0728
vn -0.0505 -0.9944 0.0931
vn -0.0076 -0.9971 -0.0759
vn -0.0005 -0.9963 0.0861
vn 0.0066 -0.9997 -0.0238
vn 0.0357 -0.9967 -0.0727
vn 0.0333 -0.9985 0.0440
vn -0.0112 -0.9999 0.0122
vn -0.0167 -0.9997 -0.0203
vn 0.0477 -0.9987 -0.0203
vn -0.0502 -0.9987 0.0054
vn 0.0240 -0.9960 0.0861
vn -0.0134 -0.9977 -0.0664
vn 0.0094 -0.9998 0.0149
vn 0.0018 -0.9998 -0.0173
vn -0.0073 -0.9997 -0.0238
vn -0.0754 -0.9938 -0.0822
vn -0.0738 -0.9972 0.0154
vn 0.0265 -0.9993 -0.0245
vn 0.0044 -0.9999 0.0154
vn -0.0106 -0.9993 0.0350
vn 0.0418 -0.9957 -0.0823
vn 0.0065 -0.9998 0.0173
vn 0.0089 -0.9985 0.0542
vn -0.0009 -0.9998 -0.0221
vn -0.0142 -0.9997 -0.0221
vn 0.0571 -0.9970 -0.0514
vn 0.0095 -0.9992 0.0378
vn 0.0105 -0.9994 -0.0330
vn 0.0021 -0.9999 0.0117
vn 0.0124 -0.9999 0.0117
vn -0.0042 -0.9988 0.0479
vn 0.0871 -0.9937 -0.0710
vn 0.0524 -0.9980 0.0355
vn -0.0758 -0.9946 -0.0711
vn 0.0142 -0.9997 -0.0203
vn -0.0357 -0.9990 0.0251
vn -0.0288 -0.9990 -0.0330
vn -0.0257 -0.9990 0.0356
vn -0.0804 -0.9954 -0.0513
vn 0.0385 -0.9992 0.0041
vn 0.0518 -0.9985 -0.0198
vn -0.0495 -0.9986 -0.0198
vn -0.0479 -0.9986 -0.0202
vn -0.0188 -0.9995 -0.0242
vn -0.0928 -0.9907 -0.0990
vn 0.0453 -0.9971 0.0612
vn 0.0564 -0.9981 0.0251
vn -0.0072 -0.9970 -0.0765
vn -0.0436 -0.9960 0.0781
vn -0.0428 -0.9965 -0.0722
vn -0.0007 -0.9994 0.0356
vn 0.0356 -0.9993 -0.0120
vn 0.0503 -0.9958 -0.0764
vn 0.0362 -0.9990 0.0271
vn -0.0057 -1.0000 0.0061
vn 0.0054 -1.0000 0.0061
vn -0.0071 -0.9994 -0.0353
vn -0.0156 -0.9998 0.0131
vn 0.0347 -0.9988 0.0356
vn 0.0059 -0.9993 -0.0373
vn -0.0177 -0.9998 -0.0110
vn -0.0083 -0.9996 -0.0260
vn -0.0029 -0.9999 -0.0120
vn -0.0334 -0.9978 -0.0568
vn -0.0306 -0.9995 -0.0056
vn -0.0168 -0.9992 0.0361
vn -0.0315 -0.9995 -0.0086
vn -0.0374 -0.9976 0.0578
vn 0.0384 -0.9977 -0.0568
vn 0.0197 -0.9998 -0.0056
vn 0.0183 -0.9992 0.0364
vn -0.0167 -0.9996 0.0239
vn 0.0066 -0.9999 -0.0145
vn 0.0259 -0.9994 -0.0233
vn 0.0173 -0.9998 0.0063
vn 0.0288 -0.9989 0.0361
vn -0.0450 -0.9989 -0.0148
vn 0.0603 -0.9963 0.0608
vn -0.0186 -0.9980 0.0609
vn 0.0344 -0.9987 -0.0379
vn -0.0240 -0.9997 -0.0005
vn -0.0225 -0.9996 0.0189
vn 0.0046 -0.9995 0.0312
vn -0.0184 -0.9994 0.0278
vn 0.0056 -0.9992 -0.0385
vn 0.0240 -0.9996 0.0180
vn -0.0552 -0.9969 0.0566
vn 0.0268 -0.9980 0.0567
vn 0.0415 -0.9986 -0.0318
vn 0.0126 -0.9994 -0.0318
vn 0.0281 -0.9991 0.0311
vn -0.0077 -0.9997 0.0217
vn -0.0050 -0.9962 -0.0872
vn 0.0337 -0.9989 0.0325
vn 0.0590 -0.9979 0.0278
vn 0.0226 0.9997 0.0027
vn -0.0324 0.9991 0.0255
vn -0.0226 0.9977 0.0634
vn -0.0324 0.9993 -0.0162
vn -0.0552 0.9973 -0.0487
vn 0.0277 0.9984 -0.0496
vn -0.0098 0.9999 0.0021
vn 0.0070 0.9999 0.0080
vn 0.0214 0.9997 0.0102
vn 0.0214 0.9995 -0.0234
vn 0.0119 0.9997 0.0203
vn -0.0589 0.9983 0.0043
vn -0.0225 0.9947 -0.1002
vn -0.0179 0.9998 -0.0112
vn -0.0435 0.9989 0.0178
vn 0.0257 0.9997 -0.0025
vn 0.0311 0.9995 0.0002
vn -0.0313 0.9994 0.0137
vn -0.0317 0.9953 0.0917
vn -0.0313 0.9994 -0.0155
vn -0.0804 0.9948 -0.0620
vn 0.0400 0.9972 -0.0636
vn -0.0180 0.9998 0.0067
vn -0.0624 0.9979 0.0198
vn -0.0624 0.9979 -0.0169
vn -0.0321 0.9980 -0.0543
vn -0.0034 0.9996 0.0296
vn -0.0410 0.9990 0.0204
vn -0.0317 0.9951 -0.0935
vn -0.0190 0.9997 -0.0181
vn -0.0190 0.9994 0.0285
vn -0.0044 1.0000 -0.0089
vn 0.0431 0.9984 0.0359
vn 0.0200 0.9997 -0.0121
vn 0.0151 0.9997 0.0179
vn 0.1058 0.9920 -0.0691
vn -0.0268 0.9992 -0.0288
vn 0.0431 0.9985 -0.0329
vn -0.0276 0.9991 0.0318
vn -0.0186 0.9997 0.0155
vn -0.0186 0.9998 0.0038
vn -0.0343 0.9987 -0.0366
vn -0.0151 0.9996 0.0242
vn 0.1057 0.9915 0.0759
vn 0.0428 0.9962 -0.0761
vn -0.0189 0.9987 -0.0482
vn -0.0189 0.9943 0.1050
vn -0.0268 0.9965 -0.0798
vn 0.0780 0.9926 0.0931
vn 0.0044 1.0000 -0.0067
vn -0.0296 0.9990 0.0340
vn 0.1336 0.9863 -0.0971
vn 0.0161 0.9988 -0.0457
vn 0.0781 0.9933 -0.0855
vn -0.0073 1.0000 0.0026
vn 0.0121 0.9997 0.0219
vn 0.0054 1.0000 0.0006
vn 0.0054 0.9996 -0.0279
vn 0.0412 0.9991 0.0001
vn -0.0798 0.9910 0.1075
vn 0.0946 0.9896 -0.1087
vn 0.0274 0.9995 0.0168
vn -0.0148 0.9995 0.0292
vn -0.0148 0.9998 -0.0107
vn -0.0170 0.9994 -0.0316
vn -0.0212 0.9992 -0.0344
vn -0.0170 0.9998 0.0090
vn -0.0350 0.9991 0.0257
vn -0.0025 1.0000 -0.0000
vn 0.0219 0.9996 -0.0204
vn -0.0274 0.9993 -0.0266
vn 0.0605 0.9972 -0.0448
vn 0.0302 0.9995 -0.0037
vn 0.0302 0.9979 0.0579
vn -0.0043 1.0000 0.0039
vn -0.0114 0.9999 0.0014
vn 0.0333 0.9991 0.0253
vn 0.0100 0.9999 -0.0140
vn 0.0449 0.9972 0.0597
vn -0.0896 0.9935 -0.0705
vn -0.0376 0.9991 -0.0190
vn -0.0255 0.9997 0.0043
vn 0.0214 0.9998 -0.0057
vn -0.0484 0.9975 -0.0507
vn 0.0100 0.9996 -0.0279
vn 0.0525 0.9966 0.0632
vn -0.0254 0.9974 0.0672
vn 0.0007 0.9984 0.0573
vn 0.0222 0.9997 -0.0074
vn 0.0333 0.9975 -0.0620
vn 0.0333 0.9978 0.0576
vn -0.0038 0.9999 0.0117
vn 0.0526 0.9968 -0.0599
vn -0.0349 0.9990 -0.0284
vn 0.0698 0.9959 0.0580
vn 0.0100 0.9997 -0.0231
vn 0.0500 0.9987 -0.0125
vn -0.0428 0.9985 0.0349
vn 0.0500 0.9982 0.0343
vn -0.0428 0.9979 -0.0482
vn -0.0558 0.9984 0.0082
vn 0.0311 0.9987 -0.0405
vn 0.0041 0.9999 -0.0107
vn 0.0064 0.9992 0.0384
vn 0.0226 0.9996 0.0178
vn 0.0226 0.9997 -0.0041
vn -0.0185 0.9995 -0.0242
vn 0.0389 0.9986 0.0349
vn -0.0080 0.9996 -0.0256
vn 0.0015 0.9998 -0.0202
vn 0.0006 0.9997 -0.0243
vn 0.0006 1.0000 0.0067
vn 0.0350 0.9977 -0.0585
vn -0.0023 0.9999 -0.0149
vn 0.0351 0.9991 0.0245
vn -0.0234 0.9997 0.0022
vn 0.0323 0.9990 0.0312
vn 0.0137 0.9999 -0.0001
vn -0.0234 0.9995 -0.0214
vn 0.0524 0.9972 -0.0525
vn 0.0277 0.9996 0.0102
vn 0.0277 0.9980 0.0571
vn -0.0267 0.9996 -0.0114
vn 0.0113 0.9999 0.0020
vn 0.0369 0.9986 0.0370
vn 0.0057 0.9999 -0.0117
vn 0.0057 0.9996 0.0264
vn -0.0820 0.9960 -0.0368
vn -0.0207 0.9994 0.0270
vn -0.0330 0.9993 0.0187
vn 0.0222 0.9973 -0.0705
vn -0.0329 0.9965 -0.0773
vn 0.0096 0.9999 0.0032
vn 0.0544 0.9972 0.0505
vn -0.0411 0.9968 0.0684
vn 0.0059 0.9980 0.0627
vn 0.0116 0.9999 -0.0036
vn 0.0479 0.9946 -0.0917
vn 0.0478 0.9942 0.0959
vn -0.0937 0.9948 0.0410
vn 0.0218 0.9994 -0.0273
vn 0.0066 0.9996 -0.0278
vn 0.0066 0.9996 -0.0273
vn 0.0079 1.0000 -0.0016
vn 0.0734 0.9969 -0.0294
vn 0.0121 0.9996 0.0248
vn 0.0734 0.9960 0.0509
vn -0.0416 0.9981 -0.0458
vn -0.0633 0.9977 0.0225
vn 0.0433 0.9987 -0.0256
vn 0.0121 0.9997 -0.0234
vn -0.0372 0.9980 0.0501
vn -0.0085 1.0000 -0.0044
vn -0.0085 0.9984 -0.0550
vn 0.0006 0.9999 0.0116
vn 0.0542 0.9973 0.0491
vn -0.0234 0.9990 -0.0384
vn -0.0730 0.9961 0.0491
vn 0.0074 0.9989 -0.0469
vn 0.0074 1.0000 0.0011
vn 0.0362 0.9963 -0.0783
vn 0.0128 0.9967 -0.0804
vn -0.0422 0.9979 0.0501
vn 0.0129 0.9985 0.0539
vn -0.0165 0.9992 0.0351
vn -0.0024 0.9992 0.0393
vn -0.0758 0.9960 -0.0483
vn 0.0080 0.9996 -0.0262
vn 0.0079 0.9990 -0.0434
vn -0.0191 0.9988 0.0440
vn -0.0191 0.9993 -0.0308
vn -0.0226 0.9996 0.0140
vn -0.0423 0.9990 -0.0164
vn -0.0107 0.9986 0.0512
vn 0.0290 0.9992 -0.0293
vn -0.0165 0.9991 -0.0395
vn 0.0271 0.9947 0.0992
vn -0.0274 0.9987 0.0439
vn 0.0328 0.9990 -0.0319
vn -0.0274 0.9979 -0.0594
vn -0.0055 0.9994 -0.0336
vn 0.0273 0.9996 -0.0079
vn -0.0824 0.9960 0.0337
vn 0.0763 0.9936 0.0833
vn 0.0272 0.9981 0.0550
vn 0.0312 0.9967 -0.0745
vn 0.0312 0.9993 0.0223
vn -0.0001 1.0000 0.0062
vn -0.0005 0.9995 -0.0325
vn -0.0441 0.9968 -0.0660
vn 0.0222 0.9997 0.0131
vn 0.0643 0.9961 0.0602
vn 0.0684 0.9974 0.0225
vn 0.0718 0.9939 -0.0838
vn -0.0046 1.0000 0.0052
vn 0.0717 0.9928 0.0961
vn -0.0895 0.9952 0.0391
vn 0.0684 0.9962 -0.0533
vn 0.0810 0.9948 0.0623
vn 0.0240 0.9996 0.0131
vn 0.0240 0.9992 0.0327
vn 0.0418 0.9984 -0.0382
vn 0.0418 0.9991 0.0002
vn -0.0184 0.9993 0.0331
vn 0.0917 0.9938 -0.0633
vn -0.0230 0.9991 0.0342
vn 0.0041 0.9997 -0.0243
vn 0.0028 0.9998 -0.0219
vn 0.0526 0.9950 -0.0850
vn 0.0142 0.9974 -0.0707
vn 0.0289 0.9994 -0.0172
vn -0.0465 0.9979 0.0442
vn -0.0190 0.9998 0.0033
vn -0.0235 0.9995 0.0225
vn -0.0016 1.0000 -0.0080
vn -0.0114 0.9999 0.0055
vn -0.0248 0.9978 -0.0616
vn -0.0169 0.9995 0.0271
vn -0.0169 0.9993 -0.0346
vn -0.0036 1.0000 0.0067
vn 0.0289 0.9985 0.0475
vn 0.0136 0.9997 0.0207
vn -0.0494 0.9979 -0.0413
vn -0.0190 0.9998 -0.0083
vn -0.0553 0.9924 0.1100
vn -0.0079 0.9990 0.0435
vn 0.0148 0.9993 -0.0329
vn -0.0079 0.9989 -0.0465
vn 0.0880 0.9945 -0.0570
vn 0.0222 0.9988 -0.0448
vn -0.0265 0.9996 0.0036
vn 0.0676 0.9953 0.0698
vn 0.0021 0.9989 0.0467
vn 0.0245 0.9971 -0.0722
vn 0.0246 0.9995 0.0198
vn 0.0056 0.9997 0.0253
vn 0.0183 0.9981 -0.0595
vn 0.0626 0.9965 -0.0560
vn -0.0343 0.9987 0.0383
vn 0.0881 0.9956 0.0319
vn 0.0880 0.9948 0.0512
vn -0.0697 0.9957 -0.0614
vn 0.0285 0.9993 0.0228
vn 0.0418 0.9973 0.0603
vn -0.0893 0.9947 0.0504
vn 0.0879 0.9935 -0.0722
vn 0.0657 0.9958 0.0644
vn 0.0495 0.9986 0.0208
vn -0.0399 0.9987 0.0330
vn -0.0400 0.9987 -0.0307
vn 0.0718 0.9974 0.0036
vn 0.0047 0.9995 0.0311
vn 0.0635 0.9962 -0.0592
vn -0.0031 0.9999 0.0106
vn -0.0251 0.9996 -0.0116
vn -0.0251 0.9996 -0.0091
vn -0.0494 0.9985 -0.0229
vn 0.0603 0.9959 -0.0680
vn -0.0223 0.9994 -0.0255
vn 0.0185 0.9997 0.0170
vn -0.0122 0.9987 0.0491
vn -0.0493 0.9976 0.0492
vn 0.0157 0.9999 0.0042
vn 0.1048 0.9943 0.0209
vn -0.0344 0.9978 0.0561
vn -0.0344 0.9992 -0.0204
vn -0.0181 0.9990 0.0416
vn 0.0185 0.9996 0.0206
vn -0.0314 0.9994 -0.0129
vn -0.0077 1.0000 0.0032
vn -0.0077 0.9994 -0.0347
vn -0.0122 0.9999 0.0044
vn -0.0322 0.9995 0.0067
vn -0.0076 0.9999 0.0123
vn -0.0352 0.9993 0.0079
vn -0.0076 0.9999 -0.0073
vn 0.0386 0.9974 -0.0610
vn -0.0087 0.9999 -0.0090
vn 0.0669 0.9959 0.0607
vn -0.0738 0.9949 -0.0694
vn 0.0550 0.9965 0.0629
vn -0.0329 0.9990 0.0309
vn 0.1041 0.9877 -0.1167
vn -0.0290 0.9993 0.0215
vn -0.0352 0.9993 -0.0153
vn 0.0211 0.9993 -0.0294
vn 0.0248 0.9997 0.0049
vn 0.0386 0.9986 0.0351
vn -0.0208 0.9995 -0.0217
vn 0.0179 0.9996 -0.0207
vn 0.0796 0.9963 -0.0334
vn -0.0529 0.9979 0.0380
vn -0.0036 0.9997 -0.0239
vn 0.0948 0.9912 0.0929
vn 0.0190 0.9998 -0.0068
vn 0.0412 0.9991 -0.0042
vn -0.0026 0.9997 0.0227
vn 0.0288 0.9996 0.0044
vn 0.0288 0.9987 -0.0421
vn 0.0657 0.9958 -0.0642
vn -0.0336 0.9979 0.0556
vn -0.0018 0.9983 -0.0589
vn -0.0018 1.0000 0.0078
vn -0.0247 0.9990 0.0386
vn 0.0549 0.9974 -0.0472
vn -0.0068 0.9993 0.0364
vn 0.0549 0.9973 0.0495
vn -0.0068 1.0000 -0.0065
vn -0.0318 0.9995 -0.0019
vn 0.0503 0.9975 0.0495
vn 0.0083 0.9998 -0.0188
vn -0.0900 0.9954 0.0323
vn -0.0477 0.9988 -0.0067
vn -0.0477 0.9978 -0.0468
vn -0.0218 0.9989 0.0420
vn 0.0487 0.9984 0.0278
vn -0.0224 0.9996 -0.0199
vn -0.0482 0.9984 0.0310
vn -0.0082 0.9996 -0.0286
vn -0.0082 0.9999 0.0089
vn 0.0263 0.9985 0.0473
vn 0.0650 0.9958 0.0640
vn -0.0421 0.9991 -0.0067
vn 0.0484 0.9987 0.0134
vn 0.0006 1.0000 -0.0092
vn -0.0397 0.9963 -0.0758
vn 0.0650 0.9949 -0.0771
vn -0.0284 0.9986 -0.0446
vn -0.0118 0.9998 0.0146
vn -0.0202 0.9996 0.0219
vn -0.0202 0.9997 -0.0105
vn 0.0083 0.9995 -0.0303
vn 0.0503 0.9974 -0.0508
vn -0.0465 0.9980 0.0425
vn 0.0520 0.9981 0.0344
vn 0.0519 0.9967 -0.0628
vn 0.0581 0.9971 0.0486
vn -0.0327 0.9974 0.0640
vn 0.0029 1.0000 0.0059
vn -0.0245 0.9997 -0.0025
vn 0.0100 0.9999 -0.0007
vn 0.0581 0.9962 -0.0650
vn -0.0113 0.9982 -0.0588
vn -0.0042 0.9990 -0.0445
vn -0.0184 0.9996 0.0211
vn 0.0205 0.9998 0.0012
vn 0.0675 0.9942 -0.0836
vn -0.0244 0.9990 -0.0361
vn 0.0345 0.9987 -0.0381
vn -0.0004 1.0000 -0.0061
vn 0.0006 0.9998 0.0185
vn -0.0334 0.9992 -0.0197
vn -0.0960 0.9927 -0.0727
vn 0.0321 0.9979 -0.0568
vn 0.0099 0.9999 0.0094
vn 0.0321 0.9990 0.0302
vn 0.0810 0.9946 -0.0644
vn -0.0960 0.9928 0.0710
vn -0.0328 0.9994 -0.0104
vn -0.0244 0.9989 -0.0408
vn 0.0058 0.9992 -0.0391
vn -0.0042 0.9997 0.0224
vn -0.0155 0.9998 0.0083
vn 0.0115 0.9999 -0.0026
vn -0.0152 0.9998 0.0116
vn -0.0065 0.9999 0.0124
vn -0.0065 0.9998 -0.0170
vn 0.0811 0.9961 0.0344
vn -0.0579 0.9958 0.0713
vn 0.0061 0.9999 0.0109
vn 0.0832 0.9921 -0.0936
vn -0.0287 0.9996 0.0015
vn 0.0262 0.9996 -0.0054
vn 0.0415 0.9990 -0.0191
vn 0.0061 0.9997 -0.0236
vn -0.0218 0.9996 0.0184
vn -0.0633 0.9968 -0.0483
vn -0.0214 0.9996 0.0183
vn -0.0244 0.9993 0.0289
vn -0.0328 0.9991 0.0258
vn 0.0381 0.9990 0.0216
vn -0.0085 0.9997 -0.0246
vn 0.0310 0.9983 0.0491
vn 0.0310 0.9991 -0.0291
vn 0.0242 0.9996 -0.0137
vn -0.0242 0.9989 -0.0411
vn 0.0394 0.9973 -0.0612
vn 0.0029 1.0000 0.0062
vn 0.0627 0.9977 0.0258
vn -0.0393 0.9957 0.0839
vn -0.0242 0.9993 0.0293
vn 0.0300 0.9995 0.0111
vn -0.0123 0.9997 0.0199
vn 0.0181 0.9995 -0.0245
vn 0.0181 0.9992 0.0364
vn -0.0016 1.0000 0.0066
vn 0.0393 0.9968 0.0694
vn 0.0210 0.9995 0.0252
vn -0.0425 0.9980 -0.0459
vn 0.0554 0.9972 0.0505
vn -0.0347 0.9994 0.0002
vn 0.0730 0.9959 -0.0535
vn -0.0347 0.9990 -0.0270
vn 0.0730 0.9958 0.0558
vn -0.0016 0.9988 0.0494
vn -0.0578 0.9977 0.0355
vn 0.0040 0.9998 0.0195
vn 0.0828 0.9960 0.0336
vn 0.0687 0.9951 0.0714
vn 0.0230 0.9995 -0.0229
vn 0.0027 1.0000 0.0068
vn -0.0089 0.9999 -0.0138
vn -0.0606 0.9978 -0.0285
vn 0.0083 0.9999 0.0102
vn 0.0083 0.9985 -0.0532
vn -0.0016 0.9997 0.0237
vn -0.0229 0.9996 0.0171
vn -0.0146 0.9997 0.0189
vn -0.0326 0.9991 0.0270
vn 0.0525 0.9978 -0.0408
vn 0.0548 0.9972 -0.0517
vn -0.0479 0.9978 -0.0462
vn -0.0128 0.9997 0.0207
vn 0.0385 0.9985 -0.0393
vn 0.0385 0.9969 0.0686
vn -0.0107 0.9998 0.0178
vn 0.0823 0.9893 -0.1206
vn 0.0525 0.9981 0.0316
vn -0.0326 0.9993 -0.0174
vn 0.0293 0.9980 -0.0567
vn 0.0398 0.9991 0.0172
vn 0.0548 0.9973 0.0479
vn 0.0126 0.9999 -0.0074
vn 0.0339 0.9993 -0.0176
vn 0.0831 0.9941 -0.0698
vn 0.0338 0.9991 0.0242
vn -0.0030 1.0000 0.0085
vn 0.0429 0.9965 0.0723
vn 0.0237 0.9997 0.0034
vn 0.0252 0.9990 -0.0373
vn -0.0092 0.9998 0.0171
vn 0.0088 0.9999 0.0060
vn 0.0088 0.9996 -0.0286
vn -0.0593 0.9963 -0.0625
vn 0.0830 0.9934 0.0791
vn 0.0082 0.9996 -0.0283
vn -0.0080 1.0000 0.0015
vn -0.0080 0.9996 0.0259
vn -0.0027 1.0000 0.0015
vn 0.0399 0.9978 0.0529
vn 0.0044 1.0000 0.0073
vn 0.0287 0.9990 -0.0329
vn -0.0758 0.9969 -0.0205
vn 0.0686 0.9963 0.0515
vn -0.0021 1.0000 0.0092
vn -0.0522 0.9979 0.0371
vn -0.0172 0.9997 0.0176
vn -0.0172 0.9984 -0.0539
vn 0.0036 0.9999 0.0133
vn 0.0287 0.9995 0.0146
vn -0.0002 1.0000 -0.0011
vn -0.0677 0.9975 0.0223
vn -0.0677 0.9977 0.0026
vn -0.0205 0.9998 0.0086
vn -0.0460 0.9989 0.0091
vn 0.0666 0.9970 0.0393
vn -0.0873 0.9959 0.0245
vn 0.0369 0.9993 0.0081
vn 0.0122 0.9991 -0.0410
vn 0.0666 0.9974 -0.0280
vn -0.0317 0.9990 -0.0319
vn -0.0214 0.9992 0.0329
vn -0.0219 0.9997 0.0086
vn -0.0219 0.9994 -0.0279
vn -0.0021 0.9995 -0.0306
vn -0.0870 0.9925 -0.0858
vn -0.0757 0.9946 0.0714
vn 0.0227 0.9996 0.0165
vn 0.0122 0.9996 -0.0249
vn 0.0205 0.9996 0.0202
vn -0.0571 0.9967 0.0578
vn 0.0205 0.9995 0.0236
vn -0.0487 0.9987 0.0149
vn -0.0135 0.9999 -0.0008
vn 0.0693 0.9942 -0.0822
vn 0.0113 0.9986 -0.0510
vn -0.0134 0.9989 -0.0458
vn 0.0064 0.9994 0.0327
vn 0.0064 1.0000 0.0066
vn 0.0760 0.9897 -0.1212
vn -0.0486 0.9970 -0.0595
vn 0.0525 0.9973 -0.0521
vn -0.0143 0.9992 -0.0367
vn 0.0174 0.9990 0.0406
vn 0.0174 0.9994 -0.0294
vn -0.0686 0.9959 -0.0585
vn 0.0585 0.9972 -0.0473
vn -0.0369 0.9990 0.0238
vn 0.0584 0.9967 0.0559
vn 0.0059 0.9999 -0.0159
vn -0.0685 0.9951 0.0709
vn -0.0317 0.9990 -0.0312
vn -0.0382 0.9985 -0.0397
vn -0.0298 0.9976 -0.0627
vn 0.0012 0.9992 0.0400
vn 0.0012 0.9999 0.0138
vn -0.0165 0.9994 0.0304
vn -0.0192 0.9998 -0.0103
vn -0.0046 1.0000 0.0067
vn -0.0016 0.9999 -0.0142
vn 0.0028 0.9999 0.0115
vn 0.0611 0.9944 0.0862
vn -0.0266 0.9995 0.0177
vn 0.0382 0.9982 -0.0457
vn 0.0147 0.9997 -0.0186
vn -0.0513 0.9986 -0.0151
vn 0.0612 0.9967 -0.0537
vn 0.0132 0.9998 -0.0136
vn -0.0527 0.9976 0.0445
vn -0.0527 0.9977 -0.0437
vn -0.0040 1.0000 -0.0065
vn -0.0382 0.9981 0.0493
vn 0.0147 0.9998 0.0147
vn 0.0174 0.9993 -0.0322
vn 0.0058 0.9986 -0.0532
vn -0.0074 0.9987 0.0508
vn -0.0074 0.9994 -0.0334
vn 0.0375 0.9990 -0.0243
vn -0.0171 0.9990 -0.0416
vn 0.0396 0.9974 -0.0601
vn -0.0001 1.0000 -0.0015
vn 0.0345 0.9994 0.0045
vn -0.0562 0.9966 0.0607
vn -0.0171 0.9991 0.0395
vn 0.0152 0.9993 0.0350
vn 0.0077 0.9995 -0.0295
vn 0.0246 0.9995 -0.0185
vn 0.0246 0.9982 0.0542
vn -0.0757 0.9953 0.0596
vn 0.0396 0.9983 0.0418
vn 0.0122 0.9999 0.0034
vn -0.0389 0.9976 -0.0580
vn 0.0739 0.9948 0.0703
vn -0.0166 0.9999 0.0042
vn 0.0677 0.9963 -0.0526
vn 0.0185 0.9975 -0.0678
vn -0.0349 0.9987 0.0360
vn 0.0193 0.9998 -0.0100
vn -0.1012 0.9931 0.0590
vn 0.0116 0.9999 0.0127
vn 0.0749 0.9964 0.0406
vn -0.0763 0.9945 0.0722
vn 0.0952 0.9860 -0.1371
vn 0.0959 0.9936 0.0594
vn 0.0339 0.9993 0.0128
vn -0.0298 0.9962 0.0821
vn 0.0017 0.9994 0.0334
vn -0.0016 0.9995 -0.0324
vn 0.0906 0.9918 0.0896
vn 0.0351 0.9972 0.0660
vn 0.0235 0.9996 0.0142
vn -0.0192 0.9997 -0.0143
vn 0.0500 0.9979 -0.0411
vn -0.0620 0.9966 0.0545
vn -0.0515 0.9982 -0.0306
vn -0.0279 0.9996 0.0040
vn 0.0400 0.9988 -0.0287
vn 0.0399 0.9961 0.0792
vn -0.0246 0.9993 -0.0282
vn 0.0747 0.9943 -0.0762
vn -0.0346 0.9987 0.0371
vn -0.0530 0.9974 -0.0484
vn 0.0193 0.9994 -0.0284
vn 0.0768 0.9959 -0.0485
vn 0.0222 0.9997 0.0113
vn -0.0102 0.9985 0.0536
vn 0.1029 0.9927 -0.0624
vn 0.0745 0.9905 -0.1160
vn -0.0837 0.9939 0.0723
vn -0.0026 1.0000 -0.0058
vn -0.0009 0.9990 0.0444
vn -0.0405 0.9991 0.0158
vn -0.0250 0.9989 0.0390
vn -0.0250 0.9993 -0.0283
vn -0.0124 0.9996 0.0254
vn 0.0354 0.9981 -0.0513
vn 0.0143 0.9999 -0.0030
vn 0.0747 0.9926 0.0958
vn 0.0105 0.9998 0.0161
vn 0.0105 0.9995 -0.0307
vn 0.0080 0.9990 0.0442
vn -0.0508 0.9987 0.0015
vn 0.0255 0.9992 0.0293
vn -0.0508 0.9979 -0.0404
vn 0.0089 0.9986 -0.0514
vn -0.0493 0.9967 -0.0643
vn 0.0061 0.9999 0.0115
vn 0.1139 0.9883 0.1010
vn -0.0189 0.9998 0.0011
vn 0.0113 0.9999 -0.0012
vn -0.0112 0.9995 -0.0286
vn -0.1136 0.9920 0.0554
vn 0.0871 0.9950 -0.0483
vn 0.0132 0.9994 0.0309
vn -0.0236 0.9995 0.0229
vn -0.0236 0.9994 0.0243
vn 0.0100 0.9998 0.0200
vn 0.0168 0.9998 -0.0096
vn 0.0362 0.9986 0.0389
vn 0.0168 0.9995 0.0279
vn -0.0169 0.9994 0.0288
vn -0.0272 0.9989 -0.0394
vn -0.0031 0.9999 -0.0157
vn -0.0007 1.0000 0.0087
vn -0.0007 1.0000 -0.0074
vn -0.0029 1.0000 -0.0052
vn 0.0299 0.9988 0.0397
vn 0.1138 0.9875 -0.1092
vn 0.0061 0.9997 -0.0221
vn -0.0494 0.9985 0.0257
vn -0.0614 0.9973 -0.0393
vn -0.0614 0.9977 0.0289
vn 0.0105 0.9990 0.0424
vn -0.0150 0.9999 0.0035
vn 0.0129 0.9998 -0.0141
vn 0.0234 0.9995 0.0225
vn -0.0215 0.9991 -0.0358
vn -0.0120 0.9998 -0.0130
vn -0.0150 0.9998 0.0114
vn 0.0383 0.9992 -0.0084
vn -0.0535 0.9939 0.0960
vn -0.0381 0.9992 0.0068
vn -0.0380 0.9955 -0.0865
vn -0.0128 0.9990 -0.0422
vn 0.0544 0.9971 -0.0529
vn 0.0096 0.9999 -0.0109
vn -0.0470 0.9988 -0.0117
vn -0.0469 0.9968 0.0650
vn -0.0387 0.9989 -0.0279
vn 0.0622 0.9968 -0.0501
vn 0.0888 0.9947 -0.0518
vn 0.0621 0.9963 0.0601
vn -0.0214 0.9997 -0.0110
vn 0.0409 0.9968 0.0694
vn -0.0010 0.9996 0.0279
vn -0.0682 0.9941 -0.0841
vn -0.0180 0.9998 0.0111
vn -0.0248 0.9974 0.0671
vn -0.0249 0.9992 -0.0311
vn -0.0487 0.9981 -0.0379
vn 0.0886 0.9919 0.0911
vn -0.0692 0.9966 -0.0447
vn -0.0692 0.9973 0.0243
vn -0.0076 0.9997 0.0251
vn -0.0281 0.9994 -0.0180
vn 0.0147 0.9997 -0.0202
vn 0.0258 0.9997 -0.0029
vn 0.0314 0.9993 -0.0198
vn -0.0362 0.9993 -0.0106
vn -0.0281 0.9993 0.0231
vn 0.0868 0.9914 0.0980
vn 0.0156 0.9993 -0.0327
vn 0.0120 0.9998 -0.0164
vn -0.0351 0.9990 0.0278
vn -0.0685 0.9974 0.0234
vn -0.0010 0.9999 -0.0104
vn 0.0410 0.9982 -0.0431
vn -0.0643 0.9975 -0.0278
vn -0.0642 0.9960 0.0621
vn 0.0056 0.9996 -0.0287
vn 0.0062 0.9999 0.0082
vn -0.0624 0.9962 -0.0600
vn 0.0298 0.9968 -0.0742
vn 0.0050 0.9991 0.0411
vn 0.0890 0.9949 0.0474
vn 0.0217 0.9978 0.0632
vn -0.0625 0.9975 0.0314
vn -0.0065 1.0000 0.0063
vn -0.0004 0.9992 -0.0412
vn -0.0004 0.9997 -0.0243
vn 0.0641 0.9962 0.0584
vn -0.0234 0.9996 0.0155
vn 0.0297 0.9944 0.1017
vn 0.0629 0.9965 0.0544
vn 0.0628 0.9946 -0.0823
vn -0.0462 0.9981 0.0403
vn 0.0020 0.9998 -0.0188
vn 0.0615 0.9955 -0.0722
vn 0.0020 0.9999 -0.0157
vn 0.0615 0.9954 0.0740
vn 0.0361 0.9986 0.0396
vn -0.0546 0.9965 0.0630
vn 0.0086 0.9998 0.0173
vn 0.0816 0.9959 0.0391
vn 0.0600 0.9962 0.0635
vn 0.0895 0.9918 -0.0915
vn 0.0897 0.9948 0.0484
vn -0.0274 0.9996 -0.0119
vn -0.0354 0.9974 0.0625
vn -0.0051 0.9991 0.0415
vn 0.0082 0.9994 -0.0325
vn 0.0536 0.9978 0.0385
vn -0.0367 0.9972 0.0658
vn 0.0032 0.9992 0.0402
vn -0.0368 0.9991 -0.0223
vn 0.0187 0.9991 -0.0379
vn -0.0217 0.9995 -0.0218
vn -0.0068 0.9999 -0.0120
vn -0.0246 0.9996 -0.0142
vn 0.0205 0.9995 -0.0254
vn 0.0205 0.9972 0.0714
vn -0.0105 0.9994 -0.0317
vn 0.0814 0.9931 -0.0850
vn 0.0187 0.9997 0.0140
vn -0.0123 0.9990 -0.0420
vn 0.0361 0.9975 -0.0613
vn 0.0355 0.9994 0.0025
vn 0.0283 0.9985 0.0460
vn -0.0223 0.9989 0.0406
vn 0.0377 0.9990 -0.0259
vn 0.0529 0.9941 -0.0943
vn -0.0642 0.9951 0.0747
vn -0.0420 0.9989 0.0209
vn 0.0006 0.9966 0.0819
vn -0.0579 0.9982 -0.0142
vn 0.0181 0.9997 -0.0136
vn -0.0330 0.9991 0.0272
vn 0.0342 0.9994 0.0033
vn 0.0342 0.9982 -0.0485
vn 0.0336 0.9990 -0.0279
vn 0.0530 0.9961 0.0710
vn -0.0016 1.0000 0.0002
vn -0.0016 0.9998 -0.0185
vn 0.0115 0.9998 0.0175
vn 0.0079 0.9991 -0.0426
vn 0.0537 0.9974 0.0478
vn 0.0079 0.9999 0.0071
vn -0.0357 0.9992 -0.0205
vn 0.0935 0.9921 -0.0838
vn 0.0366 0.9981 0.0492
vn 0.0733 0.9949 0.0690
vn -0.0184 0.9991 -0.0371
vn -0.0082 0.9993 0.0375
vn 0.0189 0.9987 -0.0479
vn -0.0873 0.9945 0.0584
vn 0.0512 0.9975 -0.0489
vn 0.0276 0.9996 0.0113
vn -0.0348 0.9994 -0.0065
vn 0.0284 0.9992 0.0270
vn 0.0936 0.9937 0.0617
vn 0.0551 0.9979 0.0345
vn -0.0240 0.9969 0.0745
vn -0.0403 0.9985 0.0363
vn 0.0198 0.9998 -0.0079
vn 0.0122 0.9993 0.0361
vn -0.0024 0.9998 -0.0192
vn -0.0293 0.9976 -0.0622
vn -0.0319 0.9995 -0.0035
vn 0.0125 0.9995 0.0298
vn 0.0341 0.9990 -0.0298
vn 0.0341 0.9981 0.0504
vn 0.0731 0.9914 -0.1081
vn -0.0403 0.9977 -0.0544
vn 0.0348 0.9991 0.0232
vn -0.0081 0.9998 -0.0180
vn -0.0081 0.9999 -0.0077
vn -0.0123 0.9999 -0.0060
vn 0.0209 0.9997 -0.0081
vn -0.0184 0.9998 0.0096
vn 0.0209 0.9988 0.0441
vn 0.0113 0.9999 -0.0041
vn -0.0221 0.9997 0.0111
vn 0.0188 0.9997 0.0155
vn 0.0040 0.9996 0.0274
vn -0.0567 0.9970 0.0532
vn -0.0133 0.9999 0.0001
vn -0.0133 0.9982 -0.0583
vn -0.0133 0.9989 -0.0442
vn 0.0525 0.9972 -0.0525
vn -0.0118 0.9997 0.0192
vn -0.0118 0.9999 0.0035
vn 0.0113 0.9997 0.0197
vn 0.0400 0.9972 -0.0632
vn -0.0008 0.9986 -0.0534
vn 0.0436 0.9990 -0.0089
vn -0.0526 0.9977 0.0435
vn 0.0008 1.0000 0.0009
vn -0.0225 0.9992 0.0326
vn 0.0215 0.9987 0.0453
vn 0.0779 0.9931 -0.0880
vn 0.0781 0.9948 0.0652
vn 0.0190 0.9997 -0.0153
vn -0.0284 0.9993 0.0259
vn -0.0526 0.9984 -0.0220
vn 0.0434 0.9945 0.0953
vn 0.0006 0.9999 0.0114
vn -0.0120 0.9999 -0.0053
vn 0.0153 0.9999 -0.0000
vn 0.0301 0.9984 0.0481
vn 0.0133 0.9992 -0.0383
vn -0.0704 0.9953 -0.0667
vn 0.0066 0.9996 0.0263
vn 0.0143 0.9998 0.0108
vn 0.0100 0.9999 -0.0096
vn 0.0513 0.9983 0.0288
vn -0.0874 0.9956 -0.0339
vn -0.0255 0.9994 -0.0216
vn -0.0317 0.9994 0.0159
vn -0.0540 0.9979 0.0345
vn 0.0066 0.9999 0.0120
vn 0.0354 0.9990 0.0271
vn 0.0008 1.0000 0.0004
vn 0.0398 0.9984 0.0402
vn 0.0398 0.9978 -0.0537
vn -0.0087 0.9996 0.0255
vn -0.0518 0.9976 -0.0456
vn 0.0412 0.9960 -0.0791
vn 0.0185 0.9987 0.0466
vn 0.0277 0.9996 -0.0101
vn 0.0526 0.9969 0.0580
vn -0.0518 0.9980 0.0350
vn -0.0098 0.9994 0.0326
vn -0.0098 0.9985 -0.0537
vn -0.0019 0.9999 -0.0157
vn 0.0597 0.9976 0.0344
vn -0.0274 0.9995 0.0169
vn 0.0412 0.9945 0.0961
vn 0.0192 0.9982 0.0564
vn -0.0250 0.9993 -0.0288
vn 0.0277 0.9991 0.0316
vn -0.0077 1.0000 0.0006
vn 0.0212 0.9990 -0.0403
vn -0.0077 0.9999 0.0133
vn 0.0212 0.9997 0.0147
vn -0.0210 0.9991 -0.0378
vn -0.0071 0.9997 -0.0214
vn 0.0516 0.9974 0.0503
vn 0.0347 0.9990 -0.0278
vn 0.0363 0.9985 -0.0419
vn 0.0362 0.9968 0.0715
vn -0.0201 0.9997 -0.0145
vn 0.0669 0.9954 -0.0689
vn -0.0470 0.9987 -0.0212
vn 0.0356 0.9992 0.0175
vn 0.0356 0.9990 -0.0265
vn -0.0480 0.9987 0.0164
vn -0.0186 0.9997 -0.0144
vn 0.0155 0.9998 -0.0102
vn -0.0323 0.9994 0.0138
vn 0.0155 0.9993 0.0349
vn -0.0051 0.9999 -0.0099
vn -0.0355 0.9990 -0.0270
vn 0.0196 0.9998 -0.0000
vn 0.0303 0.9995 0.0106
vn 0.0194 0.9998 -0.0098
vn 0.0194 0.9991 0.0375
vn 0.0168 0.9997 0.0150
vn 0.0516 0.9976 -0.0451
vn -0.0071 0.9999 0.0126
vn -0.0210 0.9991 0.0381
vn 0.0131 0.9998 0.0150
vn 0.0131 0.9995 -0.0295
vn 0.0209 0.9997 0.0102
vn 0.0545 0.9957 0.0748
vn 0.0518 0.9983 -0.0249
vn -0.0096 0.9999 -0.0110
vn -0.0474 0.9971 0.0600
vn -0.0026 1.0000 0.0038
vn 0.0545 0.9959 -0.0723
vn -0.0644 0.9973 0.0348
vn -0.0644 0.9972 -0.0369
vn 0.0098 0.9997 0.0231
vn 0.0098 0.9999 -0.0122
vn -0.0073 0.9999 0.0094
vn 0.0518 0.9983 0.0256
vn -0.0015 0.9999 0.0123
vn -0.0042 1.0000 0.0064
vn -0.0474 0.9986 -0.0224
vn -0.0490 0.9988 0.0067
vn 0.0193 0.9998 -0.0014
vn -0.0289 0.9996 0.0019
vn 0.0503 0.9985 -0.0214
vn -0.0008 0.9991 -0.0431
vn -0.0189 0.9998 -0.0084
vn 0.0193 0.9998 -0.0047
vn 0.0240 0.9993 -0.0289
vn 0.0681 0.9966 -0.0460
vn 0.0680 0.9945 0.0793
vn -0.0317 0.9990 -0.0320
vn 0.0535 0.9983 -0.0210
vn -0.0289 0.9994 -0.0178
vn 0.0489 0.9981 -0.0371
vn -0.0111 0.9997 0.0223
vn -0.0111 0.9999 0.0110
vn -0.0401 0.9987 -0.0302
vn 0.0377 0.9993 0.0002
vn -0.0599 0.9979 0.0246
vn 0.0377 0.9986 0.0377
vn 0.0219 0.9997 -0.0141
vn -0.0299 0.9995 -0.0038
vn 0.0677 0.9970 -0.0380
vn -0.0142 0.9995 0.0268
vn -0.0280 0.9995 0.0142
vn -0.0032 0.9999 0.0126
vn 0.0001 1.0000 -0.0013
vn 0.0249 0.9997 0.0021
vn -0.0189 0.9998 0.0001
vn -0.0008 0.9991 0.0416
vn -0.0177 0.9997 0.0139
vn 0.0202 0.9990 -0.0395
vn -0.0029 1.0000 0.0027
vn 0.0541 0.9968 0.0593
vn 0.0318 0.9986 -0.0426
vn -0.0020 1.0000 -0.0057
vn -0.0344 0.9993 -0.0124
vn 0.0632 0.9977 0.0244
vn 0.0541 0.9966 -0.0629
vn 0.0377 0.9975 0.0602
vn 0.0021 0.9996 -0.0279
vn 0.0384 0.9984 -0.0424
vn 0.0383 0.9983 0.0435
vn 0.0365 0.9989 -0.0303
vn 0.0318 0.9985 0.0454
vn -0.0268 0.9982 0.0527
vn 0.0068 0.9999 -0.0075
vn -0.0344 0.9990 -0.0274
vn -0.0073 0.9971 -0.0760
vn 0.0018 0.9978 -0.0664
vn -0.0505 0.9944 0.0931
vn -0.0005 0.9963 0.0861
vn 0.0066 0.9997 -0.0238
vn -0.0009 0.9998 -0.0173
vn -0.0141 0.9993 -0.0335
vn 0.0094 0.9998 0.0149
vn 0.0094 0.9990 -0.0435
vn -0.0135 0.9987 0.0484
vn -0.0502 0.9987 0.0054
vn -0.0005 0.9977 -0.0677
vn -0.0167 0.9997 -0.0203
vn -0.0112 0.9999 0.0122
vn 0.0357 0.9983 0.0465
vn 0.0357 0.9967 -0.0727
vn -0.0042 0.9999 -0.0102
vn 0.0265 0.9993 -0.0245
vn -0.0738 0.9972 0.0154
vn 0.0265 0.9989 0.0378
vn 0.0203 0.9976 0.0661
vn -0.0042 0.9988 0.0479
vn 0.0124 0.9999 0.0117
vn 0.0027 0.9999 0.0123
vn 0.0105 0.9994 -0.0330
vn 0.0105 0.9992 0.0388
vn 0.0571 0.9970 -0.0514
vn 0.0044 1.0000 -0.0033
vn -0.0009 0.9998 -0.0221
vn 0.0064 0.9986 0.0518
vn 0.0065 0.9998 0.0173
vn 0.0418 0.9957 -0.0823
vn 0.0871 0.9937 -0.0710
vn 0.0453 0.9977 0.0513
vn 0.0871 0.9937 0.0707
vn 0.0142 0.9997 -0.0203
vn -0.0357 0.9990 0.0251
vn 0.0917 0.9939 0.0610
vn -0.1129 0.9887 -0.0988
vn 0.0740 0.9948 0.0695
vn -0.0188 0.9995 -0.0242
vn -0.0188 0.9998 0.0093
vn -0.0479 0.9987 -0.0183
vn 0.0518 0.9985 -0.0198
vn 0.0524 0.9985 0.0182
vn -0.0257 0.9997 0.0041
vn -0.0257 0.9990 0.0356
vn -0.0357 0.9986 -0.0400
vn -0.0029 0.9974 -0.0722
vn -0.0083 0.9993 -0.0373
vn -0.0436 0.9960 0.0781
vn -0.0007 0.9994 0.0356
vn 0.0356 0.9993 -0.0120
vn -0.0167 0.9995 -0.0260
vn 0.0066 0.9999 -0.0110
vn 0.0259 0.9991 0.0331
vn -0.0177 0.9980 -0.0610
vn 0.0059 1.0000 0.0065
vn -0.0156 0.9998 0.0131
vn -0.0071 0.9994 -0.0353
vn -0.0437 0.9982 -0.0415
vn -0.0057 1.0000 0.0061
vn 0.0504 0.9979 0.0414
vn 0.0503 0.9958 -0.0764
vn -0.0187 0.9989 -0.0419
vn -0.0168 0.9992 0.0361
vn -0.0335 0.9994 -0.0086
vn -0.0168 0.9998 0.0063
vn -0.0374 0.9976 0.0578
vn -0.0186 0.9980 0.0609
vn -0.0146 0.9998 -0.0148
vn -0.0181 0.9998 0.0124
vn -0.0450 0.9982 -0.0385
vn 0.0288 0.9994 0.0180
vn 0.0259 0.9994 -0.0233
vn 0.0066 0.9999 -0.0145
vn -0.0167 0.9996 0.0239
vn 0.0197 0.9991 0.0379
vn 0.0197 0.9998 -0.0056
vn 0.0384 0.9977 -0.0568
vn 0.0344 0.9987 -0.0379
vn -0.0225 0.9996 0.0189
vn 0.0344 0.9977 0.0584
vn 0.0046 0.9995 0.0312
vn -0.0184 0.9994 0.0278
vn 0.0636 0.9975 0.0324
vn -0.0843 0.9926 -0.0868
vn 0.0718 0.9974 -0.0060
vn -0.0077 0.9997 0.0217
vn -0.0077 0.9999 -0.0072
vn 0.0281 0.9995 -0.0154
vn 0.0415 0.9986 -0.0318
vn -0.0240 0.9997 0.0055
vn -0.0552 0.9969 0.0566
vn 0.0056 1.0000 -0.0005
vn -0.0184 0.9979 -0.0627
vn -0.9382 -0.3454 0.0192
vn -0.9335 -0.3569 -0.0329
vn -0.9353 -0.3538 0.0125
vn -0.9359 -0.3521 0.0051
vn -0.9360 0.3521 0.0051
vn -0.9353 0.3537 0.0125
vn -0.9336 0.3569 -0.0329
vn -0.9382 0.3454 0.0192
vn -0.9395 -0.3417 0.0229
vn -0.9369 -0.3494 -0.0150
vn -0.9333 -0.3579 -0.0282
vn -0.9375 -0.3462 0.0357
vn -0.9375 0.3462 0.0357
vn -0.9334 0.3578 -0.0282
vn -0.9369 0.3493 -0.0150
vn -0.9395 0.3418 0.0229
vn -0.0442 0.0003 0.9990
vn 0.0117 -0.3461 0.9381
vn -0.0032 -0.3476 0.9376
vn -0.0404 -0.3595 0.9323
vn 0.0416 -0.3473 0.9368
vn 0.0416 0.3473 0.9368
vn -0.0404 0.3595 0.9323
vn -0.0032 0.3476 0.9376
vn 0.0117 0.3461 0.9381
vn 0.0125 0.0002 0.9999
vn 0.0142 -0.3398 0.9404
vn -0.0282 -0.3531 0.9352
vn 0.0307 -0.3386 0.9404
vn 0.0212 -0.3164 0.9484
vn 0.0212 0.3164 0.9484
vn 0.0307 0.3386 0.9404
vn -0.0282 0.3531 0.9352
vn 0.0142 0.3398 0.9404
vn -0.9405 -0.3395 0.0124
vn -0.9375 -0.3476 -0.0145
vn -0.9354 -0.3533 -0.0150
vn -0.9423 -0.3324 0.0393
vn -0.9423 0.3324 0.0393
vn -0.9354 0.3533 -0.0150
vn -0.9375 0.3476 -0.0145
vn -0.9405 0.3395 0.0124
vn -0.9990 -0.0005 0.0440
vn -0.9997 0.0005 -0.0248
vn -0.9990 0.0002 0.0440
vn -0.9997 -0.0002 -0.0248
vn -0.9343 -0.3542 -0.0413
vn -0.9419 -0.3334 0.0415
vn -0.9372 -0.3480 -0.0226
vn -0.9799 -0.1991 0.0114
vn -0.9999 -0.0000 0.0116
vn -0.9799 0.1990 0.0114
vn -0.9373 0.3479 -0.0226
vn -0.9419 0.3334 0.0415
vn -0.9343 0.3542 -0.0413
vn 0.9995 -0.0000 0.0322
vn 1.0000 0.0002 0.0061
vn 1.0000 -0.0005 0.0061
vn 0.9416 -0.3366 -0.0053
vn 0.9356 -0.3519 0.0293
vn 0.9353 -0.3538 0.0055
vn 0.9472 -0.3159 -0.0549
vn 0.9983 -0.0000 -0.0579
vn 0.9472 0.3159 -0.0549
vn 0.9353 0.3539 0.0055
vn 0.9356 0.3519 0.0293
vn 0.9416 0.3366 -0.0053
vn 1.0000 0.0005 -0.0057
vn 1.0000 -0.0005 -0.0057
vn 0.9990 0.0002 -0.0452
vn 0.9990 -0.0002 -0.0452
vn 0.9394 -0.3419 0.0255
vn 0.9327 -0.3580 0.0444
vn 0.9382 -0.3435 -0.0425
vn 0.9382 -0.3461 0.0043
vn 1.0000 -0.0000 0.0048
vn 0.9382 0.3461 0.0043
vn 0.9382 0.3435 -0.0425
vn 0.9327 0.3580 0.0444
vn 0.9394 0.3419 0.0255
vn -0.0098 -0.0000 1.0000
vn -0.0098 0.0002 1.0000
vn -0.0285 -0.3439 0.9386
vn -0.0089 -0.3484 0.9373
vn -0.0323 -0.3583 0.9331
vn 0.0115 -0.3557 0.9345
vn 0.0115 0.3557 0.9345
vn -0.0323 0.3583 0.9331
vn -0.0089 0.3484 0.9373
vn -0.0285 0.3439 0.9386
vn -0.0314 0.0004 0.9995
vn -0.0314 -0.0004 0.9995
vn 0.0848 -0.0002 0.9964
vn 0.0093 -0.3530 0.9356
vn 0.0836 -0.1678 0.9823
vn -0.0756 -0.3515 0.9331
vn 0.0338 -0.1989 0.9794
vn 0.0344 0.0004 0.9994
vn 0.0344 -0.0003 0.9994
vn 0.0338 0.1989 0.9794
vn -0.0756 0.3515 0.9331
vn 0.0836 0.1679 0.9823
vn 0.0093 0.3530 0.9356
vn -0.0591 -0.0008 -0.9983
vn 0.0626 0.0008 -0.9980
vn -0.0047 -0.3545 -0.9350
vn -0.0561 -0.3167 -0.9469
vn 0.0571 -0.3548 -0.9332
vn 0.0077 -0.3574 -0.9339
vn 0.0085 -0.0000 -1.0000
vn 0.0077 0.3573 -0.9340
vn 0.0571 0.3549 -0.9332
vn -0.0561 0.3169 -0.9468
vn -0.0047 0.3545 -0.9351
vn 0.0661 0.0008 -0.9978
vn -0.0232 -0.0008 -0.9997
vn 0.0661 -0.0002 -0.9978
vn -0.0232 0.0008 -0.9997
vn -0.0677 -0.3164 -0.9462
vn 0.0604 -0.3555 -0.9327
vn -0.0218 -0.3490 -0.9369
vn -0.0150 -0.3417 -0.9397
vn -0.0150 0.3417 -0.9397
vn -0.0218 0.3491 -0.9368
vn 0.0603 0.3556 -0.9327
vn -0.0677 0.3164 -0.9462
vn 0.9995 -0.0000 0.0309
vn 0.9999 -0.0005 -0.0102
vn 0.9999 0.0005 -0.0102
vn 0.9396 -0.3421 -0.0075
vn 0.9348 -0.3541 0.0282
vn 0.9363 -0.3510 -0.0096
vn 0.9396 -0.3418 -0.0199
vn 0.9998 -0.0000 -0.0212
vn 0.9396 0.3418 -0.0199
vn 0.9363 0.3510 -0.0096
vn 0.9348 0.3541 0.0282
vn 0.9396 0.3421 -0.0075
vn 1.0000 -0.0002 -0.0080
vn 1.0000 0.0002 -0.0080
vn 0.9999 0.0010 0.0142
vn 0.9995 -0.0000 -0.0324
vn 0.9999 -0.0005 0.0142
vn 0.9377 -0.3474 0.0102
vn 0.9357 -0.3526 0.0129
vn 0.9409 -0.3374 -0.0305
vn 0.9803 -0.1966 0.0167
vn 0.9999 0.0012 0.0170
vn 0.9999 -0.0002 0.0170
vn 0.9804 0.1964 0.0167
vn 0.9409 0.3374 -0.0305
vn 0.9357 0.3525 0.0129
vn 0.9377 0.3473 0.0102
vn 0.9999 0.0007 0.0112
vn 0.9999 -0.0007 0.0112
vn -0.9996 0.0005 -0.0268
vn -0.9997 -0.0000 -0.0237
vn -0.9996 -0.0005 -0.0268
vn -0.9404 -0.3402 0.0048
vn -0.9357 -0.3519 -0.0244
vn -0.9335 -0.3580 -0.0217
vn -0.9347 -0.3551 0.0120
vn -0.9348 0.3551 0.0120
vn -0.9335 0.3580 -0.0217
vn -0.9357 0.3519 -0.0244
vn -0.9404 0.3402 0.0048
vn -1.0000 -0.0000 -0.0033
vn -0.9343 -0.3565 -0.0047
vn -0.9366 -0.3499 0.0207
vn -0.9334 -0.3578 -0.0264
vn -0.9362 -0.3506 0.0251
vn -0.9362 0.3506 0.0251
vn -0.9334 0.3578 -0.0264
vn -0.9366 0.3499 0.0207
vn -0.9343 0.3565 -0.0047
vn -0.0324 -0.0003 -0.9995
vn 0.0420 0.0008 -0.9991
vn 0.0358 -0.3560 -0.9338
vn -0.0304 -0.3451 -0.9381
vn 0.0383 -0.3580 -0.9329
vn -0.0149 -0.3545 -0.9349
vn -0.0159 0.0008 -0.9999
vn -0.0149 0.3546 -0.9349
vn 0.0383 0.3581 -0.9329
vn -0.0304 0.3452 -0.9380
vn 0.0358 0.3560 -0.9338
vn -0.0269 0.0003 -0.9996
vn 0.0250 -0.3604 -0.9324
vn -0.0225 -0.3555 -0.9344
vn -0.0252 -0.3465 -0.9377
vn -0.0147 -0.1970 -0.9803
vn -0.0150 -0.0023 -0.9999
vn -0.0150 0.0022 -0.9999
vn -0.0147 0.1972 -0.9803
vn -0.0252 0.3464 -0.9377
vn -0.0225 0.3554 -0.9344
vn 0.0250 0.3603 -0.9325
vn 0.0274 0.0009 -0.9996
vn 0.0274 -0.0008 -0.9996
vn -0.0401 -0.0008 0.9992
vn -0.0045 -0.0000 1.0000
vn -0.0401 0.0002 0.9992
vn -0.0045 0.0006 1.0000
vn 0.0126 -0.3392 0.9406
vn -0.0366 -0.3552 0.9341
vn -0.0041 -0.3566 0.9342
vn 0.0334 -0.3442 0.9383
vn 0.0356 0.0002 0.9994
vn 0.0334 0.3442 0.9383
vn -0.0041 0.3566 0.9343
vn -0.0366 0.3553 0.9341
vn 0.0126 0.3392 0.9406
vn 0.0044 0.0001 1.0000
vn -0.0287 -0.3554 0.9343
vn 0.0163 -0.3503 0.9365
vn 0.0140 -0.3440 0.9389
vn 0.0240 -0.3244 0.9456
vn 0.0240 0.3244 0.9456
vn 0.0140 0.3440 0.9389
vn 0.0163 0.3503 0.9365
vn -0.0287 0.3554 0.9343
vn -0.0315 -0.0000 0.9995
vn -0.9980 0.0002 -0.0639
vn -0.9980 -0.0000 -0.0639
vn -0.9503 -0.3072 0.0504
vn -0.9336 -0.3536 -0.0583
vn -0.9348 -0.3552 -0.0033
vn -0.9489 -0.3090 0.0632
vn -0.9490 0.3090 0.0632
vn -0.9348 0.3551 -0.0033
vn -0.9336 0.3535 -0.0583
vn -0.9503 0.3072 0.0504
vn -0.9986 -0.0005 0.0529
vn -0.9986 0.0005 0.0529
vn -1.0000 -0.0000 -0.0069
vn -0.9369 -0.3474 -0.0399
vn -0.9366 -0.3504 -0.0063
vn -0.9382 -0.3459 0.0103
vn -0.9354 -0.3531 -0.0177
vn -0.9998 0.0002 -0.0195
vn -0.9355 0.3530 -0.0177
vn -0.9382 0.3459 0.0103
vn -0.9366 0.3504 -0.0063
vn -0.9369 0.3474 -0.0399
vn -0.9990 0.0005 -0.0439
vn -0.9990 -0.0005 -0.0439
vn 0.9992 0.0002 0.0398
vn 0.9992 -0.0000 0.0398
vn 1.0000 0.0017 0.0045
vn 0.9462 -0.3231 -0.0169
vn 0.9362 -0.3496 0.0362
vn 0.9362 -0.3514 0.0041
vn 0.9592 -0.2753 -0.0637
vn 0.9978 -0.0007 -0.0663
vn 0.9978 0.0007 -0.0662
vn 0.9592 0.2753 -0.0637
vn 0.9363 0.3512 0.0041
vn 0.9363 0.3494 0.0362
vn 0.9462 0.3231 -0.0169
vn 0.9999 0.0012 -0.0108
vn 0.9999 -0.0014 -0.0108
vn 0.9997 -0.0000 0.0246
vn 1.0000 0.0005 -0.0056
vn 1.0000 -0.0005 -0.0056
vn 0.9370 -0.3460 0.0490
vn 0.9347 -0.3548 0.0225
vn 0.9355 -0.3533 -0.0053
vn 0.9407 -0.3375 -0.0328
vn 0.9994 -0.0000 -0.0348
vn 0.9407 0.3375 -0.0328
vn 0.9355 0.3533 -0.0053
vn 0.9347 0.3548 0.0225
vn 0.9370 0.3460 0.0490
vn 0.9985 0.0005 0.0539
vn 0.9985 -0.0005 0.0539
vn 0.0026 -0.3211 0.9470
vn -0.0687 -0.3580 0.9312
vn 0.0120 -0.3561 0.9344
vn 0.0071 -0.3541 0.9352
vn 0.0071 0.3541 0.9352
vn 0.0120 0.3561 0.9344
vn -0.0687 0.3580 0.9312
vn 0.0026 0.3211 0.9470
vn 0.0707 0.0001 0.9975
vn -0.0034 -0.3551 0.9348
vn 0.0675 -0.2989 0.9519
vn -0.0513 -0.3504 0.9352
vn -0.0007 -0.3511 0.9363
vn -0.0007 0.3510 0.9364
vn -0.0513 0.3504 0.9352
vn 0.0675 0.2989 0.9519
vn -0.0034 0.3551 0.9348
vn -0.0038 0.0002 1.0000
vn -0.0038 -0.0001 1.0000
vn -0.0835 -0.0000 -0.9965
vn 0.0157 -0.3567 -0.9341
vn -0.0802 -0.2813 -0.9563
vn 0.0858 -0.3575 -0.9300
vn -0.0234 -0.3527 -0.9354
vn -0.0250 -0.0016 -0.9997
vn -0.0250 -0.0008 -0.9997
vn -0.0234 0.3527 -0.9354
vn 0.0857 0.3575 -0.9300
vn -0.0802 0.2809 -0.9564
vn 0.0157 0.3566 -0.9341
vn 0.0278 0.0001 -0.9996
vn 0.0278 -0.0000 -0.9996
vn -0.0097 -0.0011 -1.0000
vn 0.0077 0.0005 -1.0000
vn -0.0210 -0.3439 -0.9388
vn -0.0091 -0.3382 -0.9410
vn 0.0070 -0.3429 -0.9393
vn -0.0076 -0.3380 -0.9411
vn -0.0076 0.3381 -0.9411
vn 0.0070 0.3430 -0.9393
vn -0.0091 0.3384 -0.9410
vn -0.0210 0.3440 -0.9387
vn -0.0224 -0.0000 -0.9997
vn 0.9995 0.0002 0.0323
vn 0.9995 -0.0002 0.0323
vn 0.9328 -0.3573 0.0481
vn 0.9408 -0.3349 -0.0527
vn 0.9358 -0.3513 0.0294
vn 0.9386 -0.3445 -0.0161
vn 0.9999 -0.0000 -0.0171
vn 0.9386 0.3445 -0.0161
vn 0.9358 0.3513 0.0294
vn 0.9408 0.3349 -0.0527
vn 0.9328 0.3573 0.0481
vn 1.0000 -0.0000 0.0008
vn 0.9992 0.0005 -0.0392
vn 0.9992 -0.0005 -0.0392
vn 0.9344 -0.3552 0.0279
vn 0.9347 -0.3556 0.0007
vn 0.9397 -0.3401 -0.0369
vn 1.0000 -0.0002 0.0002
vn 1.0000 -0.0000 0.0002
vn 0.9403 0.3404 0.0002
vn 0.9397 0.3401 -0.0369
vn 0.9347 0.3556 0.0007
vn 0.9344 0.3552 0.0279
vn 0.9995 0.0010 0.0306
vn 0.9995 -0.0010 0.0306
vn -0.0051 0.0002 -1.0000
vn 0.0010 -0.0005 -1.0000
vn 0.0010 0.0008 -1.0000
vn 0.0333 -0.3537 -0.9348
vn -0.0048 -0.3524 -0.9358
vn 0.0009 -0.3527 -0.9357
vn 0.0007 -0.3530 -0.9356
vn 0.0007 0.3530 -0.9356
vn 0.0009 0.3528 -0.9357
vn -0.0047 0.3526 -0.9358
vn 0.0333 0.3538 -0.9347
vn 0.0365 -0.0000 -0.9993
vn 0.0365 -0.0003 -0.9993
vn -0.0208 -0.3444 -0.9386
vn 0.0342 -0.3568 -0.9336
vn -0.0204 -0.3509 -0.9362
vn 0.0153 -0.3559 -0.9344
vn 0.0168 -0.0000 -0.9999
vn 0.0153 0.3557 -0.9345
vn -0.0204 0.3509 -0.9362
vn 0.0342 0.3569 -0.9335
vn -0.0208 0.3444 -0.9386
vt 0.608113 0.874657
vt 0.616952 0.903477
vt 0.616952 0.874657
vt 0.608113 0.932296
vt 0.608113 0.903477
vt 0.625791 0.874657
vt 0.625791 0.932296
vt 0.625791 0.903477
vt 0.599274 0.845837
vt 0.608113 0.845837
vt 0.599274 0.874657
vt 0.599274 0.932296
vt 0.599274 0.903477
vt 0.599274 0.961116
vt 0.616952 0.961116
vt 0.616952 0.932296
vt 0.625791 0.961116
vt 0.634630 0.932296
vt 0.634630 0.903477
vt 0.634630 0.874657
vt 0.634630 0.845837
vt 0.625791 0.845837
vt 0.616952 0.845837
vt 0.466692 0.903477
vt 0.475531 0.874657
vt 0.466692 0.874657
vt 0.466692 0.932296
vt 0.475531 0.903477
vt 0.484370 0.874657
vt 0.484370 0.932296
vt 0.484370 0.903477
vt 0.457853 0.845837
vt 0.466692 0.845837
vt 0.457853 0.874657
vt 0.457853 0.932296
vt 0.457853 0.903477
vt 0.466692 0.961116
vt 0.475531 0.961116
vt 0.475531 0.932296
vt 0.484370 0.961116
vt 0.493208 0.932296
vt 0.493208 0.903477
vt 0.493208 0.874657
vt 0.493208 0.845837
vt 0.484370 0.845837
vt 0.475531 0.845837
vt 0.466692 0.413541
vt 0.475531 0.442361
vt 0.475531 0.413541
vt 0.466692 0.471180
vt 0.466692 0.442360
vt 0.484370 0.413541
vt 0.475531 0.471180
vt 0.484370 0.442361
vt 0.457853 0.384721
vt 0.466692 0.384721
vt 0.457853 0.413541
vt 0.457853 0.471180
vt 0.457853 0.442361
vt 0.466692 0.500000
vt 0.484370 0.500000
vt 0.484370 0.471180
vt 0.493208 0.471180
vt 0.493208 0.442361
vt 0.493208 0.413541
vt 0.493208 0.384721
vt 0.484370 0.384721
vt 0.475531 0.384721
vt 0.608113 0.413541
vt 0.616952 0.442361
vt 0.616952 0.413541
vt 0.608113 0.471180
vt 0.608113 0.442360
vt 0.625791 0.413541
vt 0.616952 0.471180
vt 0.625791 0.442361
vt 0.599274 0.413541
vt 0.608113 0.384721
vt 0.599274 0.384721
vt 0.599274 0.442361
vt 0.599274 0.471180
vt 0.608113 0.500000
vt 0.616952 0.500000
vt 0.625791 0.471180
vt 0.625791 0.500000
vt 0.634630 0.471180
vt 0.634630 0.442361
vt 0.634630 0.413541
vt 0.634630 0.384721
vt 0.625791 0.384721
vt 0.616952 0.384721
vt 0.537403 0.442360
vt 0.546241 0.413541
vt 0.537403 0.413541
vt 0.546241 0.471180
vt 0.546241 0.442361
vt 0.555080 0.442361
vt 0.555080 0.413541
vt 0.528564 0.384721
vt 0.537403 0.384721
vt 0.528564 0.413541
vt 0.528564 0.442361
vt 0.537403 0.471180
vt 0.528564 0.500000
vt 0.528564 0.471180
vt 0.546241 0.500000
vt 0.555080 0.471180
vt 0.555080 0.500000
vt 0.563919 0.471180
vt 0.563919 0.442361
vt 0.563919 0.413541
vt 0.563919 0.384721
vt 0.555080 0.384721
vt 0.546241 0.384721
vt 0.537403 0.182983
vt 0.546241 0.211802
vt 0.546241 0.182983
vt 0.537403 0.240622
vt 0.537403 0.211802
vt 0.555080 0.211802
vt 0.555080 0.182983
vt 0.555080 0.240622
vt 0.528564 0.182983
vt 0.537403 0.154163
vt 0.528564 0.154163
vt 0.528564 0.211802
vt 0.528564 0.240622
vt 0.537403 0.269442
vt 0.546241 0.240622
vt 0.555080 0.269442
vt 0.563919 0.269442
vt 0.563919 0.240622
vt 0.563919 0.211802
vt 0.563919 0.182983
vt 0.555080 0.154163
vt 0.563919 0.154163
vt 0.546241 0.154163
vt 0.608113 0.211802
vt 0.616952 0.182983
vt 0.608113 0.182983
vt 0.616952 0.240622
vt 0.616952 0.211802
vt 0.625791 0.182983
vt 0.625791 0.240622
vt 0.625791 0.211802
vt 0.599274 0.182983
vt 0.608113 0.154163
vt 0.599274 0.154163
vt 0.599274 0.211802
vt 0.608113 0.240622
vt 0.599274 0.269442
vt 0.599274 0.240622
vt 0.616952 0.269442
vt 0.625791 0.269442
vt 0.634630 0.269442
vt 0.634630 0.240622
vt 0.634630 0.211802
vt 0.634630 0.182983
vt 0.634630 0.154163
vt 0.625791 0.154163
vt 0.616952 0.154163
vt 0.395981 0.442360
vt 0.404820 0.413541
vt 0.395981 0.413541
vt 0.404820 0.471180
vt 0.404820 0.442361
vt 0.413659 0.442361
vt 0.413659 0.413541
vt 0.387142 0.384721
vt 0.395981 0.384721
vt 0.387142 0.413541
vt 0.387142 0.471180
vt 0.387142 0.442361
vt 0.395981 0.500000
vt 0.395981 0.471180
vt 0.404820 0.500000
vt 0.413659 0.471180
vt 0.422498 0.500000
vt 0.422498 0.471180
vt 0.422498 0.442361
vt 0.422498 0.413541
vt 0.422498 0.384721
vt 0.413659 0.384721
vt 0.404820 0.384721
vt 0.395981 0.211802
vt 0.404820 0.182983
vt 0.395981 0.182983
vt 0.395981 0.240622
vt 0.404820 0.211802
vt 0.413659 0.182983
vt 0.413659 0.240622
vt 0.413659 0.211802
vt 0.387142 0.154163
vt 0.395981 0.154163
vt 0.387142 0.211802
vt 0.387142 0.182983
vt 0.387142 0.240622
vt 0.395981 0.269442
vt 0.404820 0.240622
vt 0.404820 0.269442
vt 0.422498 0.269442
vt 0.422498 0.240622
vt 0.422498 0.211802
vt 0.422498 0.182983
vt 0.413659 0.154163
vt 0.422498 0.154163
vt 0.404820 0.154163
vt 0.466692 0.211802
vt 0.475531 0.182983
vt 0.466692 0.182983
vt 0.475531 0.240622
vt 0.475531 0.211802
vt 0.484370 0.211802
vt 0.484370 0.182983
vt 0.484370 0.240622
vt 0.457853 0.182983
vt 0.466692 0.154163
vt 0.457853 0.154163
vt 0.457853 0.211802
vt 0.466692 0.240622
vt 0.457853 0.269442
vt 0.457853 0.240622
vt 0.475531 0.269442
vt 0.484370 0.269442
vt 0.493208 0.269442
vt 0.493208 0.240622
vt 0.493208 0.211802
vt 0.493208 0.182983
vt 0.493208 0.154163
vt 0.484370 0.154163
vt 0.475531 0.154163
vt 0.395981 0.903477
vt 0.404820 0.874657
vt 0.395981 0.874657
vt 0.395981 0.932296
vt 0.404820 0.903477
vt 0.413659 0.874657
vt 0.413659 0.932296
vt 0.413659 0.903477
vt 0.387142 0.874657
vt 0.395981 0.845837
vt 0.387142 0.845837
vt 0.387142 0.932296
vt 0.387142 0.903477
vt 0.387142 0.961116
vt 0.404820 0.961116
vt 0.404820 0.932296
vt 0.422498 0.961116
vt 0.422498 0.932296
vt 0.422498 0.903477
vt 0.422498 0.874657
vt 0.422498 0.845837
vt 0.413659 0.845837
vt 0.404820 0.845837
vt 0.395981 0.644099
vt 0.404820 0.672919
vt 0.404820 0.644099
vt 0.395981 0.701738
vt 0.395981 0.672919
vt 0.413659 0.644099
vt 0.413659 0.701738
vt 0.413659 0.672919
vt 0.387142 0.615279
vt 0.395981 0.615279
vt 0.387142 0.644099
vt 0.387142 0.672919
vt 0.387142 0.701738
vt 0.395981 0.730558
vt 0.404820 0.701738
vt 0.413659 0.730558
vt 0.422498 0.730558
vt 0.422498 0.701738
vt 0.422498 0.672919
vt 0.422498 0.644099
vt 0.413659 0.615279
vt 0.422498 0.615279
vt 0.404820 0.615279
vt 0.466692 0.644099
vt 0.475531 0.672919
vt 0.475531 0.644099
vt 0.466692 0.701738
vt 0.466692 0.672919
vt 0.484370 0.644099
vt 0.484370 0.701738
vt 0.484370 0.672919
vt 0.457853 0.644099
vt 0.466692 0.615279
vt 0.457853 0.615279
vt 0.457853 0.672919
vt 0.457853 0.701738
vt 0.457853 0.730558
vt 0.466692 0.730558
vt 0.475531 0.701738
vt 0.484370 0.730558
vt 0.493208 0.730558
vt 0.493208 0.701738
vt 0.493208 0.672919
vt 0.493208 0.644099
vt 0.493208 0.615279
vt 0.484370 0.615279
vt 0.475531 0.615279
vt 0.537403 0.903477
vt 0.546241 0.874657
vt 0.537403 0.874657
vt 0.537403 0.932296
vt 0.546241 0.903477
vt 0.555080 0.874657
vt 0.546241 0.932296
vt 0.555080 0.903477
vt 0.528564 0.874657
vt 0.537403 0.845837
vt 0.528564 0.845837
vt 0.528564 0.903477
vt 0.528564 0.932296
vt 0.537403 0.961116
vt 0.546241 0.961116
vt 0.555080 0.932296
vt 0.563919 0.961116
vt 0.563919 0.932296
vt 0.563919 0.903477
vt 0.563919 0.874657
vt 0.555080 0.845837
vt 0.563919 0.845837
vt 0.546241 0.845837
vt 0.537403 0.672919
vt 0.546241 0.644099
vt 0.537403 0.644099
vt 0.537403 0.701738
vt 0.546241 0.672919
vt 0.555080 0.644099
vt 0.555080 0.701738
vt 0.555080 0.672919
vt 0.528564 0.644099
vt 0.537403 0.615279
vt 0.528564 0.615279
vt 0.528564 0.701738
vt 0.528564 0.672919
vt 0.528564 0.730558
vt 0.537403 0.730558
vt 0.546241 0.701738
vt 0.555080 0.730558
vt 0.563919 0.730558
vt 0.563919 0.701738
vt 0.563919 0.672919
vt 0.563919 0.644099
vt 0.555080 0.615279
vt 0.563919 0.615279
vt 0.546241 0.615279
vt 0.608113 0.644099
vt 0.616952 0.672919
vt 0.616952 0.644099
vt 0.608113 0.672919
vt 0.616952 0.701738
vt 0.625791 0.672919
vt 0.625791 0.644099
vt 0.625791 0.701738
vt 0.599274 0.644099
vt 0.608113 0.615279
vt 0.599274 0.615279
vt 0.599274 0.672919
vt 0.608113 0.701738
vt 0.599274 0.730558
vt 0.599274 0.701738
vt 0.608113 0.730558
vt 0.625791 0.730558
vt 0.634630 0.701738
vt 0.634630 0.672919
vt 0.634630 0.644099
vt 0.634630 0.615279
vt 0.625791 0.615279
vt 0.616952 0.615279
vt 0.572758 0.644099
vt 0.581597 0.672919
vt 0.581597 0.644099
vt 0.572758 0.672919
vt 0.581597 0.701738
vt 0.590436 0.644099
vt 0.590436 0.672919
vt 0.572758 0.615279
vt 0.572758 0.730558
vt 0.572758 0.701738
vt 0.581597 0.730558
vt 0.590436 0.730558
vt 0.590436 0.701738
vt 0.590436 0.615279
vt 0.581597 0.615279
vt 0.572758 0.557640
vt 0.581597 0.528820
vt 0.572758 0.528820
vt 0.572758 0.586459
vt 0.581597 0.557640
vt 0.590436 0.528820
vt 0.581597 0.586459
vt 0.590436 0.557640
vt 0.563919 0.528820
vt 0.572758 0.500000
vt 0.563919 0.500000
vt 0.563919 0.557640
vt 0.563919 0.586459
vt 0.590436 0.586459
vt 0.599274 0.586459
vt 0.599274 0.557640
vt 0.599274 0.528820
vt 0.590436 0.500000
vt 0.599274 0.500000
vt 0.581597 0.500000
vt 0.608113 0.528820
vt 0.616952 0.557640
vt 0.616952 0.528820
vt 0.608113 0.586459
vt 0.608113 0.557640
vt 0.625791 0.528820
vt 0.616952 0.586459
vt 0.625791 0.557640
vt 0.625791 0.586459
vt 0.634630 0.586459
vt 0.634630 0.557640
vt 0.634630 0.528820
vt 0.634630 0.500000
vt 0.502047 0.672919
vt 0.510886 0.644099
vt 0.502047 0.644099
vt 0.510886 0.701738
vt 0.510886 0.672919
vt 0.519725 0.644099
vt 0.519725 0.701738
vt 0.519725 0.672919
vt 0.502047 0.615279
vt 0.502047 0.701738
vt 0.510886 0.730558
vt 0.519725 0.730558
vt 0.519725 0.615279
vt 0.510886 0.615279
vt 0.502047 0.528820
vt 0.510886 0.557640
vt 0.510886 0.528820
vt 0.502047 0.586459
vt 0.502047 0.557640
vt 0.519725 0.557640
vt 0.519725 0.528820
vt 0.519725 0.586459
vt 0.493208 0.500000
vt 0.502047 0.500000
vt 0.493208 0.557640
vt 0.493208 0.528820
vt 0.493208 0.586459
vt 0.510886 0.586459
vt 0.528564 0.586459
vt 0.528564 0.557640
vt 0.528564 0.528820
vt 0.519725 0.500000
vt 0.510886 0.500000
vt 0.537403 0.528820
vt 0.546241 0.557640
vt 0.546241 0.528820
vt 0.537403 0.586459
vt 0.537403 0.557640
vt 0.555080 0.528820
vt 0.546241 0.586459
vt 0.555080 0.557640
vt 0.537403 0.500000
vt 0.555080 0.586459
vt 0.502047 0.874657
vt 0.510886 0.903477
vt 0.510886 0.874657
vt 0.502047 0.903477
vt 0.510886 0.932296
vt 0.519725 0.874657
vt 0.519725 0.932296
vt 0.519725 0.903477
vt 0.502047 0.845837
vt 0.502047 0.961116
vt 0.502047 0.932296
vt 0.519725 0.961116
vt 0.519725 0.845837
vt 0.510886 0.845837
vt 0.502047 0.788198
vt 0.510886 0.759378
vt 0.502047 0.759378
vt 0.502047 0.817017
vt 0.510886 0.788198
vt 0.519725 0.788198
vt 0.519725 0.759378
vt 0.510886 0.817017
vt 0.493208 0.759378
vt 0.502047 0.730558
vt 0.493208 0.788198
vt 0.493208 0.817017
vt 0.519725 0.817017
vt 0.528564 0.817017
vt 0.528564 0.788198
vt 0.528564 0.759378
vt 0.537403 0.788198
vt 0.546241 0.759378
vt 0.537403 0.759378
vt 0.537403 0.817017
vt 0.546241 0.788198
vt 0.555080 0.788198
vt 0.555080 0.759378
vt 0.555080 0.817017
vt 0.546241 0.817017
vt 0.563919 0.817017
vt 0.563919 0.788198
vt 0.563919 0.759378
vt 0.546241 0.730558
vt 0.431337 0.672919
vt 0.440175 0.644099
vt 0.431337 0.644099
vt 0.440175 0.701738
vt 0.440175 0.672919
vt 0.449014 0.644099
vt 0.449014 0.701738
vt 0.449014 0.672919
vt 0.431337 0.615279
vt 0.431337 0.730558
vt 0.431337 0.701738
vt 0.440175 0.730558
vt 0.449014 0.730558
vt 0.449014 0.615279
vt 0.440175 0.615279
vt 0.431337 0.557640
vt 0.440175 0.528820
vt 0.431337 0.528820
vt 0.431337 0.586459
vt 0.440175 0.557640
vt 0.449014 0.528820
vt 0.440175 0.586459
vt 0.449014 0.557640
vt 0.422498 0.528820
vt 0.431337 0.500000
vt 0.422498 0.557640
vt 0.422498 0.586459
vt 0.449014 0.586459
vt 0.457853 0.586459
vt 0.457853 0.557640
vt 0.457853 0.528820
vt 0.457853 0.500000
vt 0.449014 0.500000
vt 0.440175 0.500000
vt 0.466692 0.557640
vt 0.475531 0.528820
vt 0.466692 0.528820
vt 0.466692 0.586459
vt 0.475531 0.557640
vt 0.484370 0.528820
vt 0.484370 0.586459
vt 0.484370 0.557640
vt 0.475531 0.586459
vt 0.475531 0.500000
vt 0.360626 0.644099
vt 0.369465 0.672919
vt 0.369465 0.644099
vt 0.360626 0.672919
vt 0.369465 0.701738
vt 0.378304 0.672919
vt 0.378304 0.644099
vt 0.351787 0.615279
vt 0.360626 0.615279
vt 0.351787 0.672919
vt 0.351787 0.644099
vt 0.351787 0.701738
vt 0.360626 0.730558
vt 0.360626 0.701738
vt 0.369465 0.730558
vt 0.378304 0.730558
vt 0.378304 0.701738
vt 0.387142 0.730558
vt 0.378304 0.615279
vt 0.369465 0.615279
vt 0.360626 0.528820
vt 0.369465 0.557640
vt 0.369465 0.528820
vt 0.360626 0.586459
vt 0.360626 0.557640
vt 0.378304 0.557640
vt 0.378304 0.528820
vt 0.378304 0.586459
vt 0.351787 0.528820
vt 0.360626 0.500000
vt 0.351787 0.500000
vt 0.351787 0.586459
vt 0.351787 0.557640
vt 0.369465 0.586459
vt 0.387142 0.586459
vt 0.387142 0.557640
vt 0.387142 0.528820
vt 0.378304 0.500000
vt 0.387142 0.500000
vt 0.369465 0.500000
vt 0.395981 0.557640
vt 0.404820 0.528820
vt 0.395981 0.528820
vt 0.404820 0.586459
vt 0.404820 0.557640
vt 0.413659 0.528820
vt 0.413659 0.557640
vt 0.395981 0.586459
vt 0.413659 0.586459
vt 0.413659 0.500000
vt 0.360626 0.874657
vt 0.369465 0.903477
vt 0.369465 0.874657
vt 0.360626 0.932296
vt 0.360626 0.903477
vt 0.378304 0.874657
vt 0.378304 0.932296
vt 0.378304 0.903477
vt 0.351787 0.845837
vt 0.360626 0.845837
vt 0.351787 0.903477
vt 0.351787 0.874657
vt 0.351787 0.932296
vt 0.351787 0.961116
vt 0.360626 0.961116
vt 0.369465 0.932296
vt 0.369465 0.961116
vt 0.378304 0.845837
vt 0.369465 0.845837
vt 0.360626 0.759378
vt 0.369465 0.788198
vt 0.369465 0.759378
vt 0.360626 0.817017
vt 0.360626 0.788198
vt 0.378304 0.788198
vt 0.378304 0.759378
vt 0.369465 0.817017
vt 0.351787 0.730558
vt 0.351787 0.788198
vt 0.351787 0.759378
vt 0.351787 0.817017
vt 0.378304 0.817017
vt 0.387142 0.817017
vt 0.387142 0.788198
vt 0.387142 0.759378
vt 0.395981 0.788198
vt 0.404820 0.759378
vt 0.395981 0.759378
vt 0.395981 0.817017
vt 0.404820 0.788198
vt 0.413659 0.788198
vt 0.413659 0.759378
vt 0.413659 0.817017
vt 0.404820 0.817017
vt 0.422498 0.817017
vt 0.422498 0.788198
vt 0.422498 0.759378
vt 0.404820 0.730558
vt 0.431337 0.211802
vt 0.440175 0.182983
vt 0.431337 0.182983
vt 0.431337 0.240622
vt 0.440175 0.211802
vt 0.449014 0.182983
vt 0.440175 0.240622
vt 0.449014 0.211802
vt 0.431337 0.154163
vt 0.431337 0.269442
vt 0.440175 0.269442
vt 0.449014 0.240622
vt 0.449014 0.154163
vt 0.440175 0.154163
vt 0.431337 0.067704
vt 0.440175 0.096523
vt 0.440175 0.067704
vt 0.431337 0.096523
vt 0.440175 0.125343
vt 0.449014 0.067704
vt 0.449014 0.096523
vt 0.422498 0.067704
vt 0.431337 0.038884
vt 0.422498 0.038884
vt 0.422498 0.096523
vt 0.422498 0.125343
vt 0.431337 0.125343
vt 0.449014 0.125343
vt 0.457853 0.125343
vt 0.457853 0.096523
vt 0.457853 0.067704
vt 0.457853 0.038884
vt 0.449014 0.038884
vt 0.440175 0.038884
vt 0.466692 0.096523
vt 0.475531 0.067704
vt 0.466692 0.067704
vt 0.466692 0.125343
vt 0.475531 0.096523
vt 0.484370 0.067704
vt 0.475531 0.125343
vt 0.484370 0.096523
vt 0.466692 0.038884
vt 0.484370 0.125343
vt 0.493208 0.125343
vt 0.493208 0.096523
vt 0.493208 0.067704
vt 0.493208 0.038884
vt 0.484370 0.038884
vt 0.475531 0.038884
vt 0.360626 0.211802
vt 0.369465 0.182983
vt 0.360626 0.182983
vt 0.369465 0.240622
vt 0.369465 0.211802
vt 0.378304 0.211802
vt 0.378304 0.182983
vt 0.351787 0.154163
vt 0.360626 0.154163
vt 0.351787 0.211802
vt 0.351787 0.182983
vt 0.351787 0.240622
vt 0.360626 0.269442
vt 0.360626 0.240622
vt 0.369465 0.269442
vt 0.378304 0.240622
vt 0.378304 0.269442
vt 0.378304 0.154163
vt 0.369465 0.154163
vt 0.360626 0.067704
vt 0.369465 0.096523
vt 0.369465 0.067704
vt 0.360626 0.096523
vt 0.369465 0.125343
vt 0.378304 0.067704
vt 0.378304 0.125343
vt 0.378304 0.096523
vt 0.351787 0.067704
vt 0.360626 0.038884
vt 0.351787 0.038884
vt 0.351787 0.096523
vt 0.360626 0.125343
vt 0.351787 0.125343
vt 0.387142 0.125343
vt 0.387142 0.096523
vt 0.387142 0.067704
vt 0.387142 0.038884
vt 0.378304 0.038884
vt 0.369465 0.038884
vt 0.395981 0.096523
vt 0.404820 0.067704
vt 0.395981 0.067704
vt 0.395981 0.125343
vt 0.404820 0.096523
vt 0.413659 0.096523
vt 0.413659 0.067704
vt 0.413659 0.125343
vt 0.395981 0.038884
vt 0.404820 0.125343
vt 0.413659 0.038884
vt 0.404820 0.038884
vt 0.360626 0.413541
vt 0.369465 0.442361
vt 0.369465 0.413541
vt 0.360626 0.471180
vt 0.360626 0.442360
vt 0.378304 0.413541
vt 0.378304 0.471180
vt 0.378304 0.442361
vt 0.351787 0.384721
vt 0.360626 0.384721
vt 0.351787 0.413541
vt 0.351787 0.471180
vt 0.351787 0.442361
vt 0.369465 0.471180
vt 0.378304 0.384721
vt 0.369465 0.384721
vt 0.360626 0.298262
vt 0.369465 0.327082
vt 0.369465 0.298262
vt 0.360626 0.355901
vt 0.360626 0.327082
vt 0.378304 0.298262
vt 0.369465 0.355901
vt 0.378304 0.327082
vt 0.351787 0.269442
vt 0.351787 0.327082
vt 0.351787 0.298262
vt 0.351787 0.355901
vt 0.378304 0.355901
vt 0.387142 0.355901
vt 0.387142 0.327082
vt 0.387142 0.298262
vt 0.387142 0.269442
vt 0.395981 0.298262
vt 0.404820 0.327082
vt 0.404820 0.298262
vt 0.395981 0.355901
vt 0.395981 0.327082
vt 0.413659 0.327082
vt 0.413659 0.298262
vt 0.413659 0.355901
vt 0.404820 0.355901
vt 0.422498 0.355901
vt 0.422498 0.327082
vt 0.422498 0.298262
vt 0.413659 0.269442
vt 0.572758 0.211802
vt 0.581597 0.182983
vt 0.572758 0.182983
vt 0.581597 0.240622
vt 0.581597 0.211802
vt 0.590436 0.182983
vt 0.590436 0.240622
vt 0.590436 0.211802
vt 0.572758 0.154163
vt 0.572758 0.240622
vt 0.572758 0.269442
vt 0.590436 0.269442
vt 0.590436 0.154163
vt 0.581597 0.154163
vt 0.572758 0.096523
vt 0.581597 0.067704
vt 0.572758 0.067704
vt 0.581597 0.125343
vt 0.581597 0.096523
vt 0.590436 0.067704
vt 0.590436 0.096523
vt 0.563919 0.038884
vt 0.572758 0.038884
vt 0.563919 0.067704
vt 0.563919 0.096523
vt 0.572758 0.125343
vt 0.563919 0.125343
vt 0.590436 0.125343
vt 0.599274 0.125343
vt 0.599274 0.096523
vt 0.599274 0.067704
vt 0.599274 0.038884
vt 0.590436 0.038884
vt 0.581597 0.038884
vt 0.608113 0.096523
vt 0.616952 0.067704
vt 0.608113 0.067704
vt 0.608113 0.125343
vt 0.616952 0.096523
vt 0.625791 0.096523
vt 0.625791 0.067704
vt 0.616952 0.125343
vt 0.608113 0.038884
vt 0.625791 0.125343
vt 0.634630 0.125343
vt 0.634630 0.096523
vt 0.634630 0.067704
vt 0.634630 0.038884
vt 0.625791 0.038884
vt 0.616952 0.038884
vt 0.502047 0.211802
vt 0.510886 0.182983
vt 0.502047 0.182983
vt 0.510886 0.240622
vt 0.510886 0.211802
vt 0.519725 0.211802
vt 0.519725 0.182983
vt 0.519725 0.240622
vt 0.502047 0.154163
vt 0.502047 0.240622
vt 0.510886 0.269442
vt 0.519725 0.269442
vt 0.519725 0.154163
vt 0.510886 0.154163
vt 0.502047 0.067704
vt 0.510886 0.096523
vt 0.510886 0.067704
vt 0.502047 0.125343
vt 0.502047 0.096523
vt 0.519725 0.067704
vt 0.510886 0.125343
vt 0.519725 0.096523
vt 0.502047 0.038884
vt 0.519725 0.125343
vt 0.528564 0.125343
vt 0.528564 0.096523
vt 0.528564 0.067704
vt 0.528564 0.038884
vt 0.519725 0.038884
vt 0.510886 0.038884
vt 0.537403 0.096523
vt 0.546241 0.067704
vt 0.537403 0.067704
vt 0.537403 0.125343
vt 0.546241 0.096523
vt 0.555080 0.067704
vt 0.555080 0.125343
vt 0.555080 0.096523
vt 0.537403 0.038884
vt 0.546241 0.125343
vt 0.555080 0.038884
vt 0.546241 0.038884
vt 0.502047 0.442360
vt 0.510886 0.413541
vt 0.502047 0.413541
vt 0.502047 0.471180
vt 0.510886 0.442361
vt 0.519725 0.413541
vt 0.510886 0.471180
vt 0.519725 0.442361
vt 0.502047 0.384721
vt 0.519725 0.471180
vt 0.519725 0.384721
vt 0.510886 0.384721
vt 0.502047 0.298262
vt 0.510886 0.327082
vt 0.510886 0.298262
vt 0.502047 0.327082
vt 0.510886 0.355901
vt 0.519725 0.327082
vt 0.519725 0.298262
vt 0.493208 0.298262
vt 0.502047 0.269442
vt 0.493208 0.327082
vt 0.502047 0.355901
vt 0.493208 0.355901
vt 0.519725 0.355901
vt 0.528564 0.355901
vt 0.528564 0.327082
vt 0.528564 0.298262
vt 0.528564 0.269442
vt 0.537403 0.327082
vt 0.546241 0.298262
vt 0.537403 0.298262
vt 0.537403 0.355901
vt 0.546241 0.327082
vt 0.555080 0.327082
vt 0.555080 0.298262
vt 0.555080 0.355901
vt 0.546241 0.355901
vt 0.563919 0.355901
vt 0.563919 0.327082
vt 0.563919 0.298262
vt 0.546241 0.269442
vt 0.572758 0.442360
vt 0.581597 0.413541
vt 0.572758 0.413541
vt 0.581597 0.471180
vt 0.581597 0.442361
vt 0.590436 0.413541
vt 0.590436 0.471180
vt 0.590436 0.442361
vt 0.572758 0.384721
vt 0.572758 0.471180
vt 0.590436 0.384721
vt 0.581597 0.384721
vt 0.572758 0.298262
vt 0.581597 0.327082
vt 0.581597 0.298262
vt 0.572758 0.355901
vt 0.572758 0.327082
vt 0.590436 0.298262
vt 0.590436 0.355901
vt 0.590436 0.327082
vt 0.581597 0.355901
vt 0.599274 0.355901
vt 0.599274 0.327082
vt 0.599274 0.298262
vt 0.581597 0.269442
vt 0.608113 0.327082
vt 0.616952 0.298262
vt 0.608113 0.298262
vt 0.608113 0.355901
vt 0.616952 0.327082
vt 0.625791 0.327082
vt 0.625791 0.298262
vt 0.625791 0.355901
vt 0.608113 0.269442
vt 0.616952 0.355901
vt 0.634630 0.355901
vt 0.634630 0.327082
vt 0.634630 0.298262
vt 0.431337 0.442360
vt 0.440175 0.413541
vt 0.431337 0.413541
vt 0.431337 0.471180
vt 0.440175 0.442361
vt 0.449014 0.442361
vt 0.449014 0.413541
vt 0.440175 0.471180
vt 0.431337 0.384721
vt 0.449014 0.471180
vt 0.449014 0.384721
vt 0.440175 0.384721
vt 0.431337 0.298262
vt 0.440175 0.327082
vt 0.440175 0.298262
vt 0.431337 0.355901
vt 0.431337 0.327082
vt 0.449014 0.298262
vt 0.449014 0.355901
vt 0.449014 0.327082
vt 0.440175 0.355901
vt 0.457853 0.355901
vt 0.457853 0.327082
vt 0.457853 0.298262
vt 0.449014 0.269442
vt 0.466692 0.327082
vt 0.475531 0.298262
vt 0.466692 0.298262
vt 0.466692 0.355901
vt 0.475531 0.327082
vt 0.484370 0.327082
vt 0.484370 0.298262
vt 0.484370 0.355901
vt 0.466692 0.269442
vt 0.475531 0.355901
vt 0.431337 0.874657
vt 0.440175 0.903477
vt 0.440175 0.874657
vt 0.431337 0.932296
vt 0.431337 0.903477
vt 0.449014 0.903477
vt 0.449014 0.874657
vt 0.440175 0.932296
vt 0.431337 0.845837
vt 0.431337 0.961116
vt 0.449014 0.961116
vt 0.449014 0.932296
vt 0.449014 0.845837
vt 0.440175 0.845837
vt 0.431337 0.759378
vt 0.440175 0.788198
vt 0.440175 0.759378
vt 0.431337 0.817017
vt 0.431337 0.788198
vt 0.449014 0.759378
vt 0.449014 0.817017
vt 0.449014 0.788198
vt 0.440175 0.817017
vt 0.457853 0.817017
vt 0.457853 0.788198
vt 0.457853 0.759378
vt 0.466692 0.788198
vt 0.475531 0.759378
vt 0.466692 0.759378
vt 0.475531 0.817017
vt 0.475531 0.788198
vt 0.484370 0.788198
vt 0.484370 0.759378
vt 0.466692 0.817017
vt 0.484370 0.817017
vt 0.475531 0.730558
vt 0.572758 0.874657
vt 0.581597 0.903477
vt 0.581597 0.874657
vt 0.572758 0.932296
vt 0.572758 0.903477
vt 0.590436 0.903477
vt 0.590436 0.874657
vt 0.581597 0.932296
vt 0.572758 0.845837
vt 0.581597 0.961116
vt 0.590436 0.932296
vt 0.590436 0.961116
vt 0.590436 0.845837
vt 0.581597 0.845837
vt 0.572758 0.759378
vt 0.581597 0.788198
vt 0.581597 0.759378
vt 0.572758 0.788198
vt 0.581597 0.817017
vt 0.590436 0.759378
vt 0.590436 0.817017
vt 0.590436 0.788198
vt 0.572758 0.817017
vt 0.599274 0.817017
vt 0.599274 0.788198
vt 0.599274 0.759378
vt 0.608113 0.788198
vt 0.616952 0.759378
vt 0.608113 0.759378
vt 0.616952 0.817017
vt 0.616952 0.788198
vt 0.625791 0.759378
vt 0.625791 0.788198
vt 0.608113 0.817017
vt 0.625791 0.817017
vt 0.634630 0.817017
vt 0.634630 0.788198
vt 0.634630 0.759378
vt 0.634630 0.730558
vt 0.616952 0.730558
vt 0.608113 0.903477
vt 0.625791 0.874657
vt 0.608113 0.932296
vt 0.599274 0.874657
vt 0.608113 0.845837
vt 0.608113 0.961116
vt 0.475531 0.874657
vt 0.466692 0.903477
vt 0.484370 0.874657
vt 0.466692 0.932296
vt 0.457853 0.874657
vt 0.466692 0.845837
vt 0.457853 0.961116
vt 0.466692 0.442361
vt 0.484370 0.413541
vt 0.475531 0.413541
vt 0.466692 0.471180
vt 0.475531 0.471180
vt 0.457853 0.413541
vt 0.466692 0.384721
vt 0.608113 0.442361
vt 0.625791 0.413541
vt 0.616952 0.413541
vt 0.608113 0.471180
vt 0.616952 0.471180
vt 0.608113 0.384721
vt 0.599274 0.413541
vt 0.546241 0.413541
vt 0.537403 0.442361
vt 0.546241 0.471180
vt 0.537403 0.471180
vt 0.528564 0.413541
vt 0.537403 0.384721
vt 0.555080 0.413541
vt 0.537403 0.211802
vt 0.555080 0.211802
vt 0.537403 0.154163
vt 0.528564 0.182983
vt 0.555080 0.182983
vt 0.608113 0.211802
vt 0.608113 0.154163
vt 0.599274 0.182983
vt 0.625791 0.211802
vt 0.404820 0.413541
vt 0.395981 0.442361
vt 0.395981 0.413541
vt 0.404820 0.471180
vt 0.395981 0.471180
vt 0.387142 0.413541
vt 0.395981 0.384721
vt 0.413659 0.413541
vt 0.404820 0.182983
vt 0.395981 0.211802
vt 0.395981 0.182983
vt 0.413659 0.182983
vt 0.387142 0.182983
vt 0.395981 0.154163
vt 0.413659 0.211802
vt 0.475531 0.182983
vt 0.466692 0.211802
vt 0.484370 0.211802
vt 0.466692 0.240622
vt 0.466692 0.154163
vt 0.457853 0.182983
vt 0.484370 0.182983
vt 0.404820 0.874657
vt 0.395981 0.903477
vt 0.395981 0.874657
vt 0.413659 0.874657
vt 0.395981 0.932296
vt 0.395981 0.845837
vt 0.387142 0.874657
vt 0.413659 0.961116
vt 0.395981 0.961116
vt 0.395981 0.644099
vt 0.395981 0.672919
vt 0.413659 0.644099
vt 0.404820 0.644099
vt 0.387142 0.644099
vt 0.395981 0.615279
vt 0.413659 0.672919
vt 0.466692 0.672919
vt 0.484370 0.644099
vt 0.475531 0.644099
vt 0.466692 0.701738
vt 0.466692 0.615279
vt 0.457853 0.644099
vt 0.484370 0.672919
vt 0.537403 0.903477
vt 0.555080 0.874657
vt 0.537403 0.932296
vt 0.537403 0.845837
vt 0.528564 0.874657
vt 0.555080 0.961116
vt 0.528564 0.961116
vt 0.546241 0.644099
vt 0.537403 0.672919
vt 0.555080 0.644099
vt 0.537403 0.615279
vt 0.528564 0.644099
vt 0.555080 0.672919
vt 0.608113 0.672919
vt 0.616952 0.644099
vt 0.625791 0.672919
vt 0.608113 0.615279
vt 0.599274 0.644099
vt 0.572758 0.644099
vt 0.572758 0.672919
vt 0.590436 0.644099
vt 0.581597 0.644099
vt 0.572758 0.701738
vt 0.590436 0.672919
vt 0.572758 0.615279
vt 0.572758 0.557640
vt 0.572758 0.528820
vt 0.590436 0.528820
vt 0.572758 0.586459
vt 0.572758 0.500000
vt 0.563919 0.528820
vt 0.608113 0.557640
vt 0.510886 0.644099
vt 0.502047 0.672919
vt 0.502047 0.701738
vt 0.502047 0.615279
vt 0.519725 0.672919
vt 0.502047 0.557640
vt 0.502047 0.586459
vt 0.493208 0.528820
vt 0.502047 0.500000
vt 0.537403 0.557640
vt 0.555080 0.528820
vt 0.502047 0.903477
vt 0.519725 0.874657
vt 0.502047 0.932296
vt 0.502047 0.845837
vt 0.510886 0.961116
vt 0.493208 0.961116
vt 0.502047 0.788198
vt 0.502047 0.759378
vt 0.510886 0.788198
vt 0.502047 0.817017
vt 0.493208 0.759378
vt 0.537403 0.788198
vt 0.537403 0.759378
vt 0.546241 0.788198
vt 0.537403 0.817017
vt 0.555080 0.759378
vt 0.440175 0.644099
vt 0.431337 0.672919
vt 0.431337 0.644099
vt 0.431337 0.615279
vt 0.449014 0.672919
vt 0.431337 0.557640
vt 0.431337 0.528820
vt 0.431337 0.500000
vt 0.422498 0.528820
vt 0.475531 0.528820
vt 0.466692 0.557640
vt 0.484370 0.528820
vt 0.466692 0.586459
vt 0.360626 0.644099
vt 0.369465 0.644099
vt 0.378304 0.672919
vt 0.369465 0.701738
vt 0.360626 0.701738
vt 0.351787 0.644099
vt 0.360626 0.615279
vt 0.378304 0.644099
vt 0.360626 0.528820
vt 0.360626 0.557640
vt 0.369465 0.528820
vt 0.378304 0.557640
vt 0.360626 0.586459
vt 0.369465 0.586459
vt 0.360626 0.500000
vt 0.351787 0.528820
vt 0.378304 0.528820
vt 0.404820 0.528820
vt 0.395981 0.557640
vt 0.395981 0.528820
vt 0.413659 0.528820
vt 0.360626 0.874657
vt 0.360626 0.903477
vt 0.378304 0.874657
vt 0.369465 0.874657
vt 0.360626 0.932296
vt 0.369465 0.932296
vt 0.351787 0.874657
vt 0.360626 0.845837
vt 0.378304 0.903477
vt 0.378304 0.961116
vt 0.360626 0.759378
vt 0.369465 0.788198
vt 0.369465 0.759378
vt 0.378304 0.788198
vt 0.360626 0.817017
vt 0.369465 0.817017
vt 0.351787 0.759378
vt 0.378304 0.759378
vt 0.404820 0.759378
vt 0.395981 0.788198
vt 0.395981 0.759378
vt 0.404820 0.788198
vt 0.395981 0.817017
vt 0.413659 0.759378
vt 0.431337 0.211802
vt 0.431337 0.182983
vt 0.449014 0.211802
vt 0.431337 0.154163
vt 0.431337 0.067704
vt 0.431337 0.096523
vt 0.449014 0.067704
vt 0.440175 0.125343
vt 0.431337 0.038884
vt 0.422498 0.067704
vt 0.475531 0.067704
vt 0.466692 0.096523
vt 0.466692 0.067704
vt 0.484370 0.067704
vt 0.466692 0.125343
vt 0.475531 0.125343
vt 0.466692 0.038884
vt 0.369465 0.182983
vt 0.360626 0.211802
vt 0.360626 0.182983
vt 0.378304 0.211802
vt 0.369465 0.240622
vt 0.360626 0.240622
vt 0.351787 0.182983
vt 0.360626 0.154163
vt 0.378304 0.182983
vt 0.360626 0.067704
vt 0.360626 0.096523
vt 0.378304 0.067704
vt 0.369465 0.067704
vt 0.369465 0.125343
vt 0.360626 0.125343
vt 0.360626 0.038884
vt 0.351787 0.067704
vt 0.378304 0.096523
vt 0.404820 0.067704
vt 0.395981 0.096523
vt 0.395981 0.067704
vt 0.404820 0.125343
vt 0.395981 0.038884
vt 0.413659 0.067704
vt 0.360626 0.413541
vt 0.360626 0.442361
vt 0.378304 0.413541
vt 0.369465 0.413541
vt 0.360626 0.471180
vt 0.369465 0.471180
vt 0.351787 0.413541
vt 0.360626 0.384721
vt 0.378304 0.442361
vt 0.360626 0.298262
vt 0.378304 0.298262
vt 0.369465 0.298262
vt 0.360626 0.355901
vt 0.378304 0.327082
vt 0.369465 0.355901
vt 0.351787 0.298262
vt 0.395981 0.298262
vt 0.395981 0.327082
vt 0.404820 0.298262
vt 0.413659 0.298262
vt 0.572758 0.211802
vt 0.572758 0.182983
vt 0.590436 0.182983
vt 0.572758 0.240622
vt 0.572758 0.154163
vt 0.590436 0.211802
vt 0.572758 0.096523
vt 0.572758 0.067704
vt 0.590436 0.067704
vt 0.581597 0.125343
vt 0.572758 0.125343
vt 0.563919 0.067704
vt 0.572758 0.038884
vt 0.608113 0.096523
vt 0.608113 0.067704
vt 0.616952 0.125343
vt 0.608113 0.038884
vt 0.625791 0.067704
vt 0.502047 0.211802
vt 0.519725 0.211802
vt 0.502047 0.240622
vt 0.502047 0.154163
vt 0.502047 0.067704
vt 0.502047 0.096523
vt 0.519725 0.067704
vt 0.502047 0.125343
vt 0.510886 0.125343
vt 0.502047 0.038884
vt 0.537403 0.096523
vt 0.537403 0.067704
vt 0.555080 0.067704
vt 0.546241 0.125343
vt 0.537403 0.038884
vt 0.510886 0.413541
vt 0.502047 0.442361
vt 0.519725 0.413541
vt 0.502047 0.471180
vt 0.510886 0.471180
vt 0.502047 0.384721
vt 0.502047 0.298262
vt 0.502047 0.327082
vt 0.510886 0.298262
vt 0.502047 0.355901
vt 0.493208 0.298262
vt 0.519725 0.298262
vt 0.546241 0.298262
vt 0.537403 0.327082
vt 0.537403 0.298262
vt 0.555080 0.298262
vt 0.581597 0.413541
vt 0.572758 0.442361
vt 0.572758 0.413541
vt 0.590436 0.413541
vt 0.581597 0.471180
vt 0.572758 0.471180
vt 0.572758 0.384721
vt 0.572758 0.298262
vt 0.572758 0.327082
vt 0.590436 0.298262
vt 0.581597 0.298262
vt 0.572758 0.355901
vt 0.616952 0.298262
vt 0.608113 0.327082
vt 0.608113 0.298262
vt 0.625791 0.298262
vt 0.440175 0.413541
vt 0.431337 0.442361
vt 0.431337 0.413541
vt 0.431337 0.471180
vt 0.440175 0.471180
vt 0.431337 0.384721
vt 0.449014 0.413541
vt 0.431337 0.298262
vt 0.431337 0.327082
vt 0.449014 0.298262
vt 0.440175 0.298262
vt 0.475531 0.298262
vt 0.466692 0.327082
vt 0.466692 0.298262
vt 0.466692 0.355901
vt 0.484370 0.298262
vt 0.431337 0.874657
vt 0.431337 0.903477
vt 0.431337 0.932296
vt 0.431337 0.845837
vt 0.449014 0.874657
vt 0.440175 0.961116
vt 0.431337 0.759378
vt 0.440175 0.788198
vt 0.431337 0.788198
vt 0.431337 0.817017
vt 0.475531 0.759378
vt 0.466692 0.788198
vt 0.466692 0.759378
vt 0.475531 0.788198
vt 0.466692 0.817017
vt 0.484370 0.759378
vt 0.572758 0.874657
vt 0.572758 0.903477
vt 0.572758 0.932296
vt 0.572758 0.845837
vt 0.590436 0.874657
vt 0.572758 0.961116
vt 0.572758 0.759378
vt 0.581597 0.788198
vt 0.572758 0.788198
vt 0.590436 0.759378
vt 0.572758 0.817017
vt 0.608113 0.788198
vt 0.608113 0.759378
vt 0.616952 0.788198
vt 0.608113 0.817017
vt 0.351787 0.471180
vt 0.351787 0.442361
vt 0.351787 0.442360
vt 0.351787 0.413541
vt 0.351787 0.500000
vt 0.351787 0.413541
vt 0.351787 0.500000
vt 0.351787 0.355901
vt 0.351787 0.355901
vt 0.351787 0.298262
vt 0.351787 0.327081
vt 0.351787 0.355901
vt 0.351787 0.298262
vt 0.351787 0.384721
vt 0.510886 0.038884
vt 0.502047 0.038884
vt 0.519725 0.038884
vt 0.519725 0.038884
vt 0.493208 0.038884
vt 0.546241 0.038884
vt 0.537403 0.038884
vt 0.555080 0.038884
vt 0.555080 0.038884
vt 0.351787 0.211802
vt 0.351787 0.240622
vt 0.351787 0.182983
vt 0.351787 0.240622
vt 0.351787 0.211802
vt 0.351787 0.182983
vt 0.351787 0.125343
vt 0.351787 0.096523
vt 0.351787 0.125343
vt 0.351787 0.067704
vt 0.351787 0.096523
vt 0.351787 0.067704
vt 0.634630 0.557640
vt 0.634630 0.557640
vt 0.634630 0.500000
vt 0.634630 0.586459
vt 0.634630 0.500000
vt 0.634630 0.672919
vt 0.634630 0.701738
vt 0.634630 0.701738
vt 0.634630 0.672919
vt 0.590436 0.038884
vt 0.581597 0.038884
vt 0.590436 0.038884
vt 0.590436 0.038884
vt 0.616952 0.038884
vt 0.608113 0.038884
vt 0.625791 0.038884
vt 0.608113 0.038884
vt 0.616952 0.038884
vt 0.634630 0.038884
vt 0.484370 0.961116
vt 0.484370 0.961116
vt 0.466692 0.961116
vt 0.475531 0.961116
vt 0.484370 0.961116
vt 0.466692 0.961116
vt 0.493208 0.961116
vt 0.440175 0.961116
vt 0.449014 0.961116
vt 0.431337 0.961116
vt 0.449014 0.961116
vt 0.431337 0.961116
vt 0.634630 0.788198
vt 0.634630 0.817017
vt 0.634630 0.817017
vt 0.634630 0.845837
vt 0.634630 0.903477
vt 0.634630 0.932296
vt 0.634630 0.903477
vt 0.634630 0.961116
vt 0.634630 0.961116
vt 0.634630 0.932296
vt 0.634630 0.961116
vt 0.351787 0.932296
vt 0.351787 0.932296
vt 0.351787 0.874657
vt 0.351787 0.903477
vt 0.351787 0.932296
vt 0.351787 0.961116
vt 0.351787 0.845837
vt 0.351787 0.961116
vt 0.351787 0.817017
vt 0.351787 0.759378
vt 0.351787 0.788198
vt 0.351787 0.845837
vt 0.404820 0.961116
vt 0.413659 0.961116
vt 0.413659 0.961116
vt 0.395981 0.961116
vt 0.395981 0.961116
vt 0.369465 0.961116
vt 0.378304 0.961116
vt 0.360626 0.961116
vt 0.369465 0.961116
vt 0.369465 0.961116
vt 0.378304 0.961116
vt 0.369465 0.038884
vt 0.360626 0.038884
vt 0.360626 0.038884
vt 0.378304 0.038884
vt 0.369465 0.038884
vt 0.360626 0.038884
vt 0.369465 0.038884
vt 0.351787 0.038884
vt 0.404820 0.038884
vt 0.395981 0.038884
vt 0.413659 0.038884
vt 0.395981 0.038884
vt 0.413659 0.038884
vt 0.387142 0.038884
vt 0.413659 0.038884
vt 0.351787 0.701738
vt 0.351787 0.701738
vt 0.351787 0.644099
vt 0.351787 0.701738
vt 0.351787 0.672919
vt 0.351787 0.644099
vt 0.351787 0.586459
vt 0.351787 0.557640
vt 0.351787 0.586459
vt 0.351787 0.528820
vt 0.634630 0.096523
vt 0.634630 0.067704
vt 0.634630 0.125343
vt 0.634630 0.096523
vt 0.634630 0.067704
vt 0.634630 0.125343
vt 0.634630 0.154163
vt 0.634630 0.125343
vt 0.634630 0.038884
vt 0.634630 0.211802
vt 0.634630 0.182983
vt 0.634630 0.211802
vt 0.634630 0.240622
vt 0.634630 0.154163
vt 0.634630 0.154163
vt 0.440175 0.038884
vt 0.431337 0.038884
vt 0.449014 0.038884
vt 0.449014 0.038884
vt 0.449014 0.038884
vt 0.475531 0.038884
vt 0.466692 0.038884
vt 0.484370 0.038884
vt 0.484370 0.038884
vt 0.484370 0.038884
vt 0.625791 0.961116
vt 0.616952 0.961116
vt 0.625791 0.961116
vt 0.599274 0.961116
vt 0.599274 0.961116
vt 0.634630 0.961116
vt 0.590436 0.961116
vt 0.572758 0.961116
vt 0.572758 0.961116
vt 0.599274 0.961116
vt 0.634630 0.327082
vt 0.634630 0.298262
vt 0.634630 0.355901
vt 0.634630 0.384721
vt 0.634630 0.442360
vt 0.634630 0.442361
vt 0.634630 0.471180
vt 0.634630 0.471180
vt 0.555080 0.961116
vt 0.555080 0.961116
vt 0.537403 0.961116
vt 0.537403 0.961116
vt 0.519725 0.961116
vt 0.502047 0.961116
vt 0.502047 0.961116
s 0
f 1123/1/1 1127/2/1 1126/3/1
f 1125/4/2 1127/2/2 1124/5/2
f 1127/2/3 1129/6/3 1126/3/3
f 1127/2/4 1131/7/4 1130/8/4
f 81/9/5 1123/1/5 594/10/5
f 583/11/6 1124/5/6 1123/1/6
f 585/12/7 1124/5/7 584/13/7
f 45/14/8 1125/4/8 585/12/8
f 1125/4/9 341/15/9 1128/16/9
f 341/15/10 1131/7/10 1128/16/10
f 340/17/11 171/18/11 1131/7/11
f 1130/8/12 171/18/12 170/19/12
f 1130/8/13 169/20/13 1129/6/13
f 1129/6/14 28/21/14 592/22/14
f 1126/3/15 592/22/15 593/23/15
f 1123/1/16 593/23/16 594/10/16
f 1133/24/17 1135/25/17 1132/26/17
f 1134/27/18 1136/28/18 1133/24/18
f 1136/28/19 1138/29/19 1135/25/19
f 1136/28/20 1140/30/20 1139/31/20
f 80/32/21 1132/26/21 582/33/21
f 571/34/22 1133/24/22 1132/26/22
f 573/35/23 1133/24/23 572/36/23
f 573/35/24 330/37/24 1134/27/24
f 1134/27/25 329/38/25 1137/39/25
f 329/38/26 1140/30/26 1137/39/26
f 328/40/27 189/41/27 1140/30/27
f 1139/31/28 189/41/28 188/42/28
f 1138/29/29 188/42/29 187/43/29
f 1138/29/30 34/44/30 580/45/30
f 1135/25/31 580/45/31 581/46/31
f 1132/26/32 581/46/32 582/33/32
f 1141/47/33 1145/48/33 1144/49/33
f 1143/50/34 1145/48/34 1142/51/34
f 1145/48/35 1147/52/35 1144/49/35
f 1146/53/36 1148/54/36 1145/48/36
f 79/55/37 1141/47/37 570/56/37
f 559/57/38 1142/51/38 1141/47/38
f 561/58/39 1142/51/39 560/59/39
f 561/58/40 351/60/40 1143/50/40
f 351/60/41 1146/53/41 1143/50/41
f 1146/53/42 349/61/42 1149/62/42
f 349/61/43 192/63/43 1149/62/43
f 1148/54/44 192/63/44 191/64/44
f 1147/52/45 191/64/45 190/65/45
f 1147/52/46 35/66/46 568/67/46
f 1144/49/47 568/67/47 569/68/47
f 1141/47/48 569/68/48 570/56/48
f 1150/69/49 1154/70/49 1153/71/49
f 1152/72/50 1154/70/50 1151/73/50
f 1154/70/51 1156/74/51 1153/71/51
f 1155/75/52 1157/76/52 1154/70/52
f 547/77/53 558/78/53 78/79/53
f 548/80/54 1150/69/54 547/77/54
f 548/80/55 1152/72/55 1151/73/55
f 549/81/56 354/82/56 1152/72/56
f 354/82/57 1155/75/57 1152/72/57
f 353/83/58 1158/84/58 1155/75/58
f 352/85/59 183/86/59 1158/84/59
f 1157/76/60 183/86/60 182/87/60
f 1157/76/61 181/88/61 1156/74/61
f 1156/74/62 32/89/62 556/90/62
f 557/91/63 1156/74/63 556/90/63
f 1150/69/64 557/91/64 558/78/64
f 1160/92/65 1162/93/65 1159/94/65
f 1160/92/66 1164/95/66 1163/96/66
f 1162/93/67 1166/97/67 1165/98/67
f 1164/95/68 1166/97/68 1163/96/68
f 77/99/69 1159/94/69 546/100/69
f 535/101/70 1160/92/70 1159/94/70
f 536/102/71 1161/103/71 1160/92/71
f 37/104/72 1161/103/72 537/105/72
f 1161/103/73 317/106/73 1164/95/73
f 317/106/74 1167/107/74 1164/95/74
f 316/108/75 237/109/75 1167/107/75
f 1166/97/76 237/109/76 236/110/76
f 1166/97/77 235/111/77 1165/98/77
f 1165/98/78 50/112/78 544/113/78
f 545/114/79 1165/98/79 544/113/79
f 1159/94/80 545/114/80 546/100/80
f 1168/115/81 1172/116/81 1171/117/81
f 1170/118/82 1172/116/82 1169/119/82
f 1171/117/83 1175/120/83 1174/121/83
f 1172/116/84 1176/122/84 1175/120/84
f 523/123/85 534/124/85 76/125/85
f 523/123/86 1169/119/86 1168/115/86
f 524/126/87 1170/118/87 1169/119/87
f 525/127/88 363/128/88 1170/118/88
f 363/128/89 1173/129/89 1170/118/89
f 1173/129/90 361/130/90 1176/122/90
f 1176/122/91 22/131/91 240/132/91
f 1176/122/92 239/133/92 1175/120/92
f 1175/120/93 238/134/93 1174/121/93
f 532/135/94 238/134/94 51/136/94
f 1171/117/95 532/135/95 533/137/95
f 534/124/96 1171/117/96 533/137/96
f 1178/138/97 1180/139/97 1177/140/97
f 1178/138/98 1182/141/98 1181/142/98
f 1181/142/99 1183/143/99 1180/139/99
f 1181/142/100 1185/144/100 1184/145/100
f 511/146/101 522/147/101 75/148/101
f 512/149/102 1177/140/102 511/146/102
f 512/149/103 1179/150/103 1178/138/103
f 53/151/104 1179/150/104 513/152/104
f 1179/150/105 365/153/105 1182/141/105
f 1182/141/106 364/154/106 1185/144/106
f 1185/144/107 16/155/107 219/156/107
f 1184/145/108 219/156/108 218/157/108
f 1184/145/109 217/158/109 1183/143/109
f 1183/143/110 44/159/110 520/160/110
f 1180/139/111 520/160/111 521/161/111
f 1177/140/112 521/161/112 522/147/112
f 1187/162/113 1189/163/113 1186/164/113
f 1187/162/114 1191/165/114 1190/166/114
f 1189/163/115 1193/167/115 1192/168/115
f 1191/165/116 1193/167/116 1190/166/116
f 74/169/117 1186/164/117 510/170/117
f 499/171/118 1187/162/118 1186/164/118
f 501/172/119 1187/162/119 500/173/119
f 501/172/120 315/174/120 1188/175/120
f 1188/175/121 314/176/121 1191/165/121
f 314/176/122 1194/177/122 1191/165/122
f 1194/177/123 20/178/123 249/179/123
f 1193/167/124 249/179/124 248/180/124
f 1193/167/125 247/181/125 1192/168/125
f 1192/168/126 54/182/126 508/183/126
f 509/184/127 1192/168/127 508/183/127
f 1186/164/128 509/184/128 510/170/128
f 1196/185/129 1198/186/129 1195/187/129
f 1197/188/130 1199/189/130 1196/185/130
f 1199/189/131 1201/190/131 1198/186/131
f 1199/189/132 1203/191/132 1202/192/132
f 73/193/133 1195/187/133 498/194/133
f 488/195/134 1195/187/134 487/196/134
f 489/197/135 1196/185/135 488/195/135
f 489/197/136 375/198/136 1197/188/136
f 375/198/137 1200/199/137 1197/188/137
f 374/200/138 1203/191/138 1200/199/138
f 1203/191/139 23/201/139 252/202/139
f 1203/191/140 251/203/140 1202/192/140
f 1201/190/141 251/203/141 250/204/141
f 496/205/142 250/204/142 55/206/142
f 1198/186/143 496/205/143 497/207/143
f 498/194/144 1198/186/144 497/207/144
f 1205/208/145 1207/209/145 1204/210/145
f 1205/208/146 1209/211/146 1208/212/146
f 1207/209/147 1211/213/147 1210/214/147
f 1208/212/148 1212/215/148 1211/213/148
f 475/216/149 486/217/149 72/218/149
f 476/219/150 1204/210/150 475/216/150
f 476/219/151 1206/220/151 1205/208/151
f 57/221/152 1206/220/152 477/222/152
f 1206/220/153 377/223/153 1209/211/153
f 1209/211/154 376/224/154 1212/215/154
f 1212/215/155 19/225/155 228/226/155
f 1211/213/156 228/226/156 227/227/156
f 1211/213/157 226/228/157 1210/214/157
f 1210/214/158 47/229/158 484/230/158
f 1207/209/159 484/230/159 485/231/159
f 1204/210/160 485/231/160 486/217/160
f 1214/232/161 1216/233/161 1213/234/161
f 1215/235/162 1217/236/162 1214/232/162
f 1217/236/163 1219/237/163 1216/233/163
f 1217/236/164 1221/238/164 1220/239/164
f 463/240/165 474/241/165 71/242/165
f 463/240/166 1214/232/166 1213/234/166
f 465/243/167 1214/232/167 464/244/167
f 29/245/168 1215/235/168 465/243/168
f 1215/235/169 293/246/169 1218/247/169
f 293/246/170 1221/238/170 1218/247/170
f 1221/238/171 13/248/171 261/249/171
f 1221/238/172 260/250/172 1220/239/172
f 1219/237/173 260/250/173 259/251/173
f 1219/237/174 58/252/174 472/253/174
f 473/254/175 1219/237/175 472/253/175
f 1213/234/176 473/254/176 474/241/176
f 1222/255/177 1226/256/177 1225/257/177
f 1224/258/178 1226/256/178 1223/259/178
f 1226/256/179 1228/260/179 1225/257/179
f 1226/256/180 1230/261/180 1229/262/180
f 70/263/181 1222/255/181 462/264/181
f 451/265/182 1223/259/182 1222/255/182
f 452/266/183 1224/258/183 1223/259/183
f 453/267/184 387/268/184 1224/258/184
f 387/268/185 1227/269/185 1224/258/185
f 1227/269/186 385/270/186 1230/261/186
f 1230/261/187 24/271/187 264/272/187
f 1230/261/188 263/273/188 1229/262/188
f 1228/260/189 263/273/189 262/274/189
f 460/275/190 262/274/190 59/276/190
f 1225/257/191 460/275/191 461/277/191
f 1222/255/192 461/277/192 462/264/192
f 1231/278/193 1235/279/193 1234/280/193
f 1233/281/194 1235/279/194 1232/282/194
f 1235/279/195 1237/283/195 1234/280/195
f 1235/279/196 1239/284/196 1238/285/196
f 439/286/197 450/287/197 69/288/197
f 440/289/198 1231/278/198 439/286/198
f 441/290/199 1232/282/199 440/289/199
f 61/291/200 1233/281/200 441/290/200
f 390/292/201 1236/293/201 1233/281/201
f 1236/293/202 388/294/202 1239/284/202
f 1239/284/203 18/295/203 225/296/203
f 1239/284/204 224/297/204 1238/285/204
f 1237/283/205 224/297/205 223/298/205
f 1237/283/206 46/299/206 448/300/206
f 449/301/207 1237/283/207 448/300/207
f 1231/278/208 449/301/208 450/287/208
f 1241/302/209 1243/303/209 1240/304/209
f 1242/305/210 1244/306/210 1241/302/210
f 1244/306/211 1246/307/211 1243/303/211
f 1245/308/212 1247/309/212 1244/306/212
f 427/310/213 438/311/213 68/312/213
f 427/310/214 1241/302/214 1240/304/214
f 428/313/215 1242/305/215 1241/302/215
f 429/314/216 306/315/216 1242/305/216
f 1242/305/217 305/316/217 1245/308/217
f 305/316/218 1248/317/218 1245/308/218
f 1248/317/219 17/318/219 273/319/219
f 1248/317/220 272/320/220 1247/309/220
f 1246/307/221 272/320/221 271/321/221
f 436/322/222 271/321/222 62/323/222
f 437/324/223 1246/307/223 436/322/223
f 1240/304/224 437/324/224 438/311/224
f 1250/325/225 1252/326/225 1249/327/225
f 1251/328/226 1253/329/226 1250/325/226
f 1253/329/227 1255/330/227 1252/326/227
f 1253/329/228 1257/331/228 1256/332/228
f 415/333/229 426/334/229 67/335/229
f 415/333/230 1250/325/230 1249/327/230
f 417/336/231 1250/325/231 416/337/231
f 64/338/232 1251/328/232 417/336/232
f 399/339/233 1254/340/233 1251/328/233
f 1254/340/234 397/341/234 1257/331/234
f 1257/331/235 25/342/235 276/343/235
f 1257/331/236 275/344/236 1256/332/236
f 1255/330/237 275/344/237 274/345/237
f 424/346/238 274/345/238 63/347/238
f 425/348/239 1255/330/239 424/346/239
f 1249/327/240 425/348/240 426/334/240
f 1258/349/241 1262/350/241 1261/351/241
f 1259/352/242 1263/353/242 1262/350/242
f 1261/351/243 1265/354/243 1264/355/243
f 1262/350/244 1266/356/244 1265/354/244
f 403/357/245 414/358/245 66/359/245
f 404/360/246 1258/349/246 403/357/246
f 404/360/247 1260/361/247 1259/352/247
f 65/362/248 1260/361/248 405/363/248
f 402/364/249 1263/353/249 1260/361/249
f 1263/353/250 400/365/250 1266/356/250
f 400/365/251 207/366/251 1266/356/251
f 1265/354/252 207/366/252 206/367/252
f 1265/354/253 205/368/253 1264/355/253
f 1264/355/254 40/369/254 412/370/254
f 413/371/255 1264/355/255 412/370/255
f 1258/349/256 413/371/256 414/358/256
f 1267/372/257 1271/373/257 1270/374/257
f 1268/375/258 1272/376/258 1271/373/258
f 1271/373/259 1273/377/259 1270/374/259
f 1272/376/260 1274/378/260 1271/373/260
f 274/345/261 411/379/261 63/347/261
f 274/345/262 1268/375/262 1267/372/262
f 276/343/263 1268/375/263 275/344/263
f 276/343/264 282/380/264 1269/381/264
f 1269/381/265 281/382/265 1272/376/265
f 1272/376/266 280/383/266 1275/384/266
f 280/383/267 405/363/267 1275/384/267
f 1274/378/268 405/363/268 404/360/268
f 1274/378/269 403/357/269 1273/377/269
f 409/385/270 403/357/270 66/359/270
f 1270/374/271 409/385/271 410/386/271
f 1267/372/272 410/386/272 411/379/272
f 1277/387/273 1279/388/273 1276/389/273
f 1278/390/274 1280/391/274 1277/387/274
f 1280/391/275 1282/392/275 1279/388/275
f 1281/393/276 1283/394/276 1280/391/276
f 394/395/277 234/396/277 21/397/277
f 394/395/278 1277/387/278 1276/389/278
f 395/398/279 1278/390/279 1277/387/279
f 396/399/280 411/379/280 1278/390/280
f 1278/390/281 410/386/281 1281/393/281
f 410/386/282 1284/400/282 1281/393/282
f 409/385/283 408/401/283 1284/400/283
f 1284/400/284 407/402/284 1283/394/284
f 1282/392/285 407/402/285 406/403/285
f 232/404/286 406/403/286 49/405/286
f 233/406/287 1282/392/287 232/404/287
f 234/396/288 1279/388/288 233/406/288
f 1285/407/289 1289/408/289 1288/409/289
f 1287/410/290 1289/408/290 1286/411/290
f 1289/408/291 1291/412/291 1288/409/291
f 1290/413/292 1292/414/292 1289/408/292
f 49/405/293 1285/407/293 354/82/293
f 407/402/294 1285/407/294 406/403/294
f 408/401/295 1286/411/295 407/402/295
f 408/401/296 414/358/296 1287/410/296
f 414/358/297 1290/413/297 1287/410/297
f 413/371/298 1293/415/298 1290/413/298
f 1293/415/299 40/369/299 327/416/299
f 1293/415/300 326/417/300 1292/414/300
f 1292/414/301 325/418/301 1291/412/301
f 352/85/302 325/418/302 7/419/302
f 1288/409/303 352/85/303 353/83/303
f 354/82/304 1288/409/304 353/83/304
f 1295/420/305 1297/421/305 1294/422/305
f 1295/420/306 1299/423/306 1298/424/306
f 1298/424/307 1300/425/307 1297/421/307
f 1298/424/308 1302/426/308 1301/427/308
f 223/298/309 423/428/309 46/299/309
f 224/297/310 1294/422/310 223/298/310
f 224/297/311 1296/429/311 1295/420/311
f 18/295/312 1296/429/312 225/296/312
f 1296/429/313 278/430/313 1299/423/313
f 1299/423/314 277/431/314 1302/426/314
f 277/431/315 417/336/315 1302/426/315
f 1301/427/316 417/336/316 416/337/316
f 1301/427/317 415/333/317 1300/425/317
f 1300/425/318 67/335/318 421/432/318
f 422/433/319 1300/425/319 421/432/319
f 423/428/320 1297/421/320 422/433/320
f 1303/434/321 1307/435/321 1306/436/321
f 1305/437/322 1307/435/322 1304/438/322
f 1306/436/323 1310/439/323 1309/440/323
f 1307/435/324 1311/441/324 1310/439/324
f 9/442/325 1303/434/325 198/443/325
f 344/444/326 1303/434/326 343/445/326
f 344/444/327 1305/437/327 1304/438/327
f 46/299/328 1305/437/328 345/446/328
f 423/428/329 1308/447/329 1305/437/329
f 422/433/330 1311/441/330 1308/447/330
f 1311/441/331 67/335/331 420/448/331
f 1311/441/332 419/449/332 1310/439/332
f 1310/439/333 418/450/333 1309/440/333
f 196/451/334 418/450/334 37/104/334
f 1306/436/335 196/451/335 197/452/335
f 198/443/336 1306/436/336 197/452/336
f 1312/453/337 1316/454/337 1315/455/337
f 1314/456/338 1316/454/338 1313/457/338
f 1316/454/339 1318/458/339 1315/455/339
f 1317/459/340 1319/460/340 1316/454/340
f 37/104/341 1312/453/341 318/461/341
f 418/450/342 1313/457/342 1312/453/342
f 419/449/343 1314/456/343 1313/457/343
f 67/335/344 1314/456/344 420/448/344
f 426/334/345 1317/459/345 1314/456/345
f 1317/459/346 424/346/346 1320/462/346
f 424/346/347 396/399/347 1320/462/347
f 1320/462/348 395/398/348 1319/460/348
f 1318/458/349 395/398/349 394/395/349
f 316/108/350 394/395/350 21/397/350
f 317/106/351 1318/458/351 316/108/351
f 1312/453/352 317/106/352 318/461/352
f 1321/463/353 1325/464/353 1324/465/353
f 1322/466/354 1326/467/354 1325/464/354
f 1325/464/355 1327/468/355 1324/465/355
f 1325/464/356 1329/469/356 1328/470/356
f 187/43/357 435/471/357 34/44/357
f 187/43/358 1322/466/358 1321/463/358
f 189/41/359 1322/466/359 188/42/359
f 189/41/360 186/472/360 1323/473/360
f 186/472/361 1326/467/361 1323/473/361
f 1326/467/362 184/474/362 1329/469/362
f 184/474/363 429/314/363 1329/469/363
f 1329/469/364 428/313/364 1328/470/364
f 1327/468/365 428/313/365 427/310/365
f 433/475/366 427/310/366 68/312/366
f 434/476/367 1327/468/367 433/475/367
f 1321/463/368 434/476/368 435/471/368
f 1331/477/369 1333/478/369 1330/479/369
f 1332/480/370 1334/481/370 1331/477/370
f 1333/478/371 1337/482/371 1336/483/371
f 1335/484/372 1337/482/372 1334/481/372
f 307/485/373 279/486/373 18/295/373
f 308/487/374 1330/479/374 307/485/374
f 308/487/375 1332/480/375 1331/477/375
f 309/488/376 435/471/376 1332/480/376
f 435/471/377 1335/484/377 1332/480/377
f 434/476/378 1338/489/378 1335/484/378
f 433/475/379 432/490/379 1338/489/379
f 1338/489/380 431/491/380 1337/482/380
f 1336/483/381 431/491/381 430/492/381
f 277/431/382 430/492/382 64/338/382
f 1333/478/383 277/431/383 278/430/383
f 1330/479/384 278/430/384 279/486/384
f 1340/493/385 1342/494/385 1339/495/385
f 1341/496/386 1343/497/386 1340/493/386
f 1342/494/387 1346/498/387 1345/499/387
f 1343/497/388 1347/500/388 1346/498/388
f 64/338/389 1339/495/389 399/339/389
f 430/492/390 1340/493/390 1339/495/390
f 431/491/391 1341/496/391 1340/493/391
f 432/490/392 438/311/392 1341/496/392
f 1341/496/393 437/324/393 1344/501/393
f 437/324/394 1347/500/394 1344/501/394
f 1347/500/395 62/323/395 393/502/395
f 1347/500/396 392/503/396 1346/498/396
f 1346/498/397 391/504/397 1345/499/397
f 397/341/398 391/504/398 25/342/398
f 1342/494/399 397/341/399 398/505/399
f 1339/495/400 398/505/400 399/339/400
f 1349/506/401 1351/507/401 1348/508/401
f 1349/506/402 1353/509/402 1352/510/402
f 1352/510/403 1354/511/403 1351/507/403
f 1352/510/404 1356/512/404 1355/513/404
f 262/274/405 447/514/405 59/276/405
f 262/274/406 1349/506/406 1348/508/406
f 264/272/407 1349/506/407 263/273/407
f 264/272/408 270/515/408 1350/516/408
f 1350/516/409 269/517/409 1353/509/409
f 1353/509/410 268/518/410 1356/512/410
f 268/518/411 441/290/411 1356/512/411
f 1356/512/412 440/289/412 1355/513/412
f 1354/511/413 440/289/413 439/286/413
f 445/519/414 439/286/414 69/288/414
f 446/520/415 1354/511/415 445/519/415
f 1348/508/416 446/520/416 447/514/416
f 1358/521/417 1360/522/417 1357/523/417
f 1359/524/418 1361/525/418 1358/521/418
f 1361/525/419 1363/526/419 1360/522/419
f 1362/527/420 1364/528/420 1361/525/420
f 382/529/421 231/530/421 20/178/421
f 382/529/422 1358/521/422 1357/523/422
f 383/531/423 1359/524/423 1358/521/423
f 384/532/424 447/514/424 1359/524/424
f 1359/524/425 446/520/425 1362/527/425
f 1362/527/426 445/519/426 1365/533/426
f 445/519/427 444/534/427 1365/533/427
f 1364/528/428 444/534/428 443/535/428
f 1363/526/429 443/535/429 442/536/429
f 1363/526/430 48/537/430 229/538/430
f 1360/522/431 229/538/431 230/539/431
f 231/530/432 1360/522/432 230/539/432
f 1367/540/433 1369/541/433 1366/542/433
f 1368/543/434 1370/544/434 1367/540/434
f 1370/544/435 1372/545/435 1369/541/435
f 1370/544/436 1374/546/436 1373/547/436
f 48/537/437 1366/542/437 351/60/437
f 443/535/438 1366/542/438 442/536/438
f 443/535/439 1368/543/439 1367/540/439
f 444/534/440 450/287/440 1368/543/440
f 1368/543/441 449/301/441 1371/548/441
f 1371/548/442 448/300/442 1374/546/442
f 1374/546/443 46/299/443 345/446/443
f 1374/546/444 344/444/444 1373/547/444
f 1373/547/445 343/445/445 1372/545/445
f 1372/545/446 9/442/446 349/61/446
f 1369/541/447 349/61/447 350/549/447
f 351/60/448 1369/541/448 350/549/448
f 1375/550/449 1379/551/449 1378/552/449
f 1376/553/450 1380/554/450 1379/551/450
f 1378/552/451 1382/555/451 1381/556/451
f 1380/554/452 1382/555/452 1379/551/452
f 30/557/453 1375/550/453 459/558/453
f 296/559/454 1375/550/454 297/560/454
f 295/561/455 1376/553/455 296/559/455
f 295/561/456 267/562/456 1377/563/456
f 1377/563/457 266/564/457 1380/554/457
f 1380/554/458 265/565/458 1383/566/458
f 1383/566/459 60/567/459 453/267/459
f 1382/555/460 453/267/460 452/266/460
f 1382/555/461 451/265/461 1381/556/461
f 1381/556/462 70/263/462 457/568/462
f 458/569/463 1381/556/463 457/568/463
f 459/558/464 1378/552/464 458/569/464
f 1384/570/465 1388/571/465 1387/572/465
f 1386/573/466 1388/571/466 1385/574/466
f 1387/572/467 1391/575/467 1390/576/467
f 1388/571/468 1392/577/468 1391/575/468
f 177/578/469 195/579/469 5/580/469
f 177/578/470 1385/574/470 1384/570/470
f 175/581/471 1385/574/471 176/582/471
f 30/557/472 1386/573/472 175/581/472
f 1386/573/473 458/569/473 1389/583/473
f 458/569/474 1392/577/474 1389/583/474
f 1392/577/475 70/263/475 456/584/475
f 1392/577/476 455/585/476 1391/575/476
f 1391/575/477 454/586/477 1390/576/477
f 193/587/478 454/586/478 36/588/478
f 1387/572/479 193/587/479 194/589/479
f 195/579/480 1387/572/480 194/589/480
f 1394/590/481 1396/591/481 1393/592/481
f 1394/590/482 1398/593/482 1397/594/482
f 1397/594/483 1399/595/483 1396/591/483
f 1398/593/484 1400/596/484 1397/594/484
f 36/588/485 1393/592/485 315/174/485
f 455/585/486 1393/592/486 454/586/486
f 455/585/487 1395/597/487 1394/590/487
f 456/584/488 462/264/488 1395/597/488
f 462/264/489 1398/593/489 1395/597/489
f 1398/593/490 460/275/490 1401/598/490
f 460/275/491 384/532/491 1401/598/491
f 1400/596/492 384/532/492 383/531/492
f 1400/596/493 382/529/493 1399/595/493
f 313/599/494 382/529/494 20/178/494
f 314/176/495 1399/595/495 313/599/495
f 1393/592/496 314/176/496 315/174/496
f 1402/600/497 1406/601/497 1405/602/497
f 1404/603/498 1406/601/498 1403/604/498
f 1406/601/499 1408/605/499 1405/602/499
f 1406/601/500 1410/606/500 1409/607/500
f 42/608/501 1402/600/501 471/609/501
f 332/610/502 1402/600/502 333/611/502
f 331/612/503 1403/604/503 332/610/503
f 3/613/504 1404/603/504 331/612/504
f 174/614/505 1407/615/505 1404/603/505
f 173/616/506 1410/606/506 1407/615/506
f 1410/606/507 29/245/507 465/243/507
f 1410/606/508 464/244/508 1409/607/508
f 1408/605/509 464/244/509 463/240/509
f 469/617/510 463/240/510 71/242/510
f 470/618/511 1408/605/511 469/617/511
f 1402/600/512 470/618/512 471/609/512
f 1411/619/513 1415/620/513 1414/621/513
f 1413/622/514 1415/620/514 1412/623/514
f 1414/621/515 1418/624/515 1417/625/515
f 1416/626/516 1418/624/516 1415/620/516
f 14/627/517 1411/619/517 267/562/517
f 212/628/518 1411/619/518 213/629/518
f 212/628/519 1413/622/519 1412/623/519
f 42/608/520 1413/622/520 211/630/520
f 471/609/521 1416/626/521 1413/622/521
f 1416/626/522 469/617/522 1419/631/522
f 469/617/523 468/632/523 1419/631/523
f 1419/631/524 467/633/524 1418/624/524
f 1417/625/525 467/633/525 466/634/525
f 1417/625/526 60/567/526 265/565/526
f 266/564/527 1417/625/527 265/565/527
f 1411/619/528 266/564/528 267/562/528
f 1421/635/529 1423/636/529 1420/637/529
f 1422/638/530 1424/639/530 1421/635/530
f 1423/636/531 1427/640/531 1426/641/531
f 1424/639/532 1428/642/532 1427/640/532
f 60/567/533 1420/637/533 387/268/533
f 466/634/534 1421/635/534 1420/637/534
f 467/633/535 1422/638/535 1421/635/535
f 468/632/536 474/241/536 1422/638/536
f 1422/638/537 473/254/537 1425/643/537
f 473/254/538 1428/642/538 1425/643/538
f 1428/642/539 58/252/539 381/644/539
f 1428/642/540 380/645/540 1427/640/540
f 1427/640/541 379/646/541 1426/641/541
f 385/270/542 379/646/542 24/271/542
f 1423/636/543 385/270/543 386/647/543
f 1420/637/544 386/647/544 387/268/544
f 1430/648/545 1432/649/545 1429/650/545
f 1431/651/546 1433/652/546 1430/648/546
f 1433/652/547 1435/653/547 1432/649/547
f 1434/654/548 1436/655/548 1433/652/548
f 55/206/549 1429/650/549 483/656/549
f 250/204/550 1430/648/550 1429/650/550
f 251/203/551 1431/651/551 1430/648/551
f 23/201/552 1431/651/552 252/202/552
f 258/657/553 1434/654/553 1431/651/553
f 257/658/554 1437/659/554 1434/654/554
f 1437/659/555 57/221/555 477/222/555
f 1437/659/556 476/219/556 1436/655/556
f 1436/655/557 475/216/557 1435/653/557
f 481/660/558 475/216/558 72/218/558
f 1432/649/559 481/660/559 482/661/559
f 1429/650/560 482/661/560 483/656/560
f 1438/662/561 1442/663/561 1441/664/561
f 1439/665/562 1443/666/562 1442/663/562
f 1442/663/563 1444/667/563 1441/664/563
f 1443/666/564 1445/668/564 1442/663/564
f 370/669/565 298/670/565 15/671/565
f 371/672/566 1438/662/566 370/669/566
f 372/673/567 1439/665/567 371/672/567
f 55/206/568 1440/674/568 372/673/568
f 1440/674/569 482/661/569 1443/666/569
f 482/661/570 1446/675/570 1443/666/570
f 481/660/571 480/676/571 1446/675/571
f 1445/668/572 480/676/572 479/677/572
f 1444/667/573 479/677/573 478/678/573
f 1444/667/574 31/679/574 300/680/574
f 1441/664/575 300/680/575 299/681/575
f 298/670/576 1441/664/576 299/681/576
f 1448/682/577 1450/683/577 1447/684/577
f 1449/685/578 1451/686/578 1448/682/578
f 1451/686/579 1453/687/579 1450/683/579
f 1452/688/580 1454/689/580 1451/686/580
f 31/679/581 1447/684/581 178/690/581
f 479/677/582 1447/684/582 478/678/582
f 480/676/583 1448/682/583 479/677/583
f 480/676/584 486/217/584 1449/685/584
f 1449/685/585 485/231/585 1452/688/585
f 485/231/586 1455/691/586 1452/688/586
f 484/230/587 348/692/587 1455/691/587
f 1455/691/588 347/693/588 1454/689/588
f 1453/687/589 347/693/589 346/694/589
f 1453/687/590 6/695/590 180/696/590
f 179/697/591 1453/687/591 180/696/591
f 1447/684/592 179/697/592 178/690/592
f 1457/698/593 1459/699/593 1456/700/593
f 1457/698/594 1461/701/594 1460/702/594
f 1459/699/595 1463/703/595 1462/704/595
f 1461/701/596 1463/703/596 1460/702/596
f 26/705/597 1456/700/597 495/706/597
f 284/707/598 1456/700/598 285/708/598
f 283/709/599 1457/698/599 284/707/599
f 283/709/600 255/710/600 1458/711/600
f 1458/711/601 254/712/601 1461/701/601
f 254/712/602 1464/713/602 1461/701/602
f 253/714/603 489/197/603 1464/713/603
f 1464/713/604 488/195/604 1463/703/604
f 1463/703/605 487/196/605 1462/704/605
f 1462/704/606 73/193/606 493/715/606
f 494/716/607 1462/704/607 493/715/607
f 495/706/608 1459/699/608 494/716/608
f 1465/717/609 1469/718/609 1468/719/609
f 1466/720/610 1470/721/610 1469/718/610
f 1469/718/611 1471/722/611 1468/719/611
f 1469/718/612 1473/723/612 1472/724/612
f 165/725/613 334/726/613 1/727/613
f 164/728/614 1465/717/614 165/725/614
f 164/728/615 1467/729/615 1466/720/615
f 26/705/616 1467/729/616 163/730/616
f 495/706/617 1470/721/617 1467/729/617
f 494/716/618 1473/723/618 1470/721/618
f 1473/723/619 73/193/619 492/731/619
f 1472/724/620 492/731/620 491/732/620
f 1471/722/621 491/732/621 490/733/621
f 1471/722/622 43/734/622 336/735/622
f 335/736/623 1471/722/623 336/735/623
f 334/726/624 1468/719/624 335/736/624
f 1475/737/625 1477/738/625 1474/739/625
f 1476/740/626 1478/741/626 1475/737/626
f 1477/738/627 1481/742/627 1480/743/627
f 1478/741/628 1482/744/628 1481/742/628
f 43/734/629 1474/739/629 214/745/629
f 491/732/630 1474/739/630 490/733/630
f 491/732/631 1476/740/631 1475/737/631
f 73/193/632 1476/740/632 492/731/632
f 498/194/633 1479/746/633 1476/740/633
f 1479/746/634 496/205/634 1482/744/634
f 1482/744/635 55/206/635 372/673/635
f 1482/744/636 371/672/636 1481/742/636
f 1481/742/637 370/669/637 1480/743/637
f 1480/743/638 15/671/638 216/747/638
f 1477/738/639 216/747/639 215/748/639
f 1474/739/640 215/748/640 214/745/640
f 1483/749/641 1487/750/641 1486/751/641
f 1485/752/642 1487/750/642 1484/753/642
f 1487/750/643 1489/754/643 1486/751/643
f 1487/750/644 1491/755/644 1490/756/644
f 38/757/645 1483/749/645 507/758/645
f 321/759/646 1484/753/646 1483/749/646
f 319/760/647 1484/753/647 320/761/647
f 319/760/648 195/579/648 1485/752/648
f 1485/752/649 194/589/649 1488/762/649
f 1488/762/650 193/587/650 1491/755/650
f 1491/755/651 36/588/651 501/172/651
f 1491/755/652 500/173/652 1490/756/652
f 1490/756/653 499/171/653 1489/754/653
f 505/763/654 499/171/654 74/169/654
f 506/764/655 1489/754/655 505/763/655
f 507/758/656 1486/751/656 506/764/656
f 1492/765/657 1496/766/657 1495/767/657
f 1494/768/658 1496/766/658 1493/769/658
f 1496/766/659 1498/770/659 1495/767/659
f 1497/771/660 1499/772/660 1496/766/660
f 10/773/661 1492/765/661 255/710/661
f 200/774/662 1492/765/662 201/775/662
f 199/776/663 1493/769/663 200/774/663
f 199/776/664 507/758/664 1494/768/664
f 507/758/665 1497/771/665 1494/768/665
f 506/764/666 1500/777/666 1497/771/666
f 505/763/667 504/778/667 1500/777/667
f 1500/777/668 503/779/668 1499/772/668
f 1499/772/669 502/780/669 1498/770/669
f 1498/770/670 56/781/670 253/714/670
f 254/712/671 1498/770/671 253/714/671
f 1492/765/672 254/712/672 255/710/672
f 1501/782/673 1505/783/673 1504/784/673
f 1503/785/674 1505/783/674 1502/786/674
f 1504/784/675 1508/787/675 1507/788/675
f 1505/783/676 1509/789/676 1508/787/676
f 56/781/677 1501/782/677 375/198/677
f 503/779/678 1501/782/678 502/780/678
f 504/778/679 1502/786/679 503/779/679
f 504/778/680 510/170/680 1503/785/680
f 1503/785/681 509/184/681 1506/790/681
f 509/184/682 1509/789/682 1506/790/682
f 1509/789/683 54/182/683 369/791/683
f 1508/787/684 369/791/684 368/792/684
f 1508/787/685 367/793/685 1507/788/685
f 373/794/686 367/793/686 23/201/686
f 1504/784/687 373/794/687 374/200/687
f 375/198/688 1504/784/688 374/200/688
f 1511/795/689 1513/796/689 1510/797/689
f 1511/795/690 1515/798/690 1514/799/690
f 1514/799/691 1516/800/691 1513/796/691
f 1514/799/692 1518/801/692 1517/802/692
f 51/136/693 1510/797/693 519/803/693
f 238/134/694 1511/795/694 1510/797/694
f 239/133/695 1512/804/695 1511/795/695
f 22/131/696 1512/804/696 240/132/696
f 246/805/697 1515/798/697 1512/804/697
f 1515/798/698 244/806/698 1518/801/698
f 1518/801/699 53/151/699 513/152/699
f 1518/801/700 512/149/700 1517/802/700
f 1516/800/701 512/149/701 511/146/701
f 517/807/702 511/146/702 75/148/702
f 1513/796/703 517/807/703 518/808/703
f 1510/797/704 518/808/704 519/803/704
f 1520/809/705 1522/810/705 1519/811/705
f 1520/809/706 1524/812/706 1523/813/706
f 1523/813/707 1525/814/707 1522/810/707
f 1524/812/708 1526/815/708 1523/813/708
f 11/816/709 1519/811/709 286/817/709
f 358/818/710 1520/809/710 1519/811/710
f 359/819/711 1521/820/711 1520/809/711
f 51/136/712 1521/820/712 360/821/712
f 1521/820/713 518/808/713 1524/812/713
f 1524/812/714 517/807/714 1527/822/714
f 517/807/715 516/823/715 1527/822/715
f 1526/815/716 516/823/716 515/824/716
f 1525/814/717 515/824/717 514/825/717
f 1525/814/718 27/826/718 288/827/718
f 287/828/719 1525/814/719 288/827/719
f 286/817/720 1522/810/720 287/828/720
f 1529/829/721 1531/830/721 1528/831/721
f 1530/832/722 1532/833/722 1529/829/722
f 1531/830/723 1535/834/723 1534/835/723
f 1533/836/724 1535/834/724 1532/833/724
f 514/825/725 166/837/725 27/826/725
f 515/824/726 1528/831/726 514/825/726
f 516/823/727 1529/829/727 515/824/727
f 516/823/728 522/147/728 1530/832/728
f 1530/832/729 521/161/729 1533/836/729
f 521/161/730 1536/838/730 1533/836/730
f 1536/838/731 44/159/731 339/839/731
f 1536/838/732 338/840/732 1535/834/732
f 1535/834/733 337/841/733 1534/835/733
f 1534/835/734 2/842/734 168/843/734
f 167/844/735 1534/835/735 168/843/735
f 1528/831/736 167/844/736 166/837/736
f 1538/845/737 1540/846/737 1537/847/737
f 1538/845/738 1542/848/738 1541/849/738
f 1540/846/739 1544/850/739 1543/851/739
f 1541/849/740 1545/852/740 1544/850/740
f 226/228/741 531/853/741 47/229/741
f 226/228/742 1538/845/742 1537/847/742
f 227/227/743 1539/854/743 1538/845/743
f 19/225/744 1539/854/744 228/226/744
f 1539/854/745 242/855/745 1542/848/745
f 242/855/746 1545/852/746 1542/848/746
f 241/856/747 525/127/747 1545/852/747
f 1545/852/748 524/126/748 1544/850/748
f 1544/850/749 523/123/749 1543/851/749
f 1543/851/750 76/125/750 529/857/750
f 530/858/751 1543/851/751 529/857/751
f 531/853/752 1540/846/752 530/858/752
f 1546/859/753 1550/860/753 1549/861/753
f 1548/862/754 1550/860/754 1547/863/754
f 1550/860/755 1552/864/755 1549/861/755
f 1551/865/756 1553/866/756 1550/860/756
f 346/694/757 322/867/757 6/695/757
f 347/693/758 1546/859/758 346/694/758
f 347/693/759 1548/862/759 1547/863/759
f 348/692/760 531/853/760 1548/862/760
f 1548/862/761 530/858/761 1551/865/761
f 530/858/762 1554/868/762 1551/865/762
f 1554/868/763 76/125/763 528/869/763
f 1554/868/764 527/870/764 1553/866/764
f 1553/866/765 526/871/765 1552/864/765
f 1552/864/766 39/872/766 324/873/766
f 323/874/767 1552/864/767 324/873/767
f 322/867/768 1549/861/768 323/874/768
f 1556/875/769 1558/876/769 1555/877/769
f 1557/878/770 1559/879/770 1556/875/770
f 1559/879/771 1561/880/771 1558/876/771
f 1559/879/772 1563/881/772 1562/882/772
f 526/871/773 202/883/773 39/872/773
f 526/871/774 1556/875/774 1555/877/774
f 528/869/775 1556/875/775 527/870/775
f 528/869/776 534/124/776 1557/878/776
f 534/124/777 1560/884/777 1557/878/777
f 1560/884/778 532/135/778 1563/881/778
f 1563/881/779 51/136/779 360/821/779
f 1563/881/780 359/819/780 1562/882/780
f 1562/882/781 358/818/781 1561/880/781
f 1561/880/782 11/816/782 204/885/782
f 1558/876/783 204/885/783 203/886/783
f 202/883/784 1558/876/784 203/886/784
f 1565/887/785 1567/888/785 1564/889/785
f 1566/890/786 1568/891/786 1565/887/786
f 1568/891/787 1570/892/787 1567/888/787
f 1569/893/788 1571/894/788 1568/891/788
f 35/66/789 1564/889/789 543/895/789
f 190/65/790 1565/887/790 1564/889/790
f 192/63/791 1565/887/791 191/64/791
f 9/442/792 1566/890/792 192/63/792
f 1566/890/793 197/452/793 1569/893/793
f 1569/893/794 196/451/794 1572/896/794
f 196/451/795 537/105/795 1572/896/795
f 1572/896/796 536/102/796 1571/894/796
f 1570/892/797 536/102/797 535/101/797
f 1570/892/798 77/99/798 541/897/798
f 542/898/799 1570/892/799 541/897/799
f 1564/889/800 542/898/800 543/895/800
f 1573/899/801 1577/900/801 1576/901/801
f 1574/902/802 1578/903/802 1577/900/802
f 1576/901/803 1580/904/803 1579/905/803
f 1578/903/804 1580/904/804 1577/900/804
f 310/906/805 243/907/805 19/225/805
f 311/908/806 1573/899/806 310/906/806
f 311/908/807 1575/909/807 1574/902/807
f 35/66/808 1575/909/808 312/910/808
f 1575/909/809 542/898/809 1578/903/809
f 1578/903/810 541/897/810 1581/911/810
f 541/897/811 540/912/811 1581/911/811
f 1581/911/812 539/913/812 1580/904/812
f 1579/905/813 539/913/813 538/914/813
f 241/856/814 538/914/814 52/915/814
f 242/855/815 1579/905/815 241/856/815
f 243/907/816 1576/901/816 242/855/816
f 1583/916/817 1585/917/817 1582/918/817
f 1584/919/818 1586/920/818 1583/916/818
f 1585/917/819 1589/921/819 1588/922/819
f 1586/920/820 1590/923/820 1589/921/820
f 538/914/821 363/128/821 52/915/821
f 538/914/822 1583/916/822 1582/918/822
f 539/913/823 1584/919/823 1583/916/823
f 540/912/824 546/100/824 1584/919/824
f 1584/919/825 545/114/825 1587/924/825
f 545/114/826 1590/923/826 1587/924/826
f 1590/923/827 50/112/827 357/925/827
f 1589/921/828 357/925/828 356/926/828
f 1588/922/829 356/926/829 355/927/829
f 1588/922/830 22/131/830 361/130/830
f 1585/917/831 361/130/831 362/928/831
f 363/128/832 1585/917/832 362/928/832
f 1592/929/833 1594/930/833 1591/931/833
f 1592/929/834 1596/932/834 1595/933/834
f 1595/933/835 1597/934/835 1594/930/835
f 1595/933/836 1599/935/836 1598/936/836
f 50/112/837 1591/931/837 555/937/837
f 236/110/838 1591/931/838 235/111/838
f 237/109/839 1592/929/839 236/110/839
f 237/109/840 234/396/840 1593/938/840
f 1593/938/841 233/406/841 1596/932/841
f 233/406/842 1599/935/842 1596/932/842
f 1599/935/843 49/405/843 549/81/843
f 1598/936/844 549/81/844 548/80/844
f 1598/936/845 547/77/845 1597/934/845
f 1597/934/846 78/79/846 553/939/846
f 554/940/847 1597/934/847 553/939/847
f 555/937/848 1594/930/848 554/940/848
f 1600/941/849 1604/942/849 1603/943/849
f 1602/944/850 1604/942/850 1601/945/850
f 1604/942/851 1606/946/851 1603/943/851
f 1604/942/852 1608/947/852 1607/948/852
f 22/131/853 1600/941/853 246/805/853
f 356/926/854 1600/941/854 355/927/854
f 356/926/855 1602/944/855 1601/945/855
f 50/112/856 1602/944/856 357/925/856
f 555/937/857 1605/949/857 1602/944/857
f 554/940/858 1608/947/858 1605/949/858
f 1608/947/859 78/79/859 552/950/859
f 1607/948/860 552/950/860 551/951/860
f 1607/948/861 550/952/861 1606/946/861
f 244/806/862 550/952/862 53/151/862
f 1603/943/863 244/806/863 245/953/863
f 246/805/864 1603/943/864 245/953/864
f 1610/954/865 1612/955/865 1609/956/865
f 1611/957/866 1613/958/866 1610/954/866
f 1612/955/867 1616/959/867 1615/960/867
f 1613/958/868 1617/961/868 1616/959/868
f 550/952/869 366/962/869 53/151/869
f 550/952/870 1610/954/870 1609/956/870
f 552/950/871 1610/954/871 551/951/871
f 78/79/872 1611/957/872 552/950/872
f 1611/957/873 557/91/873 1614/963/873
f 557/91/874 1617/961/874 1614/963/874
f 1617/961/875 32/89/875 303/964/875
f 1617/961/876 302/965/876 1616/959/876
f 1615/960/877 302/965/877 301/966/877
f 1615/960/878 16/155/878 364/154/878
f 1612/955/879 364/154/879 365/153/879
f 366/962/880 1612/955/880 365/153/880
f 1619/967/881 1621/968/881 1618/969/881
f 1620/970/882 1622/971/882 1619/967/882
f 1621/968/883 1625/972/883 1624/973/883
f 1623/974/884 1625/972/884 1622/971/884
f 54/182/885 1618/969/885 567/975/885
f 248/180/886 1618/969/886 247/181/886
f 248/180/887 1620/970/887 1619/967/887
f 20/178/888 1620/970/888 249/179/888
f 1620/970/889 230/539/889 1623/974/889
f 230/539/890 1626/976/890 1623/974/890
f 1626/976/891 48/537/891 561/58/891
f 1625/972/892 561/58/892 560/59/892
f 1625/972/893 559/57/893 1624/973/893
f 1624/973/894 79/55/894 565/977/894
f 1621/968/895 565/977/895 566/978/895
f 567/975/896 1621/968/896 566/978/896
f 1627/979/897 1631/980/897 1630/981/897
f 1629/982/898 1631/980/898 1628/983/898
f 1631/980/899 1633/984/899 1630/981/899
f 1631/980/900 1635/985/900 1634/986/900
f 367/793/901 258/657/901 23/201/901
f 368/792/902 1627/979/902 367/793/902
f 369/791/903 1628/983/903 368/792/903
f 54/182/904 1629/982/904 369/791/904
f 567/975/905 1632/987/905 1629/982/905
f 1632/987/906 565/977/906 1635/985/906
f 565/977/907 564/988/907 1635/985/907
f 1635/985/908 563/989/908 1634/986/908
f 1634/986/909 562/990/909 1633/984/909
f 1633/984/910 57/221/910 256/991/910
f 1630/981/911 256/991/911 257/658/911
f 258/657/912 1630/981/912 257/658/912
f 1637/992/913 1639/993/913 1636/994/913
f 1638/995/914 1640/996/914 1637/992/914
f 1639/993/915 1643/997/915 1642/998/915
f 1640/996/916 1644/999/916 1643/997/916
f 562/990/917 378/1000/917 57/221/917
f 562/990/918 1637/992/918 1636/994/918
f 563/989/919 1638/995/919 1637/992/919
f 79/55/920 1638/995/920 564/988/920
f 1638/995/921 569/68/921 1641/1001/921
f 569/68/922 1644/999/922 1641/1001/922
f 1644/999/923 35/66/923 312/910/923
f 1644/999/924 311/908/924 1643/997/924
f 1643/997/925 310/906/925 1642/998/925
f 376/224/926 310/906/926 19/225/926
f 1639/993/927 376/224/927 377/223/927
f 378/1000/928 1639/993/928 377/223/928
f 1645/1002/929 1649/1003/929 1648/1004/929
f 1647/1005/930 1649/1003/930 1646/1006/930
f 1648/1004/931 1652/1007/931 1651/1008/931
f 1650/1009/932 1652/1007/932 1649/1003/932
f 259/251/933 579/1010/933 58/252/933
f 260/250/934 1645/1002/934 259/251/934
f 260/250/935 1647/1005/935 1646/1006/935
f 13/248/936 1647/1005/936 261/249/936
f 210/1011/937 1650/1009/937 1647/1005/937
f 1650/1009/938 208/1012/938 1653/1013/938
f 208/1012/939 573/35/939 1653/1013/939
f 1652/1007/940 573/35/940 572/36/940
f 1651/1008/941 572/36/941 571/34/941
f 1651/1008/942 80/32/942 577/1014/942
f 578/1015/943 1651/1008/943 577/1014/943
f 579/1010/944 1648/1004/944 578/1015/944
f 1654/1016/945 1658/1017/945 1657/1018/945
f 1656/1019/946 1658/1017/946 1655/1020/946
f 1658/1017/947 1660/1021/947 1657/1018/947
f 1658/1017/948 1662/1022/948 1661/1023/948
f 24/271/949 1654/1016/949 270/515/949
f 380/645/950 1654/1016/950 379/646/950
f 381/644/951 1655/1020/951 380/645/951
f 381/644/952 579/1010/952 1656/1019/952
f 579/1010/953 1659/1024/953 1656/1019/953
f 1659/1024/954 577/1014/954 1662/1022/954
f 577/1014/955 576/1025/955 1662/1022/955
f 1661/1023/956 576/1025/956 575/1026/956
f 1661/1023/957 574/1027/957 1660/1021/957
f 268/518/958 574/1027/958 61/291/958
f 1657/1018/959 268/518/959 269/517/959
f 1654/1016/960 269/517/960 270/515/960
f 1664/1028/961 1666/1029/961 1663/1030/961
f 1664/1028/962 1668/1031/962 1667/1032/962
f 1666/1029/963 1670/1033/963 1669/1034/963
f 1668/1031/964 1670/1033/964 1667/1032/964
f 574/1027/965 390/292/965 61/291/965
f 574/1027/966 1664/1028/966 1663/1030/966
f 576/1025/967 1664/1028/967 575/1026/967
f 576/1025/968 582/33/968 1665/1035/968
f 1665/1035/969 581/46/969 1668/1031/969
f 581/46/970 1671/1036/970 1668/1031/970
f 1671/1036/971 34/44/971 309/488/971
f 1670/1033/972 309/488/972 308/487/972
f 1670/1033/973 307/485/973 1669/1034/973
f 388/294/974 307/485/974 18/295/974
f 389/1037/975 1669/1034/975 388/294/975
f 390/292/976 1666/1029/976 389/1037/976
f 1672/1038/977 1676/1039/977 1675/1040/977
f 1674/1041/978 1676/1039/978 1673/1042/978
f 1675/1040/979 1679/1043/979 1678/1044/979
f 1677/1045/980 1679/1043/980 1676/1039/980
f 271/321/981 591/1046/981 62/323/981
f 272/320/982 1672/1038/982 271/321/982
f 272/320/983 1674/1041/983 1673/1042/983
f 17/318/984 1674/1041/984 273/319/984
f 1674/1041/985 221/1047/985 1677/1045/985
f 221/1047/986 1680/1048/986 1677/1045/986
f 220/1049/987 585/12/987 1680/1048/987
f 1679/1043/988 585/12/988 584/13/988
f 1678/1044/989 584/13/989 583/11/989
f 589/1050/990 583/11/990 81/9/990
f 590/1051/991 1678/1044/991 589/1050/991
f 591/1046/992 1675/1040/992 590/1051/992
f 1681/1052/993 1685/1053/993 1684/1054/993
f 1682/1055/994 1686/1056/994 1685/1053/994
f 1685/1053/995 1687/1057/995 1684/1054/995
f 1685/1053/996 1689/1058/996 1688/1059/996
f 391/504/997 282/380/997 25/342/997
f 392/503/998 1681/1052/998 391/504/998
f 393/502/999 1682/1055/999 392/503/999
f 393/502/1000 591/1046/1000 1683/1060/1000
f 591/1046/1001 1686/1056/1001 1683/1060/1001
f 590/1051/1002 1689/1058/1002 1686/1056/1002
f 589/1050/1003 588/1061/1003 1689/1058/1003
f 1688/1059/1004 588/1061/1004 587/1062/1004
f 1687/1057/1005 587/1062/1005 586/1063/1005
f 280/383/1006 586/1063/1006 65/362/1006
f 281/382/1007 1687/1057/1007 280/383/1007
f 1681/1052/1008 281/382/1008 282/380/1008
f 1691/1064/1009 1693/1065/1009 1690/1066/1009
f 1691/1064/1010 1695/1067/1010 1694/1068/1010
f 1694/1068/1011 1696/1069/1011 1693/1065/1011
f 1695/1067/1012 1697/1070/1012 1694/1068/1012
f 586/1063/1013 402/364/1013 65/362/1013
f 586/1063/1014 1691/1064/1014 1690/1066/1014
f 587/1062/1015 1692/1071/1015 1691/1064/1015
f 81/9/1016 1692/1071/1016 588/1061/1016
f 1692/1071/1017 593/23/1017 1695/1067/1017
f 593/23/1018 1698/1072/1018 1695/1067/1018
f 1698/1072/1019 28/21/1019 291/1073/1019
f 1697/1070/1020 291/1073/1020 290/1074/1020
f 1697/1070/1021 289/1075/1021 1696/1069/1021
f 400/365/1022 289/1075/1022 12/1076/1022
f 401/1077/1023 1696/1069/1023 400/365/1023
f 402/364/1024 1693/1065/1024 401/1077/1024
f 1700/3/1025 1702/1078/1025 1699/1/1025
f 1701/1079/1026 1703/2/1026 1700/3/1026
f 1703/2/1027 1705/1080/1027 1702/1078/1027
f 1703/2/1028 1707/7/1028 1706/16/1028
f 162/9/1029 1699/1/1029 1015/1081/1029
f 1025/23/1030 1699/1/1030 1026/1082/1030
f 1024/22/1031 1700/3/1031 1025/23/1031
f 86/21/1032 1701/1079/1032 1024/22/1032
f 601/20/1033 1704/8/1033 1701/1079/1033
f 1704/8/1034 603/18/1034 1707/7/1034
f 603/18/1035 772/17/1035 1707/7/1035
f 1707/7/1036 773/15/1036 1706/16/1036
f 1705/1080/1037 773/15/1037 774/1083/1037
f 1705/1080/1038 117/14/1038 1017/12/1038
f 1702/1078/1039 1017/12/1039 1016/13/1039
f 1015/1081/1040 1702/1078/1040 1016/13/1040
f 1709/1084/1041 1711/1085/1041 1708/26/1041
f 1710/1086/1042 1712/28/1042 1709/1084/1042
f 1712/28/1043 1714/1087/1043 1711/1085/1043
f 1712/28/1044 1716/30/1044 1715/39/1044
f 161/32/1045 1708/26/1045 1003/1088/1045
f 1013/46/1046 1708/26/1046 1014/1089/1046
f 1012/45/1047 1709/1084/1047 1013/46/1047
f 98/44/1048 1710/1086/1048 1012/45/1048
f 1710/1086/1049 620/42/1049 1713/31/1049
f 1713/31/1050 621/41/1050 1716/30/1050
f 621/41/1051 760/40/1051 1716/30/1051
f 1716/30/1052 761/38/1052 1715/39/1052
f 1714/1087/1053 761/38/1053 762/37/1053
f 1005/35/1054 762/37/1054 109/1090/1054
f 1711/1085/1055 1005/35/1055 1004/36/1055
f 1003/1088/1056 1711/1085/1056 1004/36/1056
f 1717/47/1057 1721/48/1057 1720/1091/1057
f 1719/1092/1058 1721/48/1058 1718/1093/1058
f 1721/48/1059 1723/1094/1059 1720/1091/1059
f 1722/54/1060 1724/1095/1060 1721/48/1060
f 160/55/1061 1717/47/1061 991/1096/1061
f 1001/68/1062 1717/47/1062 1002/1097/1062
f 1000/67/1063 1718/1093/1063 1001/68/1063
f 99/66/1064 1719/1092/1064 1000/67/1064
f 1719/1092/1065 623/64/1065 1722/54/1065
f 1722/54/1066 624/63/1066 1725/62/1066
f 624/63/1067 781/61/1067 1725/62/1067
f 1724/1095/1068 781/61/1068 782/549/1068
f 1724/1095/1069 783/60/1069 1723/1094/1069
f 993/58/1070 783/60/1070 123/537/1070
f 1720/1091/1071 993/58/1071 992/59/1071
f 991/1096/1072 1720/1091/1072 992/59/1072
f 1726/69/1073 1730/70/1073 1729/1098/1073
f 1728/1099/1074 1730/70/1074 1727/1100/1074
f 1730/70/1075 1732/1101/1075 1729/1098/1075
f 1731/76/1076 1733/1102/1076 1730/70/1076
f 990/1103/1077 979/1104/1077 159/79/1077
f 989/91/1078 1726/69/1078 990/1103/1078
f 989/91/1079 1728/1099/1079 1727/1100/1079
f 94/89/1080 1728/1099/1080 988/90/1080
f 613/88/1081 1731/76/1081 1728/1099/1081
f 1731/76/1082 615/86/1082 1734/84/1082
f 615/86/1083 784/85/1083 1734/84/1083
f 1734/84/1084 785/83/1084 1733/1102/1084
f 1733/1102/1085 786/82/1085 1732/1101/1085
f 981/81/1086 786/82/1086 125/405/1086
f 980/80/1087 1732/1101/1087 981/81/1087
f 1726/69/1088 980/80/1088 979/1104/1088
f 1736/1105/1089 1738/1106/1089 1735/94/1089
f 1736/1105/1090 1740/97/1090 1739/96/1090
f 1738/1106/1091 1742/1107/1091 1741/1108/1091
f 1740/97/1092 1742/1107/1092 1739/96/1092
f 158/99/1093 1735/94/1093 967/1109/1093
f 977/114/1094 1735/94/1094 978/1110/1094
f 977/114/1095 1737/1111/1095 1736/1105/1095
f 127/112/1096 1737/1111/1096 976/113/1096
f 667/111/1097 1740/97/1097 1737/1111/1097
f 1740/97/1098 669/109/1098 1743/107/1098
f 669/109/1099 748/108/1099 1743/107/1099
f 1743/107/1100 749/106/1100 1742/1107/1100
f 1741/1108/1101 749/106/1101 750/461/1101
f 1741/1108/1102 102/104/1102 969/105/1102
f 968/102/1103 1741/1108/1103 969/105/1103
f 967/1109/1104 1738/1106/1104 968/102/1104
f 1744/115/1105 1748/116/1105 1747/1112/1105
f 1745/117/1106 1749/1113/1106 1748/116/1106
f 1748/116/1107 1750/118/1107 1747/1112/1107
f 1748/116/1108 1752/122/1108 1751/129/1108
f 966/1114/1109 955/1115/1109 157/125/1109
f 966/1114/1110 1745/117/1110 1744/115/1110
f 964/135/1111 1745/117/1111 965/137/1111
f 964/135/1112 670/134/1112 1746/1116/1112
f 670/134/1113 1749/1113/1113 1746/1116/1113
f 671/133/1114 1752/122/1114 1749/1113/1114
f 1752/122/1115 129/131/1115 793/130/1115
f 1751/129/1116 793/130/1116 794/928/1116
f 1751/129/1117 795/128/1117 1750/118/1117
f 957/127/1118 795/128/1118 130/915/1118
f 956/126/1119 1750/118/1119 957/127/1119
f 955/1115/1120 1747/1112/1120 956/126/1120
f 1754/139/1121 1756/1117/1121 1753/140/1121
f 1755/143/1122 1757/142/1122 1754/139/1122
f 1756/1117/1123 1760/141/1123 1759/150/1123
f 1757/142/1124 1761/144/1124 1760/141/1124
f 954/1118/1125 943/1119/1125 156/148/1125
f 953/161/1126 1753/140/1126 954/1118/1126
f 952/160/1127 1754/139/1127 953/161/1127
f 115/159/1128 1755/143/1128 952/160/1128
f 649/158/1129 1758/1120/1129 1755/143/1129
f 1758/1120/1130 651/156/1130 1761/144/1130
f 1761/144/1131 116/155/1131 796/154/1131
f 1760/141/1132 796/154/1132 797/153/1132
f 1759/150/1133 797/153/1133 798/962/1133
f 1759/150/1134 131/151/1134 945/152/1134
f 944/149/1135 1759/150/1135 945/152/1135
f 1753/140/1136 944/149/1136 943/1119/1136
f 1763/1121/1137 1765/1122/1137 1762/1123/1137
f 1763/1121/1138 1767/167/1138 1766/166/1138
f 1765/1122/1139 1769/1124/1139 1768/1125/1139
f 1767/167/1140 1769/1124/1140 1766/166/1140
f 155/169/1141 1762/1123/1141 931/1126/1141
f 941/184/1142 1762/1123/1142 942/1127/1142
f 941/184/1143 1764/1128/1143 1763/1121/1143
f 132/182/1144 1764/1128/1144 940/183/1144
f 679/181/1145 1767/167/1145 1764/1128/1145
f 1767/167/1146 681/179/1146 1770/177/1146
f 1770/177/1147 124/178/1147 745/599/1147
f 1770/177/1148 746/176/1148 1769/1124/1148
f 1768/1125/1149 746/176/1149 747/174/1149
f 933/172/1150 747/174/1150 101/588/1150
f 1765/1122/1151 933/172/1151 932/173/1151
f 931/1126/1152 1765/1122/1152 932/173/1152
f 1772/1129/1153 1774/1130/1153 1771/1131/1153
f 1773/1132/1154 1775/189/1154 1772/1129/1154
f 1775/189/1155 1777/188/1155 1774/1130/1155
f 1775/189/1156 1779/191/1156 1778/199/1156
f 154/193/1157 1771/1131/1157 919/1133/1157
f 930/1134/1158 1772/1129/1158 1771/1131/1158
f 928/205/1159 1772/1129/1159 929/207/1159
f 928/205/1160 682/204/1160 1773/1132/1160
f 1773/1132/1161 683/203/1161 1776/1135/1161
f 683/203/1162 1779/191/1162 1776/1135/1162
f 1779/191/1163 134/201/1163 805/794/1163
f 1779/191/1164 806/200/1164 1778/199/1164
f 1778/199/1165 807/198/1165 1777/188/1165
f 921/197/1166 807/198/1166 135/781/1166
f 1774/1130/1167 921/197/1167 920/195/1167
f 1771/1131/1168 920/195/1168 919/1133/1168
f 1781/1136/1169 1783/1137/1169 1780/210/1169
f 1781/1136/1170 1785/1138/1170 1784/212/1170
f 1783/1137/1171 1787/211/1171 1786/1139/1171
f 1784/212/1172 1788/215/1172 1787/211/1172
f 918/1140/1173 907/1141/1173 153/218/1173
f 917/231/1174 1780/210/1174 918/1140/1174
f 916/230/1175 1781/1136/1175 917/231/1175
f 121/229/1176 1782/1142/1176 916/230/1176
f 658/228/1177 1785/1138/1177 1782/1142/1177
f 1785/1138/1178 660/226/1178 1788/215/1178
f 1788/215/1179 122/225/1179 808/224/1179
f 1787/211/1180 808/224/1180 809/223/1180
f 1786/1139/1181 809/223/1181 810/1000/1181
f 1786/1139/1182 136/221/1182 909/222/1182
f 908/219/1183 1786/1139/1183 909/222/1183
f 1780/210/1184 908/219/1184 907/1141/1184
f 1790/1143/1185 1792/1144/1185 1789/1145/1185
f 1791/1146/1186 1793/236/1186 1790/1143/1186
f 1793/236/1187 1795/1147/1187 1792/1144/1187
f 1793/236/1188 1797/238/1188 1796/247/1188
f 906/1148/1189 895/1149/1189 152/242/1189
f 905/254/1190 1789/1145/1190 906/1148/1190
f 905/254/1191 1791/1146/1191 1790/1143/1191
f 137/252/1192 1791/1146/1192 904/253/1192
f 1791/1146/1193 692/250/1193 1794/239/1193
f 692/250/1194 1797/238/1194 1794/239/1194
f 1797/238/1195 110/248/1195 724/1150/1195
f 1797/238/1196 725/246/1196 1796/247/1196
f 1795/1147/1197 725/246/1197 726/1151/1197
f 1795/1147/1198 88/245/1198 897/243/1198
f 1792/1144/1199 897/243/1199 896/244/1199
f 895/1149/1200 1792/1144/1200 896/244/1200
f 1798/1152/1201 1802/256/1201 1801/1153/1201
f 1800/1154/1202 1802/256/1202 1799/1155/1202
f 1802/256/1203 1804/258/1203 1801/1153/1203
f 1802/256/1204 1806/261/1204 1805/269/1204
f 151/263/1205 1798/1152/1205 883/1156/1205
f 893/277/1206 1798/1152/1206 894/1157/1206
f 892/275/1207 1799/1155/1207 893/277/1207
f 892/275/1208 694/274/1208 1800/1154/1208
f 1800/1154/1209 695/273/1209 1803/1158/1209
f 695/273/1210 1806/261/1210 1803/1158/1210
f 1806/261/1211 139/271/1211 817/270/1211
f 1805/269/1212 817/270/1212 818/647/1212
f 1805/269/1213 819/268/1213 1804/258/1213
f 885/267/1214 819/268/1214 140/567/1214
f 884/266/1215 1804/258/1215 885/267/1215
f 883/1156/1216 1801/1153/1216 884/266/1216
f 1807/278/1217 1811/279/1217 1810/1159/1217
f 1809/1160/1218 1811/279/1218 1808/1161/1218
f 1811/279/1219 1813/1162/1219 1810/1159/1219
f 1811/279/1220 1815/284/1220 1814/293/1220
f 882/1163/1221 871/1164/1221 150/288/1221
f 881/301/1222 1807/278/1222 882/1163/1222
f 881/301/1223 1809/1160/1223 1808/1161/1223
f 119/299/1224 1809/1160/1224 880/300/1224
f 1809/1160/1225 656/297/1225 1812/1165/1225
f 656/297/1226 1815/284/1226 1812/1165/1226
f 1815/284/1227 120/295/1227 820/294/1227
f 1814/293/1228 820/294/1228 821/1037/1228
f 1814/293/1229 822/292/1229 1813/1162/1229
f 1813/1162/1230 141/291/1230 873/290/1230
f 1810/1159/1231 873/290/1231 872/289/1231
f 1807/278/1232 872/289/1232 871/1164/1232
f 1817/303/1233 1819/1166/1233 1816/304/1233
f 1818/1167/1234 1820/306/1234 1817/303/1234
f 1820/306/1235 1822/1168/1235 1819/1166/1235
f 1821/309/1236 1823/308/1236 1820/306/1236
f 870/1169/1237 859/1170/1237 149/312/1237
f 869/324/1238 1816/304/1238 870/1169/1238
f 869/324/1239 1818/1167/1239 1817/303/1239
f 868/322/1240 703/321/1240 1818/1167/1240
f 1818/1167/1241 704/320/1241 1821/309/1241
f 704/320/1242 1824/317/1242 1821/309/1242
f 1824/317/1243 118/318/1243 736/1171/1243
f 1824/317/1244 737/316/1244 1823/308/1244
f 1822/1168/1245 737/316/1245 738/315/1245
f 861/314/1246 738/315/1246 96/1172/1246
f 860/313/1247 1822/1168/1247 861/314/1247
f 859/1170/1248 1819/1166/1248 860/313/1248
f 1826/1173/1249 1828/1174/1249 1825/327/1249
f 1827/1175/1250 1829/329/1250 1826/1173/1250
f 1829/329/1251 1831/328/1251 1828/1174/1251
f 1829/329/1252 1833/331/1252 1832/340/1252
f 858/1176/1253 847/1177/1253 148/335/1253
f 857/348/1254 1825/327/1254 858/1176/1254
f 857/348/1255 1827/1175/1255 1826/1173/1255
f 856/346/1256 706/345/1256 1827/1175/1256
f 1827/1175/1257 707/344/1257 1830/1178/1257
f 707/344/1258 1833/331/1258 1830/1178/1258
f 1833/331/1259 144/342/1259 829/341/1259
f 1832/340/1260 829/341/1260 830/505/1260
f 1832/340/1261 831/339/1261 1831/328/1261
f 1831/328/1262 145/338/1262 849/336/1262
f 1828/1174/1263 849/336/1263 848/337/1263
f 847/1177/1264 1828/1174/1264 848/337/1264
f 1834/349/1265 1838/350/1265 1837/1179/1265
f 1835/1180/1266 1839/1181/1266 1838/350/1266
f 1837/1179/1267 1841/353/1267 1840/361/1267
f 1838/350/1268 1842/356/1268 1841/353/1268
f 846/1182/1269 835/1183/1269 147/359/1269
f 845/371/1270 1834/349/1270 846/1182/1270
f 845/371/1271 1836/355/1271 1835/1180/1271
f 107/369/1272 1836/355/1272 844/370/1272
f 637/368/1273 1839/1181/1273 1836/355/1273
f 1839/1181/1274 639/366/1274 1842/356/1274
f 639/366/1275 832/365/1275 1842/356/1275
f 1841/353/1276 832/365/1276 833/1077/1276
f 1841/353/1277 834/364/1277 1840/361/1277
f 1840/361/1278 146/362/1278 837/363/1278
f 836/360/1279 1840/361/1279 837/363/1279
f 1834/349/1280 836/360/1280 835/1183/1280
f 1843/1184/1281 1847/373/1281 1846/1185/1281
f 1845/1186/1282 1847/373/1282 1844/1187/1282
f 1846/1185/1283 1850/376/1283 1849/1188/1283
f 1848/1189/1284 1850/376/1284 1847/373/1284
f 843/1190/1285 706/345/1285 143/347/1285
f 842/386/1286 1843/1184/1286 843/1190/1286
f 841/385/1287 1844/1187/1287 842/386/1287
f 841/385/1288 835/1183/1288 1845/1186/1288
f 835/1183/1289 1848/1189/1289 1845/1186/1289
f 1848/1189/1290 837/363/1290 1851/384/1290
f 837/363/1291 712/383/1291 1851/384/1291
f 1850/376/1292 712/383/1292 713/382/1292
f 1849/1188/1293 713/382/1293 714/380/1293
f 708/343/1294 714/380/1294 144/342/1294
f 1846/1185/1295 708/343/1295 707/344/1295
f 706/345/1296 1846/1185/1296 707/344/1296
f 1853/388/1297 1855/1191/1297 1852/1192/1297
f 1854/1193/1298 1856/391/1298 1853/388/1298
f 1856/391/1299 1858/1194/1299 1855/1191/1299
f 1856/391/1300 1860/400/1300 1859/393/1300
f 666/1195/1301 826/1196/1301 126/397/1301
f 666/1195/1302 1853/388/1302 1852/1192/1302
f 665/406/1303 1854/1193/1303 1853/388/1303
f 664/404/1304 838/403/1304 1854/1193/1304
f 1854/1193/1305 839/402/1305 1857/394/1305
f 839/402/1306 1860/400/1306 1857/394/1306
f 840/401/1307 841/385/1307 1860/400/1307
f 1860/400/1308 842/386/1308 1859/393/1308
f 1858/1194/1309 842/386/1309 843/1190/1309
f 828/399/1310 843/1190/1310 143/347/1310
f 827/398/1311 1858/1194/1311 828/399/1311
f 826/1196/1312 1855/1191/1312 827/398/1312
f 1861/407/1313 1865/408/1313 1864/1197/1313
f 1863/412/1314 1865/408/1314 1862/409/1314
f 1865/408/1315 1867/410/1315 1864/1197/1315
f 1866/414/1316 1868/413/1316 1865/408/1316
f 125/405/1317 1861/407/1317 838/403/1317
f 786/82/1318 1862/409/1318 1861/407/1318
f 784/85/1319 1862/409/1319 785/83/1319
f 784/85/1320 757/418/1320 1863/412/1320
f 757/418/1321 1866/414/1321 1863/412/1321
f 758/417/1322 1869/415/1322 1866/414/1322
f 1869/415/1323 107/369/1323 844/370/1323
f 1869/415/1324 845/371/1324 1868/413/1324
f 1868/413/1325 846/1182/1325 1867/410/1325
f 840/401/1326 846/1182/1326 147/359/1326
f 1864/1197/1327 840/401/1327 839/402/1327
f 1861/407/1328 839/402/1328 838/403/1328
f 1871/1198/1329 1873/1199/1329 1870/422/1329
f 1872/425/1330 1874/424/1330 1871/1198/1330
f 1873/1199/1331 1877/423/1331 1876/1200/1331
f 1874/424/1332 1878/426/1332 1877/423/1332
f 855/1201/1333 655/298/1333 119/299/1333
f 855/1201/1334 1871/1198/1334 1870/422/1334
f 854/433/1335 1872/425/1335 1871/1198/1335
f 148/335/1336 1872/425/1336 853/432/1336
f 847/1177/1337 1875/1202/1337 1872/425/1337
f 1875/1202/1338 849/336/1338 1878/426/1338
f 849/336/1339 709/431/1339 1878/426/1339
f 1877/423/1340 709/431/1340 710/430/1340
f 1876/1200/1341 710/430/1341 711/486/1341
f 1876/1200/1342 120/295/1342 657/296/1342
f 656/297/1343 1876/1200/1343 657/296/1343
f 1870/422/1344 656/297/1344 655/298/1344
f 1879/434/1345 1883/435/1345 1882/1203/1345
f 1880/436/1346 1884/439/1346 1883/435/1346
f 1883/435/1347 1885/1204/1347 1882/1203/1347
f 1883/435/1348 1887/441/1348 1886/447/1348
f 100/442/1349 1879/434/1349 775/1205/1349
f 630/1206/1350 1880/436/1350 1879/434/1350
f 628/451/1351 1880/436/1351 629/452/1351
f 628/451/1352 850/450/1352 1881/440/1352
f 850/450/1353 1884/439/1353 1881/440/1353
f 851/449/1354 1887/441/1354 1884/439/1354
f 1887/441/1355 148/335/1355 853/432/1355
f 1887/441/1356 854/433/1356 1886/447/1356
f 1886/447/1357 855/1201/1357 1885/1204/1357
f 1885/1204/1358 119/299/1358 777/446/1358
f 776/444/1359 1885/1204/1359 777/446/1359
f 1879/434/1360 776/444/1360 775/1205/1360
f 1888/453/1361 1892/454/1361 1891/1207/1361
f 1890/1208/1362 1892/454/1362 1889/455/1362
f 1892/454/1363 1894/456/1363 1891/1207/1363
f 1893/460/1364 1895/459/1364 1892/454/1364
f 102/104/1365 1888/453/1365 850/450/1365
f 749/106/1366 1888/453/1366 750/461/1366
f 749/106/1367 1890/1208/1367 1889/455/1367
f 748/108/1368 826/1196/1368 1890/1208/1368
f 1890/1208/1369 827/398/1369 1893/460/1369
f 827/398/1370 1896/462/1370 1893/460/1370
f 828/399/1371 856/346/1371 1896/462/1371
f 1895/459/1372 856/346/1372 857/348/1372
f 1895/459/1373 858/1176/1373 1894/456/1373
f 1894/456/1374 148/335/1374 852/448/1374
f 851/449/1375 1894/456/1375 852/448/1375
f 850/450/1376 1891/1207/1376 851/449/1376
f 1897/463/1377 1901/464/1377 1900/1209/1377
f 1899/1210/1378 1901/464/1378 1898/465/1378
f 1900/1209/1379 1904/467/1379 1903/1211/1379
f 1901/464/1380 1905/469/1380 1904/467/1380
f 867/1212/1381 619/43/1381 98/44/1381
f 866/476/1382 1897/463/1382 867/1212/1382
f 866/476/1383 1899/1210/1383 1898/465/1383
f 865/475/1384 859/1170/1384 1899/1210/1384
f 1899/1210/1385 860/313/1385 1902/470/1385
f 860/313/1386 1905/469/1386 1902/470/1386
f 861/314/1387 616/474/1387 1905/469/1387
f 1904/467/1388 616/474/1388 617/1213/1388
f 1904/467/1389 618/472/1389 1903/1211/1389
f 621/41/1390 618/472/1390 97/1214/1390
f 1900/1209/1391 621/41/1391 620/42/1391
f 619/43/1392 1900/1209/1392 620/42/1392
f 1907/478/1393 1909/1215/1393 1906/1216/1393
f 1907/478/1394 1911/482/1394 1910/1217/1394
f 1910/1217/1395 1912/1218/1395 1909/1215/1395
f 1911/482/1396 1913/484/1396 1910/1217/1396
f 711/486/1397 739/1219/1397 120/295/1397
f 710/430/1398 1906/1216/1398 711/486/1398
f 709/431/1399 1907/478/1399 710/430/1399
f 709/431/1400 862/492/1400 1908/483/1400
f 1908/483/1401 863/491/1401 1911/482/1401
f 863/491/1402 1914/489/1402 1911/482/1402
f 864/490/1403 865/475/1403 1914/489/1403
f 1914/489/1404 866/476/1404 1913/484/1404
f 1913/484/1405 867/1212/1405 1912/1218/1405
f 741/488/1406 867/1212/1406 98/44/1406
f 740/487/1407 1912/1218/1407 741/488/1407
f 1906/1216/1408 740/487/1408 739/1219/1408
f 1916/494/1409 1918/1220/1409 1915/1221/1409
f 1916/494/1410 1920/498/1410 1919/1222/1410
f 1919/1222/1411 1921/1223/1411 1918/1220/1411
f 1919/1222/1412 1923/500/1412 1922/501/1412
f 145/338/1413 1915/1221/1413 862/492/1413
f 830/505/1414 1915/1221/1414 831/339/1414
f 829/341/1415 1916/494/1415 830/505/1415
f 829/341/1416 823/504/1416 1917/1224/1416
f 823/504/1417 1920/498/1417 1917/1224/1417
f 824/503/1418 1923/500/1418 1920/498/1418
f 1923/500/1419 142/323/1419 868/322/1419
f 1923/500/1420 869/324/1420 1922/501/1420
f 1921/1223/1421 869/324/1421 870/1169/1421
f 864/490/1422 870/1169/1422 149/312/1422
f 863/491/1423 1921/1223/1423 864/490/1423
f 862/492/1424 1918/1220/1424 863/491/1424
f 1925/1225/1425 1927/1226/1425 1924/1227/1425
f 1926/511/1426 1928/510/1426 1925/1225/1426
f 1927/1226/1427 1931/509/1427 1930/516/1427
f 1928/510/1428 1932/512/1428 1931/509/1428
f 879/1228/1429 694/274/1429 138/276/1429
f 878/520/1430 1924/1227/1430 879/1228/1430
f 878/520/1431 1926/511/1431 1925/1225/1431
f 877/519/1432 871/1164/1432 1926/511/1432
f 1926/511/1433 872/289/1433 1929/1229/1433
f 872/289/1434 1932/512/1434 1929/1229/1434
f 873/290/1435 700/518/1435 1932/512/1435
f 1931/509/1436 700/518/1436 701/517/1436
f 1930/516/1437 701/517/1437 702/515/1437
f 696/272/1438 702/515/1438 139/271/1438
f 1927/1226/1439 696/272/1439 695/273/1439
f 694/274/1440 1927/1226/1440 695/273/1440
f 1934/522/1441 1936/1230/1441 1933/1231/1441
f 1935/526/1442 1937/525/1442 1934/522/1442
f 1937/525/1443 1939/524/1443 1936/1230/1443
f 1938/528/1444 1940/527/1444 1937/525/1444
f 663/1232/1445 814/1233/1445 124/178/1445
f 663/1232/1446 1934/522/1446 1933/1231/1446
f 661/538/1447 1934/522/1447 662/539/1447
f 123/537/1448 1935/526/1448 661/538/1448
f 1935/526/1449 875/535/1449 1938/528/1449
f 1938/528/1450 876/534/1450 1941/533/1450
f 876/534/1451 877/519/1451 1941/533/1451
f 1940/527/1452 877/519/1452 878/520/1452
f 1939/524/1453 878/520/1453 879/1228/1453
f 816/532/1454 879/1228/1454 138/276/1454
f 815/531/1455 1939/524/1455 816/532/1455
f 814/1233/1456 1936/1230/1456 815/531/1456
f 1943/1234/1457 1945/1235/1457 1942/542/1457
f 1944/1236/1458 1946/544/1458 1943/1234/1458
f 1946/544/1459 1948/1237/1459 1945/1235/1459
f 1946/544/1460 1950/546/1460 1949/548/1460
f 123/537/1461 1942/542/1461 874/536/1461
f 783/60/1462 1943/1234/1462 1942/542/1462
f 781/61/1463 1943/1234/1463 782/549/1463
f 100/442/1464 1944/1236/1464 781/61/1464
f 775/1205/1465 1947/547/1465 1944/1236/1465
f 776/444/1466 1950/546/1466 1947/547/1466
f 1950/546/1467 119/299/1467 880/300/1467
f 1949/548/1468 880/300/1468 881/301/1468
f 1948/1237/1469 881/301/1469 882/1163/1469
f 876/534/1470 882/1163/1470 150/288/1470
f 875/535/1471 1948/1237/1471 876/534/1471
f 1942/542/1472 875/535/1472 874/536/1472
f 1951/1238/1473 1955/551/1473 1954/553/1473
f 1952/1239/1474 1956/1240/1474 1955/551/1474
f 1954/553/1475 1958/1241/1475 1957/1242/1475
f 1956/1240/1476 1958/1241/1476 1955/551/1476
f 90/557/1477 1951/1238/1477 729/1243/1477
f 891/1244/1478 1952/1239/1478 1951/1238/1478
f 890/569/1479 1953/1245/1479 1952/1239/1479
f 151/263/1480 1953/1245/1480 889/568/1480
f 883/1156/1481 1956/1240/1481 1953/1245/1481
f 1956/1240/1482 885/267/1482 1959/566/1482
f 1959/566/1483 140/567/1483 697/565/1483
f 1958/1241/1484 697/565/1484 698/564/1484
f 1957/1242/1485 698/564/1485 699/562/1485
f 727/561/1486 699/562/1486 112/627/1486
f 1954/553/1487 727/561/1487 728/559/1487
f 1951/1238/1488 728/559/1488 729/1243/1488
f 1960/1246/1489 1964/571/1489 1963/1247/1489
f 1961/1248/1490 1965/1249/1490 1964/571/1490
f 1964/571/1491 1966/1250/1491 1963/1247/1491
f 1964/571/1492 1968/577/1492 1967/1251/1492
f 627/1252/1493 609/1253/1493 91/580/1493
f 627/1252/1494 1961/1248/1494 1960/1246/1494
f 625/587/1495 1961/1248/1495 626/589/1495
f 625/587/1496 886/586/1496 1962/1254/1496
f 886/586/1497 1965/1249/1497 1962/1254/1497
f 887/585/1498 1968/577/1498 1965/1249/1498
f 1968/577/1499 151/263/1499 889/568/1499
f 1968/577/1500 890/569/1500 1967/1251/1500
f 1966/1250/1501 890/569/1501 891/1244/1501
f 1966/1250/1502 90/557/1502 607/581/1502
f 1963/1247/1503 607/581/1503 608/582/1503
f 609/1253/1504 1963/1247/1504 608/582/1504
f 1970/1255/1505 1972/1256/1505 1969/1257/1505
f 1971/1258/1506 1973/594/1506 1970/1255/1506
f 1972/1256/1507 1976/593/1507 1975/597/1507
f 1974/596/1508 1976/593/1508 1973/594/1508
f 101/588/1509 1969/1257/1509 886/586/1509
f 746/176/1510 1969/1257/1510 747/174/1510
f 746/176/1511 1971/1258/1511 1970/1255/1511
f 745/599/1512 814/1233/1512 1971/1258/1512
f 814/1233/1513 1974/596/1513 1971/1258/1513
f 1974/596/1514 816/532/1514 1977/598/1514
f 816/532/1515 892/275/1515 1977/598/1515
f 1976/593/1516 892/275/1516 893/277/1516
f 1976/593/1517 894/1157/1517 1975/597/1517
f 888/584/1518 894/1157/1518 151/263/1518
f 887/585/1519 1975/597/1519 888/584/1519
f 1969/1257/1520 887/585/1520 886/586/1520
f 1978/1259/1521 1982/601/1521 1981/1260/1521
f 1980/1261/1522 1982/601/1522 1979/1262/1522
f 1982/601/1523 1984/1263/1523 1981/1260/1523
f 1982/601/1524 1986/606/1524 1985/1264/1524
f 111/608/1525 1978/1259/1525 765/1265/1525
f 902/618/1526 1978/1259/1526 903/1266/1526
f 902/618/1527 1980/1261/1527 1979/1262/1527
f 901/617/1528 895/1149/1528 1980/1261/1528
f 1980/1261/1529 896/244/1529 1983/1267/1529
f 896/244/1530 1986/606/1530 1983/1267/1530
f 1986/606/1531 88/245/1531 604/1268/1531
f 1986/606/1532 605/616/1532 1985/1264/1532
f 1985/1264/1533 606/614/1533 1984/1263/1533
f 1984/1263/1534 89/613/1534 763/612/1534
f 1981/1260/1535 763/612/1535 764/610/1535
f 1978/1259/1536 764/610/1536 765/1265/1536
f 1987/1269/1537 1991/1270/1537 1990/623/1537
f 1988/1271/1538 1992/1272/1538 1991/1270/1538
f 1991/1270/1539 1993/1273/1539 1990/623/1539
f 1992/1272/1540 1994/1274/1540 1991/1270/1540
f 112/627/1541 1987/1269/1541 645/1275/1541
f 698/564/1542 1987/1269/1542 699/562/1542
f 698/564/1543 1989/1276/1543 1988/1271/1543
f 140/567/1544 1989/1276/1544 697/565/1544
f 1989/1276/1545 899/633/1545 1992/1272/1545
f 899/633/1546 1995/631/1546 1992/1272/1546
f 900/632/1547 901/617/1547 1995/631/1547
f 1994/1274/1548 901/617/1548 902/618/1548
f 1994/1274/1549 903/1266/1549 1993/1273/1549
f 1993/1273/1550 111/608/1550 643/630/1550
f 644/628/1551 1993/1273/1551 643/630/1551
f 1987/1269/1552 644/628/1552 645/1275/1552
f 1997/1277/1553 1999/1278/1553 1996/1279/1553
f 1997/1277/1554 2001/640/1554 2000/1280/1554
f 2000/1280/1555 2002/1281/1555 1999/1278/1555
f 2000/1280/1556 2004/642/1556 2003/643/1556
f 140/567/1557 1996/1279/1557 898/634/1557
f 818/647/1558 1996/1279/1558 819/268/1558
f 817/270/1559 1997/1277/1559 818/647/1559
f 817/270/1560 811/646/1560 1998/1282/1560
f 811/646/1561 2001/640/1561 1998/1282/1561
f 812/645/1562 2004/642/1562 2001/640/1562
f 2004/642/1563 137/252/1563 904/253/1563
f 2004/642/1564 905/254/1564 2003/643/1564
f 2002/1281/1565 905/254/1565 906/1148/1565
f 900/632/1566 906/1148/1566 152/242/1566
f 899/633/1567 2002/1281/1567 900/632/1567
f 898/634/1568 1999/1278/1568 899/633/1568
f 2006/649/1569 2008/1283/1569 2005/1284/1569
f 2007/653/1570 2009/652/1570 2006/649/1570
f 2009/652/1571 2011/651/1571 2008/1283/1571
f 2010/1285/1572 2012/654/1572 2009/652/1572
f 133/206/1573 2005/1284/1573 682/204/1573
f 914/661/1574 2005/1284/1574 915/1286/1574
f 913/660/1575 2006/649/1575 914/661/1575
f 913/660/1576 907/1141/1576 2007/653/1576
f 907/1141/1577 2010/1285/1577 2007/653/1577
f 908/219/1578 2013/659/1578 2010/1285/1578
f 2013/659/1579 136/221/1579 688/991/1579
f 2013/659/1580 689/658/1580 2012/654/1580
f 2012/654/1581 690/657/1581 2011/651/1581
f 2011/651/1582 134/201/1582 684/202/1582
f 683/203/1583 2011/651/1583 684/202/1583
f 682/204/1584 2008/1283/1584 683/203/1584
f 2014/1287/1585 2018/663/1585 2017/1288/1585
f 2016/1289/1586 2018/663/1586 2015/664/1586
f 2017/1288/1587 2021/1290/1587 2020/674/1587
f 2019/668/1588 2021/1290/1588 2018/663/1588
f 730/1291/1589 802/1292/1589 114/671/1589
f 730/1291/1590 2015/664/1590 2014/1287/1590
f 732/680/1591 2015/664/1591 731/681/1591
f 92/679/1592 2016/1289/1592 732/680/1592
f 2016/1289/1593 911/677/1593 2019/668/1593
f 2019/668/1594 912/676/1594 2022/675/1594
f 912/676/1595 913/660/1595 2022/675/1595
f 2022/675/1596 914/661/1596 2021/1290/1596
f 2020/674/1597 914/661/1597 915/1286/1597
f 2020/674/1598 133/206/1598 804/673/1598
f 2017/1288/1599 804/673/1599 803/672/1599
f 2014/1287/1600 803/672/1600 802/1292/1600
f 2024/1293/1601 2026/1294/1601 2023/1295/1601
f 2025/1296/1602 2027/686/1602 2024/1293/1602
f 2027/686/1603 2029/1297/1603 2026/1294/1603
f 2028/689/1604 2030/1298/1604 2027/686/1604
f 92/679/1605 2023/1295/1605 910/678/1605
f 611/697/1606 2023/1295/1606 610/1299/1606
f 611/697/1607 2025/1296/1607 2024/1293/1607
f 93/695/1608 2025/1296/1608 612/696/1608
f 2025/1296/1609 779/693/1609 2028/689/1609
f 779/693/1610 2031/691/1610 2028/689/1610
f 780/692/1611 916/230/1611 2031/691/1611
f 2031/691/1612 917/231/1612 2030/1298/1612
f 2029/1297/1613 917/231/1613 918/1140/1613
f 912/676/1614 918/1140/1614 153/218/1614
f 2026/1294/1615 912/676/1615 911/677/1615
f 2023/1295/1616 911/677/1616 910/678/1616
f 2033/1300/1617 2035/1301/1617 2032/1302/1617
f 2033/1300/1618 2037/1303/1618 2036/702/1618
f 2035/1301/1619 2039/1304/1619 2038/1305/1619
f 2037/1303/1620 2039/1304/1620 2036/702/1620
f 82/705/1621 2032/1302/1621 717/1306/1621
f 927/1307/1622 2033/1300/1622 2032/1302/1622
f 926/716/1623 2034/1308/1623 2033/1300/1623
f 154/193/1624 2034/1308/1624 925/715/1624
f 919/1133/1625 2037/1303/1625 2034/1308/1625
f 920/195/1626 2040/713/1626 2037/1303/1626
f 921/197/1627 685/714/1627 2040/713/1627
f 2040/713/1628 686/712/1628 2039/1304/1628
f 2038/1305/1629 686/712/1629 687/710/1629
f 715/709/1630 687/710/1630 104/773/1630
f 2035/1301/1631 715/709/1631 716/707/1631
f 2032/1302/1632 716/707/1632 717/1306/1632
f 2041/1309/1633 2045/718/1633 2044/1310/1633
f 2043/1311/1634 2045/718/1634 2042/1312/1634
f 2044/1310/1635 2048/1313/1635 2047/1314/1635
f 2045/718/1636 2049/723/1636 2048/1313/1636
f 766/1315/1637 597/1316/1637 83/727/1637
f 766/1315/1638 2042/1312/1638 2041/1309/1638
f 767/736/1639 2043/1311/1639 2042/1312/1639
f 113/734/1640 2043/1311/1640 768/735/1640
f 2043/1311/1641 923/732/1641 2046/1317/1641
f 2046/1317/1642 924/731/1642 2049/723/1642
f 2049/723/1643 154/193/1643 925/715/1643
f 2049/723/1644 926/716/1644 2048/1313/1644
f 2048/1313/1645 927/1307/1645 2047/1314/1645
f 2047/1314/1646 82/705/1646 595/730/1646
f 596/728/1647 2047/1314/1647 595/730/1647
f 2041/1309/1648 596/728/1648 597/1316/1648
f 2051/1318/1649 2053/1319/1649 2050/1320/1649
f 2051/1318/1650 2055/742/1650 2054/741/1650
f 2054/741/1651 2056/740/1651 2053/1319/1651
f 2054/741/1652 2058/744/1652 2057/1321/1652
f 113/734/1653 2050/1320/1653 922/733/1653
f 647/748/1654 2050/1320/1654 646/1322/1654
f 648/747/1655 2051/1318/1655 647/748/1655
f 114/671/1656 2052/1323/1656 648/747/1656
f 802/1292/1657 2055/742/1657 2052/1323/1657
f 803/672/1658 2058/744/1658 2055/742/1658
f 2058/744/1659 133/206/1659 928/205/1659
f 2057/1321/1660 928/205/1660 929/207/1660
f 2057/1321/1661 930/1134/1661 2056/740/1661
f 2056/740/1662 154/193/1662 924/731/1662
f 923/732/1663 2056/740/1663 924/731/1663
f 2050/1320/1664 923/732/1664 922/733/1664
f 2059/1324/1665 2063/750/1665 2062/1325/1665
f 2061/1326/1666 2063/750/1666 2060/1327/1666
f 2063/750/1667 2065/1328/1667 2062/1325/1667
f 2063/750/1668 2067/755/1668 2066/1329/1668
f 103/757/1669 2059/1324/1669 753/1330/1669
f 939/1331/1670 2060/1327/1670 2059/1324/1670
f 938/764/1671 2061/1326/1671 2060/1327/1671
f 937/763/1672 931/1126/1672 2061/1326/1672
f 931/1126/1673 2064/1332/1673 2061/1326/1673
f 932/173/1674 2067/755/1674 2064/1332/1674
f 2067/755/1675 101/588/1675 625/587/1675
f 2066/1329/1676 625/587/1676 626/589/1676
f 2065/1328/1677 626/589/1677 627/1252/1677
f 751/760/1678 627/1252/1678 91/580/1678
f 2062/1325/1679 751/760/1679 752/761/1679
f 753/1330/1680 2062/1325/1680 752/761/1680
f 2068/1333/1681 2072/766/1681 2071/769/1681
f 2070/1334/1682 2072/766/1682 2069/1335/1682
f 2072/766/1683 2074/1336/1683 2071/769/1683
f 2073/1337/1684 2075/1338/1684 2072/766/1684
f 104/773/1685 2068/1333/1685 633/1339/1685
f 686/712/1686 2068/1333/1686 687/710/1686
f 686/712/1687 2070/1334/1687 2069/1335/1687
f 135/781/1688 2070/1334/1688 685/714/1688
f 934/780/1689 2073/1337/1689 2070/1334/1689
f 935/779/1690 2076/777/1690 2073/1337/1690
f 936/778/1691 937/763/1691 2076/777/1691
f 2076/777/1692 938/764/1692 2075/1338/1692
f 2075/1338/1693 939/1331/1693 2074/1336/1693
f 631/776/1694 939/1331/1694 103/757/1694
f 2071/769/1695 631/776/1695 632/774/1695
f 2068/1333/1696 632/774/1696 633/1339/1696
f 2077/1340/1697 2081/783/1697 2080/1341/1697
f 2078/1342/1698 2082/787/1698 2081/783/1698
f 2081/783/1699 2083/785/1699 2080/1341/1699
f 2081/783/1700 2085/789/1700 2084/790/1700
f 135/781/1701 2077/1340/1701 934/780/1701
f 807/198/1702 2078/1342/1702 2077/1340/1702
f 805/794/1703 2078/1342/1703 806/200/1703
f 805/794/1704 799/793/1704 2079/1343/1704
f 799/793/1705 2082/787/1705 2079/1343/1705
f 2082/787/1706 801/791/1706 2085/789/1706
f 2085/789/1707 132/182/1707 940/183/1707
f 2085/789/1708 941/184/1708 2084/790/1708
f 2083/785/1709 941/184/1709 942/1127/1709
f 936/778/1710 942/1127/1710 155/169/1710
f 2080/1341/1711 936/778/1711 935/779/1711
f 2077/1340/1712 935/779/1712 934/780/1712
f 2087/796/1713 2089/1344/1713 2086/1345/1713
f 2088/1346/1714 2090/799/1714 2087/796/1714
f 2089/1344/1715 2093/798/1715 2092/1347/1715
f 2090/799/1716 2094/801/1716 2093/798/1716
f 128/136/1717 2086/1345/1717 670/134/1717
f 950/808/1718 2086/1345/1718 951/1348/1718
f 949/807/1719 2087/796/1719 950/808/1719
f 949/807/1720 943/1119/1720 2088/1346/1720
f 2088/1346/1721 944/149/1721 2091/1349/1721
f 944/149/1722 2094/801/1722 2091/1349/1722
f 2094/801/1723 131/151/1723 676/806/1723
f 2093/798/1724 676/806/1724 677/953/1724
f 2093/798/1725 678/805/1725 2092/1347/1725
f 2092/1347/1726 129/131/1726 672/132/1726
f 671/133/1727 2092/1347/1727 672/132/1727
f 670/134/1728 2089/1344/1728 671/133/1728
f 2096/810/1729 2098/1350/1729 2095/1351/1729
f 2097/1352/1730 2099/813/1730 2096/810/1730
f 2098/1350/1731 2102/1353/1731 2101/1354/1731
f 2100/815/1732 2102/1353/1732 2099/813/1732
f 106/816/1733 2095/1351/1733 790/1355/1733
f 718/1356/1734 2096/810/1734 2095/1351/1734
f 719/828/1735 2097/1352/1735 2096/810/1735
f 84/826/1736 2097/1352/1736 720/827/1736
f 2097/1352/1737 947/824/1737 2100/815/1737
f 2100/815/1738 948/823/1738 2103/822/1738
f 948/823/1739 949/807/1739 2103/822/1739
f 2102/1353/1740 949/807/1740 950/808/1740
f 2101/1354/1741 950/808/1741 951/1348/1741
f 2101/1354/1742 128/136/1742 792/821/1742
f 791/819/1743 2101/1354/1743 792/821/1743
f 790/1355/1744 2098/1350/1744 791/819/1744
f 2105/830/1745 2107/1357/1745 2104/1358/1745
f 2105/830/1746 2109/834/1746 2108/833/1746
f 2108/833/1747 2110/832/1747 2107/1357/1747
f 2109/834/1748 2111/1359/1748 2108/833/1748
f 598/1360/1749 946/825/1749 84/826/1749
f 599/844/1750 2104/1358/1750 598/1360/1750
f 599/844/1751 2106/1361/1751 2105/830/1751
f 85/842/1752 2106/1361/1752 600/843/1752
f 769/841/1753 2109/834/1753 2106/1361/1753
f 770/840/1754 2112/838/1754 2109/834/1754
f 2112/838/1755 115/159/1755 952/160/1755
f 2112/838/1756 953/161/1756 2111/1359/1756
f 2110/832/1757 953/161/1757 954/1118/1757
f 948/823/1758 954/1118/1758 156/148/1758
f 2107/1357/1759 948/823/1759 947/824/1759
f 2104/1358/1760 947/824/1760 946/825/1760
f 2114/846/1761 2116/1362/1761 2113/847/1761
f 2114/846/1762 2118/1363/1762 2117/849/1762
f 2116/1362/1763 2120/848/1763 2119/1364/1763
f 2117/849/1764 2121/852/1764 2120/848/1764
f 963/1365/1765 658/228/1765 121/229/1765
f 963/1365/1766 2114/846/1766 2113/847/1766
f 962/858/1767 2115/851/1767 2114/846/1767
f 157/125/1768 2115/851/1768 961/857/1768
f 955/1115/1769 2118/1363/1769 2115/851/1769
f 956/126/1770 2121/852/1770 2118/1363/1770
f 957/127/1771 673/856/1771 2121/852/1771
f 2121/852/1772 674/855/1772 2120/848/1772
f 2119/1364/1773 674/855/1773 675/907/1773
f 2119/1364/1774 122/225/1774 660/226/1774
f 659/227/1775 2119/1364/1775 660/226/1775
f 658/228/1776 2116/1362/1776 659/227/1776
f 2122/1366/1777 2126/860/1777 2125/1367/1777
f 2124/1368/1778 2126/860/1778 2123/861/1778
f 2126/860/1779 2128/1369/1779 2125/1367/1779
f 2127/866/1780 2129/1370/1780 2126/860/1780
f 754/1371/1781 778/694/1781 93/695/1781
f 754/1371/1782 2123/861/1782 2122/1366/1782
f 755/874/1783 2124/1368/1783 2123/861/1783
f 105/872/1784 2124/1368/1784 756/873/1784
f 958/871/1785 2127/866/1785 2124/1368/1785
f 959/870/1786 2130/868/1786 2127/866/1786
f 2130/868/1787 157/125/1787 961/857/1787
f 2130/868/1788 962/858/1788 2129/1370/1788
f 2128/1369/1789 962/858/1789 963/1365/1789
f 780/692/1790 963/1365/1790 121/229/1790
f 779/693/1791 2128/1369/1791 780/692/1791
f 2122/1366/1792 779/693/1792 778/694/1792
f 2132/876/1793 2134/1372/1793 2131/1373/1793
f 2133/1374/1794 2135/879/1794 2132/876/1794
f 2135/879/1795 2137/878/1795 2134/1372/1795
f 2135/879/1796 2139/881/1796 2138/1375/1796
f 634/1376/1797 958/871/1797 105/872/1797
f 634/1376/1798 2132/876/1798 2131/1373/1798
f 636/885/1799 2132/876/1799 635/886/1799
f 106/816/1800 2133/1374/1800 636/885/1800
f 790/1355/1801 2136/882/1801 2133/1374/1801
f 791/819/1802 2139/881/1802 2136/882/1802
f 2139/881/1803 128/136/1803 964/135/1803
f 2138/1375/1804 964/135/1804 965/137/1804
f 2138/1375/1805 966/1114/1805 2137/878/1805
f 960/869/1806 966/1114/1806 157/125/1806
f 2134/1372/1807 960/869/1807 959/870/1807
f 958/871/1808 2134/1372/1808 959/870/1808
f 2141/1377/1809 2143/1378/1809 2140/889/1809
f 2142/1379/1810 2144/891/1810 2141/1377/1810
f 2144/891/1811 2146/1380/1811 2143/1378/1811
f 2145/894/1812 2147/1381/1812 2144/891/1812
f 99/66/1813 2140/889/1813 622/65/1813
f 974/898/1814 2140/889/1814 975/1382/1814
f 974/898/1815 2142/1379/1815 2141/1377/1815
f 158/99/1816 2142/1379/1816 973/897/1816
f 2142/1379/1817 968/102/1817 2145/894/1817
f 968/102/1818 2148/896/1818 2145/894/1818
f 969/105/1819 628/451/1819 2148/896/1819
f 2147/1381/1820 628/451/1820 629/452/1820
f 2146/1380/1821 629/452/1821 630/1206/1821
f 2146/1380/1822 100/442/1822 624/63/1822
f 2143/1378/1823 624/63/1823 623/64/1823
f 622/65/1824 2143/1378/1824 623/64/1824
f 2149/1383/1825 2153/900/1825 2152/1384/1825
f 2150/1385/1826 2154/904/1826 2153/900/1826
f 2152/1384/1827 2156/903/1827 2155/1386/1827
f 2154/904/1828 2156/903/1828 2153/900/1828
f 675/907/1829 742/1387/1829 122/225/1829
f 675/907/1830 2150/1385/1830 2149/1383/1830
f 674/855/1831 2151/1388/1831 2150/1385/1831
f 673/856/1832 970/914/1832 2151/1388/1832
f 2151/1388/1833 971/913/1833 2154/904/1833
f 971/913/1834 2157/911/1834 2154/904/1834
f 972/912/1835 973/897/1835 2157/911/1835
f 2156/903/1836 973/897/1836 974/898/1836
f 2155/1386/1837 974/898/1837 975/1382/1837
f 2155/1386/1838 99/66/1838 744/910/1838
f 743/908/1839 2155/1386/1839 744/910/1839
f 2149/1383/1840 743/908/1840 742/1387/1840
f 2159/1389/1841 2161/1390/1841 2158/1391/1841
f 2159/1389/1842 2163/921/1842 2162/920/1842
f 2162/920/1843 2164/919/1843 2161/1390/1843
f 2162/920/1844 2166/923/1844 2165/924/1844
f 795/128/1845 970/914/1845 130/915/1845
f 795/128/1846 2159/1389/1846 2158/1391/1846
f 793/130/1847 2159/1389/1847 794/928/1847
f 129/131/1848 2160/1392/1848 793/130/1848
f 2160/1392/1849 788/926/1849 2163/921/1849
f 2163/921/1850 789/925/1850 2166/923/1850
f 2166/923/1851 127/112/1851 976/113/1851
f 2166/923/1852 977/114/1852 2165/924/1852
f 2164/919/1853 977/114/1853 978/1110/1853
f 972/912/1854 978/1110/1854 158/99/1854
f 971/913/1855 2164/919/1855 972/912/1855
f 970/914/1856 2161/1390/1856 971/913/1856
f 2168/1393/1857 2170/1394/1857 2167/1395/1857
f 2169/1396/1858 2171/933/1858 2168/1393/1858
f 2170/1394/1859 2174/1397/1859 2173/1398/1859
f 2171/933/1860 2175/935/1860 2174/1397/1860
f 127/112/1861 2167/1395/1861 667/111/1861
f 987/1399/1862 2168/1393/1862 2167/1395/1862
f 986/940/1863 2169/1396/1863 2168/1393/1863
f 159/79/1864 2169/1396/1864 985/939/1864
f 979/1104/1865 2172/936/1865 2169/1396/1865
f 2172/936/1866 981/81/1866 2175/935/1866
f 2175/935/1867 125/405/1867 664/404/1867
f 2175/935/1868 665/406/1868 2174/1397/1868
f 2173/1398/1869 665/406/1869 666/1195/1869
f 669/109/1870 666/1195/1870 126/397/1870
f 2170/1394/1871 669/109/1871 668/110/1871
f 2167/1395/1872 668/110/1872 667/111/1872
f 2176/1400/1873 2180/942/1873 2179/1401/1873
f 2178/1402/1874 2180/942/1874 2177/1403/1874
f 2180/942/1875 2182/1404/1875 2179/1401/1875
f 2180/942/1876 2184/947/1876 2183/949/1876
f 129/131/1877 2176/1400/1877 787/927/1877
f 678/805/1878 2177/1403/1878 2176/1400/1878
f 676/806/1879 2177/1403/1879 677/953/1879
f 676/806/1880 982/952/1880 2178/1402/1880
f 982/952/1881 2181/948/1881 2178/1402/1881
f 2181/948/1882 984/950/1882 2184/947/1882
f 2184/947/1883 159/79/1883 985/939/1883
f 2184/947/1884 986/940/1884 2183/949/1884
f 2183/949/1885 987/1399/1885 2182/1404/1885
f 2182/1404/1886 127/112/1886 789/925/1886
f 788/926/1887 2182/1404/1887 789/925/1887
f 2176/1400/1888 788/926/1888 787/927/1888
f 2186/1405/1889 2188/1406/1889 2185/1407/1889
f 2186/1405/1890 2190/959/1890 2189/958/1890
f 2189/958/1891 2191/957/1891 2188/1406/1891
f 2189/958/1892 2193/961/1892 2192/963/1892
f 798/962/1893 982/952/1893 131/151/1893
f 798/962/1894 2186/1405/1894 2185/1407/1894
f 796/154/1895 2186/1405/1895 797/153/1895
f 116/155/1896 2187/1408/1896 796/154/1896
f 2187/1408/1897 734/965/1897 2190/959/1897
f 734/965/1898 2193/961/1898 2190/959/1898
f 2193/961/1899 94/89/1899 988/90/1899
f 2193/961/1900 989/91/1900 2192/963/1900
f 2191/957/1901 989/91/1901 990/1103/1901
f 2191/957/1902 159/79/1902 984/950/1902
f 2188/1406/1903 984/950/1903 983/951/1903
f 982/952/1904 2188/1406/1904 983/951/1904
f 2195/1409/1905 2197/1410/1905 2194/1411/1905
f 2195/1409/1906 2199/972/1906 2198/971/1906
f 2198/971/1907 2200/1412/1907 2197/1410/1907
f 2199/972/1908 2201/1413/1908 2198/971/1908
f 132/182/1909 2194/1411/1909 679/181/1909
f 999/1414/1910 2195/1409/1910 2194/1411/1910
f 997/977/1911 2195/1409/1911 998/978/1911
f 160/55/1912 2196/1415/1912 997/977/1912
f 991/1096/1913 2199/972/1913 2196/1415/1913
f 2199/972/1914 993/58/1914 2202/976/1914
f 2202/976/1915 123/537/1915 661/538/1915
f 2202/976/1916 662/539/1916 2201/1413/1916
f 2200/1412/1917 662/539/1917 663/1232/1917
f 2200/1412/1918 124/178/1918 681/179/1918
f 680/180/1919 2200/1412/1919 681/179/1919
f 2194/1411/1920 680/180/1920 679/181/1920
f 2203/1416/1921 2207/980/1921 2206/1417/1921
f 2205/1418/1922 2207/980/1922 2204/1419/1922
f 2207/980/1923 2209/982/1923 2206/1417/1923
f 2207/980/1924 2211/985/1924 2210/987/1924
f 690/657/1925 799/793/1925 134/201/1925
f 690/657/1926 2204/1419/1926 2203/1416/1926
f 688/991/1927 2204/1419/1927 689/658/1927
f 136/221/1928 2205/1418/1928 688/991/1928
f 994/990/1929 2208/986/1929 2205/1418/1929
f 995/989/1930 2211/985/1930 2208/986/1930
f 996/988/1931 997/977/1931 2211/985/1931
f 2210/987/1932 997/977/1932 998/978/1932
f 2210/987/1933 999/1414/1933 2209/982/1933
f 2209/982/1934 132/182/1934 801/791/1934
f 2206/1417/1935 801/791/1935 800/792/1935
f 2203/1416/1936 800/792/1936 799/793/1936
f 2213/1420/1937 2215/1421/1937 2212/1422/1937
f 2213/1420/1938 2217/997/1938 2216/996/1938
f 2216/996/1939 2218/1423/1939 2215/1421/1939
f 2216/996/1940 2220/999/1940 2219/1001/1940
f 810/1000/1941 994/990/1941 136/221/1941
f 810/1000/1942 2213/1420/1942 2212/1422/1942
f 808/224/1943 2213/1420/1943 809/223/1943
f 808/224/1944 742/1387/1944 2214/1424/1944
f 742/1387/1945 2217/997/1945 2214/1424/1945
f 743/908/1946 2220/999/1946 2217/997/1946
f 2220/999/1947 99/66/1947 1000/67/1947
f 2220/999/1948 1001/68/1948 2219/1001/1948
f 2218/1423/1949 1001/68/1949 1002/1097/1949
f 2218/1423/1950 160/55/1950 996/988/1950
f 995/989/1951 2218/1423/1951 996/988/1951
f 994/990/1952 2215/1421/1952 995/989/1952
f 2221/1425/1953 2225/1003/1953 2224/1426/1953
f 2222/1004/1954 2226/1007/1954 2225/1003/1954
f 2225/1003/1955 2227/1427/1955 2224/1426/1955
f 2226/1007/1956 2228/1009/1956 2225/1003/1956
f 1011/1428/1957 691/251/1957 137/252/1957
f 1011/1428/1958 2222/1004/1958 2221/1425/1958
f 1010/1015/1959 2223/1429/1959 2222/1004/1959
f 161/32/1960 2223/1429/1960 1009/1014/1960
f 2223/1429/1961 1004/36/1961 2226/1007/1961
f 2226/1007/1962 1005/35/1962 2229/1013/1962
f 1005/35/1963 640/1012/1963 2229/1013/1963
f 2228/1009/1964 640/1012/1964 641/1430/1964
f 2228/1009/1965 642/1011/1965 2227/1427/1965
f 2227/1427/1966 110/248/1966 693/249/1966
f 692/250/1967 2227/1427/1967 693/249/1967
f 2221/1425/1968 692/250/1968 691/251/1968
f 2230/1431/1969 2234/1432/1969 2233/1433/1969
f 2232/1021/1970 2234/1432/1970 2231/1018/1970
f 2234/1432/1971 2236/1434/1971 2233/1433/1971
f 2234/1432/1972 2238/1022/1972 2237/1024/1972
f 139/271/1973 2230/1431/1973 811/646/1973
f 701/517/1974 2230/1431/1974 702/515/1974
f 700/518/1975 2231/1018/1975 701/517/1975
f 700/518/1976 1006/1027/1976 2232/1021/1976
f 1006/1027/1977 2235/1023/1977 2232/1021/1977
f 2235/1023/1978 1008/1025/1978 2238/1022/1978
f 1008/1025/1979 1009/1014/1979 2238/1022/1979
f 2237/1024/1980 1009/1014/1980 1010/1015/1980
f 2237/1024/1981 1011/1428/1981 2236/1434/1981
f 813/644/1982 1011/1428/1982 137/252/1982
f 2233/1433/1983 813/644/1983 812/645/1983
f 2230/1431/1984 812/645/1984 811/646/1984
f 2240/1435/1985 2242/1436/1985 2239/1437/1985
f 2240/1435/1986 2244/1033/1986 2243/1438/1986
f 2242/1436/1987 2246/1031/1987 2245/1439/1987
f 2244/1033/1988 2246/1031/1988 2243/1438/1988
f 822/292/1989 1006/1027/1989 141/291/1989
f 822/292/1990 2240/1435/1990 2239/1437/1990
f 821/1037/1991 2241/1440/1991 2240/1435/1991
f 820/294/1992 739/1219/1992 2241/1440/1992
f 739/1219/1993 2244/1033/1993 2241/1440/1993
f 2244/1033/1994 741/488/1994 2247/1036/1994
f 2247/1036/1995 98/44/1995 1012/45/1995
f 2247/1036/1996 1013/46/1996 2246/1031/1996
f 2245/1439/1997 1013/46/1997 1014/1089/1997
f 1008/1025/1998 1014/1089/1998 161/32/1998
f 2242/1436/1999 1008/1025/1999 1007/1026/1999
f 1006/1027/2000 2242/1436/2000 1007/1026/2000
f 2248/1441/2001 2252/1039/2001 2251/1442/2001
f 2249/1040/2002 2253/1043/2002 2252/1039/2002
f 2252/1039/2003 2254/1443/2003 2251/1442/2003
f 2253/1043/2004 2255/1045/2004 2252/1039/2004
f 1023/1444/2005 703/321/2005 142/323/2005
f 1023/1444/2006 2249/1040/2006 2248/1441/2006
f 1022/1051/2007 2250/1445/2007 2249/1040/2007
f 1021/1050/2008 1015/1081/2008 2250/1445/2008
f 2250/1445/2009 1016/13/2009 2253/1043/2009
f 2253/1043/2010 1017/12/2010 2256/1048/2010
f 1017/12/2011 652/1049/2011 2256/1048/2011
f 2256/1048/2012 653/1047/2012 2255/1045/2012
f 2254/1443/2013 653/1047/2013 654/1446/2013
f 2254/1443/2014 118/318/2014 705/319/2014
f 704/320/2015 2254/1443/2015 705/319/2015
f 2248/1441/2016 704/320/2016 703/321/2016
f 2257/1447/2017 2261/1448/2017 2260/1449/2017
f 2259/1450/2018 2261/1448/2018 2258/1054/2018
f 2260/1449/2019 2264/1056/2019 2263/1451/2019
f 2261/1448/2020 2265/1058/2020 2264/1056/2020
f 714/380/2021 823/504/2021 144/342/2021
f 713/382/2022 2257/1447/2022 714/380/2022
f 713/382/2023 2259/1450/2023 2258/1054/2023
f 712/383/2024 1018/1063/2024 2259/1450/2024
f 2259/1450/2025 1019/1062/2025 2262/1059/2025
f 2262/1059/2026 1020/1061/2026 2265/1058/2026
f 1020/1061/2027 1021/1050/2027 2265/1058/2027
f 2265/1058/2028 1022/1051/2028 2264/1056/2028
f 2264/1056/2029 1023/1444/2029 2263/1451/2029
f 825/502/2030 1023/1444/2030 142/323/2030
f 2260/1449/2031 825/502/2031 824/503/2031
f 2257/1447/2032 824/503/2032 823/504/2032
f 2267/1065/2033 2269/1452/2033 2266/1453/2033
f 2268/1069/2034 2270/1454/2034 2267/1065/2034
f 2269/1452/2035 2273/1067/2035 2272/1455/2035
f 2271/1070/2036 2273/1067/2036 2270/1454/2036
f 834/364/2037 1018/1063/2037 146/362/2037
f 834/364/2038 2267/1065/2038 2266/1453/2038
f 833/1077/2039 2268/1069/2039 2267/1065/2039
f 832/365/2040 721/1075/2040 2268/1069/2040
f 721/1075/2041 2271/1070/2041 2268/1069/2041
f 2271/1070/2042 723/1073/2042 2274/1072/2042
f 2274/1072/2043 86/21/2043 1024/22/2043
f 2274/1072/2044 1025/23/2044 2273/1067/2044
f 2272/1455/2045 1025/23/2045 1026/1082/2045
f 2272/1455/2046 162/9/2046 1020/1061/2046
f 1019/1062/2047 2272/1455/2047 1020/1061/2047
f 1018/1063/2048 2269/1452/2048 1019/1062/2048
f 2275/1456/2049 2279/1457/2049 2278/1456/2049
f 2276/1458/2050 2280/1459/2050 2279/1457/2050
f 2279/1457/2049 2281/760/2049 2278/1456/2049
f 2279/1457/2050 2283/1459/2050 2282/1457/2050
f 319/760/2051 1032/1460/2051 5/580/2051
f 319/760/2052 2276/1458/2052 2275/1456/2052
f 321/759/2053 2276/1458/2053 320/761/2053
f 38/757/2054 2277/1461/2054 321/759/2054
f 2277/1461/2055 1028/757/2055 2280/1459/2055
f 1028/757/2055 2283/1459/2055 2280/1459/2055
f 2283/1459/2056 103/757/2056 753/1330/2056
f 2282/1457/2057 753/1330/2057 752/761/2057
f 2282/1457/2058 751/760/2058 2281/760/2058
f 1030/1462/2059 751/760/2059 91/580/2059
f 2278/1456/2060 1030/1462/2060 1031/580/2060
f 2275/1456/2061 1031/580/2061 1032/1460/2061
f 2285/774/2062 2287/1463/2062 2284/1464/2062
f 2286/1465/2063 2288/1466/2063 2285/774/2063
f 2288/1466/2062 2290/1467/2062 2287/1463/2062
f 2288/1466/2064 2292/1468/2064 2291/774/2064
f 199/776/2065 1027/1469/2065 38/757/2065
f 199/776/2066 2285/774/2066 2284/1464/2066
f 200/774/2067 2286/1465/2067 2285/774/2067
f 10/773/2068 2286/1465/2068 201/775/2068
f 1033/773/2069 2289/1468/2069 2286/1465/2069
f 2289/1468/2069 1035/773/2069 2292/1468/2069
f 2292/1468/2070 104/773/2070 633/1339/2070
f 2292/1468/2071 632/774/2071 2291/774/2071
f 2291/774/2072 631/776/2072 2290/1467/2072
f 1029/1469/2073 631/776/2073 103/757/2073
f 2287/1463/2074 1029/1469/2074 1028/757/2074
f 1027/1469/2074 2287/1463/2074 1028/757/2074
f 2294/1470/2075 2296/867/2075 2293/1471/2075
f 2295/1472/2076 2297/874/2076 2294/1470/2076
f 2297/874/2077 2299/867/2077 2296/867/2077
f 2297/874/2076 2301/873/2076 2300/874/2076
f 322/867/2078 1041/695/2078 6/695/2078
f 322/867/2079 2294/1470/2079 2293/1471/2079
f 323/874/2080 2295/1472/2080 2294/1470/2080
f 39/872/2081 2295/1472/2081 324/873/2081
f 1036/872/2082 2298/1473/2082 2295/1472/2082
f 2298/1473/2083 1038/872/2083 2301/873/2083
f 2301/873/2084 105/872/2084 756/873/2084
f 2301/873/2085 755/874/2085 2300/874/2085
f 2300/874/2086 754/1371/2086 2299/867/2086
f 1039/1474/2087 754/1371/2087 93/695/2087
f 2296/867/2088 1039/1474/2088 1040/695/2088
f 2293/1471/2088 1040/695/2088 1041/695/2088
f 2303/1475/2089 2305/883/2089 2302/1476/2089
f 2304/1477/2090 2306/886/2090 2303/1475/2090
f 2306/886/2089 2308/1476/2089 2305/883/2089
f 2307/1477/2090 2309/886/2090 2306/886/2090
f 202/883/2091 1036/872/2091 39/872/2091
f 202/883/2092 2303/1475/2092 2302/1476/2092
f 204/885/2093 2303/1475/2093 203/886/2093
f 11/816/2094 2304/1477/2094 204/885/2094
f 1042/816/2095 2307/1477/2095 2304/1477/2095
f 1043/816/2095 2310/1478/2095 2307/1477/2095
f 2310/1478/2096 106/816/2096 636/885/2096
f 2309/886/2097 636/885/2097 635/886/2097
f 2309/886/2098 634/1376/2098 2308/1476/2098
f 1038/872/2099 634/1376/2099 105/872/2099
f 2305/883/2100 1038/872/2100 1037/872/2100
f 2302/1476/2100 1037/872/2100 1036/872/2100
f 2312/1479/2101 2314/1480/2101 2311/1480/2101
f 2313/1481/2062 2315/707/2062 2312/1479/2062
f 2315/707/2101 2317/1482/2101 2314/1480/2101
f 2315/707/2062 2319/1481/2062 2318/1483/2062
f 283/709/2102 1033/773/2102 10/773/2102
f 283/709/2103 2312/1479/2103 2311/1480/2103
f 284/707/2104 2313/1481/2104 2312/1479/2104
f 26/705/2105 2313/1481/2105 285/708/2105
f 1045/705/2106 2316/1484/2106 2313/1481/2106
f 2316/1484/2106 1047/705/2106 2319/1481/2106
f 2319/1481/2107 82/705/2107 717/1306/2107
f 2319/1481/2108 716/707/2108 2318/1483/2108
f 2318/1483/2109 715/709/2109 2317/1482/2109
f 1035/773/2110 715/709/2110 104/773/2110
f 2314/1480/2111 1035/773/2111 1034/773/2111
f 2311/1480/2111 1034/773/2111 1033/773/2111
f 2320/1485/2112 2324/1486/2112 2323/1487/2112
f 2322/1488/2113 2324/1486/2113 2321/1489/2113
f 2324/1486/2112 2326/1485/2112 2323/1487/2112
f 2324/1486/2114 2328/1490/2114 2327/728/2114
f 26/705/2115 2320/1485/2115 1045/705/2115
f 164/728/2116 2320/1485/2116 163/730/2116
f 164/728/2117 2322/1488/2117 2321/1489/2117
f 1/727/2118 2322/1488/2118 165/725/2118
f 1048/727/2119 2325/1488/2119 2322/1488/2119
f 2325/1488/2120 1050/727/2120 2328/1490/2120
f 2328/1490/2121 83/727/2121 597/1316/2121
f 2328/1490/2122 596/728/2122 2327/728/2122
f 2326/1485/2123 596/728/2123 595/730/2123
f 2326/1485/2124 82/705/2124 1047/705/2124
f 2323/1487/2125 1047/705/2125 1046/705/2125
f 2320/1485/2125 1046/705/2125 1045/705/2125
f 2330/1491/2126 2332/418/2126 2329/418/2126
f 2331/416/2127 2333/417/2127 2330/1491/2127
f 2333/417/2128 2335/418/2128 2332/418/2128
f 2334/416/2127 2336/1492/2127 2333/417/2127
f 325/418/2129 1056/1493/2129 7/419/2129
f 325/418/2130 2330/1491/2130 2329/418/2130
f 326/417/2131 2331/416/2131 2330/1491/2131
f 40/369/2132 2331/416/2132 327/416/2132
f 1051/369/2133 2334/416/2133 2331/416/2133
f 2334/416/2134 1053/369/2134 2337/1494/2134
f 2337/1494/2135 107/369/2135 759/416/2135
f 2337/1494/2136 758/417/2136 2336/1492/2136
f 2336/1492/2137 757/418/2137 2335/418/2137
f 1054/1495/2138 757/418/2138 95/419/2138
f 2332/418/2139 1054/1495/2139 1055/419/2139
f 2329/418/2140 1055/419/2140 1056/1493/2140
f 2339/1496/2141 2341/368/2141 2338/368/2141
f 2340/1497/2142 2342/367/2142 2339/1496/2142
f 2342/367/2141 2344/368/2141 2341/368/2141
f 2342/367/2142 2346/1498/2142 2345/1499/2142
f 40/369/2143 2338/368/2143 1051/369/2143
f 205/368/2144 2339/1496/2144 2338/368/2144
f 207/366/2145 2339/1496/2145 206/367/2145
f 207/366/2146 1057/1076/2146 2340/1497/2146
f 1057/1076/2147 2343/366/2147 2340/1497/2147
f 2343/366/2148 1059/1076/2148 2346/1498/2148
f 1059/1076/2149 639/366/2149 2346/1498/2149
f 2345/1499/2150 639/366/2150 638/367/2150
f 2345/1499/2151 637/368/2151 2344/368/2151
f 2344/368/2152 107/369/2152 1053/369/2152
f 2341/368/2153 1053/369/2153 1052/369/2153
f 2338/368/2153 1052/369/2153 1051/369/2153
f 2347/817/2154 2351/828/2154 2350/817/2154
f 2349/1500/2155 2351/828/2155 2348/1501/2155
f 2351/828/2156 2353/817/2156 2350/817/2156
f 2352/1502/2157 2354/828/2157 2351/828/2157
f 11/816/2158 2347/817/2158 1042/816/2158
f 286/817/2159 2348/1501/2159 2347/817/2159
f 287/828/2160 2349/1500/2160 2348/1501/2160
f 27/826/2161 2349/1500/2161 288/827/2161
f 1060/826/2162 2352/1502/2162 2349/1500/2162
f 2352/1502/2162 1062/826/2162 2355/1503/2162
f 2355/1503/2163 84/826/2163 720/827/2163
f 2355/1503/2164 719/828/2164 2354/828/2164
f 2354/828/2165 718/1356/2165 2353/817/2165
f 2353/817/2166 106/816/2166 1044/816/2166
f 2350/817/2167 1044/816/2167 1043/816/2167
f 1042/816/2167 2350/817/2167 1043/816/2167
f 2356/837/2168 2360/1504/2168 2359/1505/2168
f 2357/844/2169 2361/1506/2169 2360/1504/2169
f 2360/1504/2168 2362/1507/2168 2359/1505/2168
f 2360/1504/2170 2364/1506/2170 2363/1508/2170
f 166/837/2171 1060/826/2171 27/826/2171
f 167/844/2172 2356/837/2172 166/837/2172
f 167/844/2173 2358/1506/2173 2357/844/2173
f 2/842/2174 2358/1506/2174 168/843/2174
f 1063/842/2175 2361/1506/2175 2358/1506/2175
f 2361/1506/2176 1065/1509/2176 2364/1506/2176
f 2364/1506/2177 85/842/2177 600/843/2177
f 2364/1506/2178 599/844/2178 2363/1508/2178
f 2362/1507/2179 599/844/2179 598/1360/2179
f 1062/826/2180 598/1360/2180 84/826/2180
f 2359/1505/2181 1062/826/2181 1061/826/2181
f 2356/837/2181 1061/826/2181 1060/826/2181
f 2365/1510/2182 2369/38/2182 2368/1511/2182
f 2367/1512/2183 2369/38/2183 2366/1513/2183
f 2368/1511/2182 2372/38/2182 2371/1514/2182
f 2370/37/2184 2372/38/2184 2369/38/2184
f 328/40/2185 1071/1214/2185 8/1214/2185
f 329/38/2186 2365/1510/2186 328/40/2186
f 329/38/2187 2367/1512/2187 2366/1513/2187
f 330/37/2188 1066/1090/2188 2367/1512/2188
f 1066/1090/2189 2370/37/2189 2367/1512/2189
f 1067/1090/2190 2373/1515/2190 2370/37/2190
f 1068/1090/2191 762/37/2191 2373/1515/2191
f 2373/1515/2192 761/38/2192 2372/38/2192
f 2371/1514/2193 761/38/2193 760/40/2193
f 1069/1516/2194 760/40/2194 97/1214/2194
f 2368/1511/2195 1069/1516/2195 1070/1214/2195
f 1071/1214/2196 2368/1511/2196 1070/1214/2196
f 2375/1517/2197 2377/1012/2197 2374/1518/2197
f 2376/1519/2198 2378/1430/2198 2375/1517/2198
f 2377/1012/2197 2381/1430/2197 2380/1520/2197
f 2379/1011/2198 2381/1430/2198 2378/1430/2198
f 208/1012/2199 1066/1090/2199 41/1090/2199
f 208/1012/2200 2375/1517/2200 2374/1518/2200
f 210/1011/2201 2375/1517/2201 209/1430/2201
f 13/248/2202 2376/1519/2202 210/1011/2202
f 1072/248/2203 2379/1011/2203 2376/1519/2203
f 1073/248/2203 2382/1521/2203 2379/1011/2203
f 2382/1521/2204 110/248/2204 642/1011/2204
f 2381/1430/2205 642/1011/2205 641/1430/2205
f 2381/1430/2206 640/1012/2206 2380/1520/2206
f 1068/1090/2207 640/1012/2207 109/1090/2207
f 2377/1012/2208 1068/1090/2208 1067/1090/2208
f 2374/1518/2208 1067/1090/2208 1066/1090/2208
f 2384/1522/2209 2386/1075/2209 2383/1075/2209
f 2385/1523/2210 2387/1074/2210 2384/1522/2210
f 2387/1074/2211 2389/1075/2211 2386/1075/2211
f 2387/1074/2210 2391/1524/2210 2390/1074/2210
f 289/1075/2212 1057/1076/2212 12/1076/2212
f 289/1075/2213 2384/1522/2213 2383/1075/2213
f 291/1073/2214 2384/1522/2214 290/1074/2214
f 28/21/2215 2385/1523/2215 291/1073/2215
f 1075/1525/2216 2388/1073/2216 2385/1523/2216
f 2388/1073/2217 1077/1525/2217 2391/1524/2217
f 2391/1524/2218 86/21/2218 723/1073/2218
f 2390/1074/2219 723/1073/2219 722/1074/2219
f 2390/1074/2220 721/1075/2220 2389/1075/2220
f 1059/1076/2221 721/1075/2221 108/1076/2221
f 2386/1075/2222 1059/1076/2222 1058/1076/2222
f 2383/1075/2222 1058/1076/2222 1057/1076/2222
f 2393/1526/2223 2395/20/2223 2392/20/2223
f 2394/1527/2224 2396/19/2224 2393/1526/2224
f 2395/20/2225 2399/1528/2225 2398/20/2225
f 2396/19/2226 2400/18/2226 2399/1528/2226
f 28/21/2227 2392/20/2227 1075/1525/2227
f 169/20/2228 2393/1526/2228 2392/20/2228
f 171/18/2229 2393/1526/2229 170/19/2229
f 4/1529/2230 2394/1527/2230 171/18/2230
f 1078/1530/2231 2397/1531/2231 2394/1527/2231
f 2397/1531/2232 1080/1532/2232 2400/18/2232
f 2400/18/2233 87/1529/2233 603/18/2233
f 2399/1528/2234 603/18/2234 602/19/2234
f 2399/1528/2235 601/20/2235 2398/20/2235
f 2398/20/2236 86/21/2236 1077/1525/2236
f 1076/21/2237 2398/20/2237 1077/1525/2237
f 2392/20/2237 1076/21/2237 1075/1525/2237
f 2402/610/2238 2404/1533/2238 2401/1534/2238
f 2403/1535/2239 2405/1536/2239 2402/610/2239
f 2404/1533/2238 2408/610/2238 2407/1537/2238
f 2406/1535/2240 2408/610/2240 2405/1536/2240
f 3/613/2241 2401/1534/2241 1086/1538/2241
f 331/612/2242 2402/610/2242 2401/1534/2242
f 332/610/2243 2403/1535/2243 2402/610/2243
f 42/608/2244 2403/1535/2244 333/611/2244
f 2403/1535/2245 1082/1539/2245 2406/1535/2245
f 1082/1539/2245 2409/1535/2245 2406/1535/2245
f 2409/1535/2246 111/608/2246 765/1265/2246
f 2409/1535/2247 764/610/2247 2408/610/2247
f 2408/610/2248 763/612/2248 2407/1537/2248
f 2407/1537/2249 89/613/2249 1084/613/2249
f 2404/1533/2250 1084/613/2250 1085/1540/2250
f 1086/1538/2251 2404/1533/2251 1085/1540/2251
f 2410/1541/2252 2414/628/2252 2413/1541/2252
f 2412/1542/2253 2414/628/2253 2411/1543/2253
f 2413/1541/2252 2417/628/2252 2416/630/2252
f 2414/628/2253 2418/1542/2253 2417/628/2253
f 42/608/2254 2410/1541/2254 1081/1544/2254
f 212/628/2255 2410/1541/2255 211/630/2255
f 212/628/2256 2412/1542/2256 2411/1543/2256
f 14/627/2257 2412/1542/2257 213/629/2257
f 1087/627/2258 2415/1542/2258 2412/1542/2258
f 1088/627/2258 2418/1542/2258 2415/1542/2258
f 2418/1542/2259 112/627/2259 645/1275/2259
f 2418/1542/2260 644/628/2260 2417/628/2260
f 2416/630/2261 644/628/2261 643/630/2261
f 2416/630/2262 111/608/2262 1083/1544/2262
f 2413/1541/2263 1083/1544/2263 1082/1539/2263
f 1081/1544/2263 2413/1541/2263 1082/1539/2263
f 2420/1545/2264 2422/1546/2264 2419/1547/2264
f 2421/1548/2265 2423/246/2265 2420/1545/2265
f 2422/1546/2264 2426/246/2264 2425/1547/2264
f 2423/246/2266 2427/1549/2266 2426/246/2266
f 13/248/2267 2419/1547/2267 1072/248/2267
f 293/246/2268 2419/1547/2268 292/1150/2268
f 293/246/2269 2421/1548/2269 2420/1545/2269
f 29/245/2270 2421/1548/2270 294/1151/2270
f 1090/245/2271 2424/1151/2271 2421/1548/2271
f 1091/245/2272 2427/1549/2272 2424/1151/2272
f 2427/1549/2273 88/245/2273 726/1151/2273
f 2427/1549/2274 725/246/2274 2426/246/2274
f 2425/1547/2275 725/246/2275 724/1150/2275
f 2425/1547/2276 110/248/2276 1074/248/2276
f 1073/248/2277 2425/1547/2277 1074/248/2277
f 2419/1547/2277 1073/248/2277 1072/248/2277
f 2428/1268/2278 2432/1550/2278 2431/1551/2278
f 2430/1552/2279 2432/1550/2279 2429/1553/2279
f 2431/1551/2280 2435/1554/2280 2434/1555/2280
f 2432/1550/2281 2436/614/2281 2435/1554/2281
f 29/245/2282 2428/1268/2282 1090/245/2282
f 173/616/2283 2428/1268/2283 172/1268/2283
f 174/614/2284 2429/1553/2284 173/616/2284
f 3/613/2285 2430/1552/2285 174/614/2285
f 2430/1552/2286 1085/1540/2286 2433/614/2286
f 1085/1540/2287 2436/614/2287 2433/614/2287
f 2436/614/2288 89/613/2288 606/614/2288
f 2435/1554/2289 606/614/2289 605/616/2289
f 2434/1555/2290 605/616/2290 604/1268/2290
f 2434/1555/2291 88/245/2291 1092/245/2291
f 1091/245/2292 2434/1555/2292 1092/245/2292
f 2428/1268/2293 1091/245/2293 1090/245/2293
f 2438/1556/2294 2440/1557/2294 2437/1558/2294
f 2439/1559/2295 2441/1560/2295 2438/1556/2295
f 2441/1560/2296 2443/1561/2296 2440/1557/2296
f 2442/1559/2297 2444/1562/2297 2441/1560/2297
f 1/727/2298 2437/1558/2298 1048/727/2298
f 334/726/2299 2438/1556/2299 2437/1558/2299
f 335/736/2300 2439/1559/2300 2438/1556/2300
f 43/734/2301 2439/1559/2301 336/735/2301
f 2439/1559/2302 1094/734/2302 2442/1559/2302
f 1094/734/2303 2445/1559/2303 2442/1559/2303
f 2445/1559/2304 113/734/2304 768/735/2304
f 2445/1559/2305 767/736/2305 2444/1562/2305
f 2444/1562/2306 766/1315/2306 2443/1561/2306
f 2443/1561/2307 83/727/2307 1050/727/2307
f 2440/1557/2308 1050/727/2308 1049/1563/2308
f 1048/727/2308 2440/1557/2308 1049/1563/2308
f 2447/1564/2309 2449/745/2309 2446/1565/2309
f 2448/1566/2310 2450/748/2310 2447/1564/2310
f 2449/745/2309 2453/748/2309 2452/1567/2309
f 2450/748/2311 2454/1568/2311 2453/748/2311
f 43/734/2312 2446/1565/2312 1093/1569/2312
f 215/748/2313 2446/1565/2313 214/745/2313
f 216/747/2314 2447/1564/2314 215/748/2314
f 15/671/2315 2448/1566/2315 216/747/2315
f 1096/671/2316 2451/1570/2316 2448/1566/2316
f 2451/1570/2316 1098/671/2316 2454/1568/2316
f 2454/1568/2317 114/671/2317 648/747/2317
f 2453/748/2318 648/747/2318 647/748/2318
f 2452/1567/2319 647/748/2319 646/1322/2319
f 2452/1567/2320 113/734/2320 1095/1569/2320
f 2449/745/2321 1095/1569/2321 1094/734/2321
f 1093/1569/2322 2449/745/2322 1094/734/2322
f 2455/1571/2323 2459/559/2323 2458/1572/2323
f 2456/559/2324 2460/1573/2324 2459/559/2324
f 2459/559/2325 2461/1574/2325 2458/1572/2325
f 2460/1573/2326 2462/1575/2326 2459/559/2326
f 295/561/2327 1087/627/2327 14/627/2327
f 295/561/2328 2456/559/2328 2455/1571/2328
f 296/559/2329 2457/1576/2329 2456/559/2329
f 30/557/2330 2457/1576/2330 297/560/2330
f 2457/1576/2331 1100/557/2331 2460/1573/2331
f 1100/557/2331 2463/1576/2331 2460/1573/2331
f 2463/1576/2332 90/557/2332 729/1243/2332
f 2463/1576/2333 728/559/2333 2462/1575/2333
f 2462/1575/2334 727/561/2334 2461/1574/2334
f 1089/627/2335 727/561/2335 112/627/2335
f 2458/1572/2336 1089/627/2336 1088/627/2336
f 1087/627/2336 2458/1572/2336 1088/627/2336
f 2464/1577/2337 2468/1578/2337 2467/1579/2337
f 2465/1578/2338 2469/1580/2338 2468/1578/2338
f 2468/1578/2339 2470/581/2339 2467/1579/2339
f 2468/1578/2338 2472/1580/2338 2471/1578/2338
f 30/557/2340 2464/1577/2340 1099/557/2340
f 175/581/2341 2465/1578/2341 2464/1577/2341
f 177/578/2342 2465/1578/2342 176/582/2342
f 177/578/2343 1032/1460/2343 2466/1580/2343
f 1032/1460/2344 2469/1580/2344 2466/1580/2344
f 1031/580/2344 2472/1580/2344 2469/1580/2344
f 1030/1462/2345 609/1253/2345 2472/1580/2345
f 2471/1578/2346 609/1253/2346 608/582/2346
f 2471/1578/2347 607/581/2347 2470/581/2347
f 2470/581/2348 90/557/2348 1101/557/2348
f 2467/1579/2349 1101/557/2349 1100/557/2349
f 1099/557/2349 2467/1579/2349 1100/557/2349
f 2474/1581/2350 2476/1582/2350 2473/841/2350
f 2475/1583/2351 2477/1584/2351 2474/1581/2351
f 2477/1584/2352 2479/1585/2352 2476/1582/2352
f 2478/1586/2353 2480/840/2353 2477/1584/2353
f 2/842/2354 2473/841/2354 1063/842/2354
f 337/841/2355 2474/1581/2355 2473/841/2355
f 338/840/2356 2475/1583/2356 2474/1581/2356
f 44/159/2357 2475/1583/2357 339/839/2357
f 2475/1583/2358 1103/1587/2358 2478/1586/2358
f 1103/1587/2359 2481/1588/2359 2478/1586/2359
f 2481/1588/2360 115/159/2360 771/839/2360
f 2481/1588/2361 770/840/2361 2480/840/2361
f 2480/840/2362 769/841/2362 2479/1585/2362
f 2479/1585/2363 85/842/2363 1065/1509/2363
f 1064/1589/2364 2479/1585/2364 1065/1509/2364
f 2473/841/2365 1064/1589/2365 1063/842/2365
f 2483/1590/2366 2485/1591/2366 2482/1591/2366
f 2484/156/2367 2486/1592/2367 2483/1590/2367
f 2486/1592/2368 2488/1591/2368 2485/1591/2368
f 2486/1592/2367 2490/1593/2367 2489/157/2367
f 44/159/2369 2482/1591/2369 1102/1594/2369
f 217/158/2370 2483/1590/2370 2482/1591/2370
f 219/156/2371 2483/1590/2371 218/157/2371
f 16/155/2372 2484/156/2372 219/156/2372
f 1105/155/2373 2487/156/2373 2484/156/2373
f 2487/156/2374 1107/155/2374 2490/1593/2374
f 2490/1593/2375 116/155/2375 651/156/2375
f 2489/157/2376 651/156/2376 650/157/2376
f 2489/157/2377 649/158/2377 2488/1591/2377
f 2488/1591/2378 115/159/2378 1104/1595/2378
f 2485/1591/2379 1104/1595/2379 1103/1587/2379
f 2482/1591/2380 1103/1587/2380 1102/1594/2380
f 2492/1596/2381 2494/1597/2381 2491/670/2381
f 2493/1598/2382 2495/681/2382 2492/1596/2382
f 2495/681/2381 2497/1597/2381 2494/1597/2381
f 2496/1599/2382 2498/681/2382 2495/681/2382
f 298/670/2383 1096/671/2383 15/671/2383
f 298/670/2384 2492/1596/2384 2491/670/2384
f 300/680/2385 2492/1596/2385 299/681/2385
f 31/679/2386 2493/1598/2386 300/680/2386
f 1108/679/2387 2496/1599/2387 2493/1598/2387
f 1109/679/2387 2499/1600/2387 2496/1599/2387
f 2499/1600/2388 92/679/2388 732/680/2388
f 2498/681/2389 732/680/2389 731/681/2389
f 2498/681/2390 730/1291/2390 2497/1597/2390
f 1098/671/2391 730/1291/2391 114/671/2391
f 2494/1597/2392 1098/671/2392 1097/671/2392
f 2491/670/2392 1097/671/2392 1096/671/2392
f 2501/1601/2393 2503/690/2393 2500/1602/2393
f 2502/1603/2394 2504/697/2394 2501/1601/2394
f 2503/690/2395 2507/697/2395 2506/690/2395
f 2504/697/2396 2508/1604/2396 2507/697/2396
f 31/679/2397 2500/1602/2397 1108/679/2397
f 179/697/2398 2500/1602/2398 178/690/2398
f 179/697/2399 2502/1603/2399 2501/1601/2399
f 180/696/2400 1041/695/2400 2502/1603/2400
f 1041/695/2401 2505/1605/2401 2502/1603/2401
f 2505/1605/2401 1039/1474/2401 2508/1604/2401
f 1039/1474/2402 612/696/2402 2508/1604/2402
f 2508/1604/2403 611/697/2403 2507/697/2403
f 2506/690/2404 611/697/2404 610/1299/2404
f 2506/690/2405 92/679/2405 1110/679/2405
f 2503/690/2406 1110/679/2406 1109/679/2406
f 1108/679/2406 2503/690/2406 1109/679/2406
f 2510/15/2407 2512/17/2407 2509/1606/2407
f 2511/1083/2408 2513/15/2408 2510/15/2408
f 2512/17/2409 2516/1607/2409 2515/1608/2409
f 2514/1083/2410 2516/1607/2410 2513/15/2410
f 4/1529/2411 2509/1606/2411 1078/1530/2411
f 341/15/2412 2509/1606/2412 340/17/2412
f 341/15/2413 2511/1083/2413 2510/15/2413
f 45/14/2414 2511/1083/2414 342/1083/2414
f 1111/1609/2415 2514/1083/2415 2511/1083/2415
f 1112/1610/2416 2517/1083/2416 2514/1083/2416
f 2517/1083/2417 117/14/2417 774/1083/2417
f 2517/1083/2418 773/15/2418 2516/1607/2418
f 2515/1608/2419 773/15/2419 772/17/2419
f 2515/1608/2420 87/1529/2420 1080/1532/2420
f 1079/1611/2421 2515/1608/2421 1080/1532/2421
f 2509/1606/2422 1079/1611/2422 1078/1530/2422
f 2518/1612/2423 2522/1047/2423 2521/1049/2423
f 2519/1047/2424 2523/1446/2424 2522/1047/2424
f 2522/1047/2423 2524/1612/2423 2521/1049/2423
f 2522/1047/2425 2526/1613/2425 2525/1047/2425
f 220/1049/2426 1111/1609/2426 45/14/2426
f 221/1047/2427 2518/1612/2427 220/1049/2427
f 221/1047/2428 2520/1614/2428 2519/1047/2428
f 17/318/2429 2520/1614/2429 222/1446/2429
f 1114/318/2430 2523/1446/2430 2520/1614/2430
f 2523/1446/2431 1116/318/2431 2526/1613/2431
f 2526/1613/2432 118/318/2432 654/1446/2432
f 2526/1613/2433 653/1047/2433 2525/1047/2433
f 2524/1612/2434 653/1047/2434 652/1049/2434
f 1113/1615/2435 652/1049/2435 117/14/2435
f 2521/1049/2436 1113/1615/2436 1112/1610/2436
f 2518/1612/2437 1112/1610/2437 1111/1609/2437
f 2528/1616/2438 2530/966/2438 2527/1617/2438
f 2529/964/2439 2531/965/2439 2528/1616/2439
f 2531/965/2438 2533/966/2438 2530/966/2438
f 2531/965/2439 2535/1618/2439 2534/965/2439
f 16/155/2440 2527/1617/2440 1105/155/2440
f 302/965/2441 2527/1617/2441 301/966/2441
f 302/965/2442 2529/964/2442 2528/1616/2442
f 32/89/2443 2529/964/2443 303/964/2443
f 1117/1619/2444 2532/964/2444 2529/964/2444
f 2532/964/2445 1119/1619/2445 2535/1618/2445
f 2535/1618/2446 94/89/2446 735/964/2446
f 2535/1618/2447 734/965/2447 2534/965/2447
f 2533/966/2448 734/965/2448 733/966/2448
f 2533/966/2449 116/155/2449 1107/155/2449
f 2530/966/2450 1107/155/2450 1106/155/2450
f 2527/1617/2450 1106/155/2450 1105/155/2450
f 2537/1620/2451 2539/88/2451 2536/88/2451
f 2538/86/2452 2540/1621/2452 2537/1620/2452
f 2540/1621/2453 2542/88/2453 2539/88/2453
f 2540/1621/2452 2544/1622/2452 2543/1621/2452
f 32/89/2454 2536/88/2454 1117/1619/2454
f 181/88/2455 2537/1620/2455 2536/88/2455
f 183/86/2456 2537/1620/2456 182/87/2456
f 183/86/2457 1056/1493/2457 2538/86/2457
f 1056/1493/2458 2541/1623/2458 2538/86/2458
f 2541/1623/2459 1054/1495/2459 2544/1622/2459
f 1054/1495/2460 615/86/2460 2544/1622/2460
f 2543/1621/2461 615/86/2461 614/87/2461
f 2543/1621/2462 613/88/2462 2542/88/2462
f 2542/88/2463 94/89/2463 1119/1619/2463
f 2539/88/2464 1119/1619/2464 1118/89/2464
f 2536/88/2464 1118/89/2464 1117/1619/2464
f 2545/1624/2465 2549/316/2465 2548/1171/2465
f 2546/316/2466 2550/315/2466 2549/316/2466
f 2549/316/2467 2551/1625/2467 2548/1171/2467
f 2549/316/2466 2553/1626/2466 2552/316/2466
f 17/318/2468 2545/1624/2468 1114/318/2468
f 305/316/2469 2545/1624/2469 304/1171/2469
f 305/316/2470 2547/1627/2470 2546/316/2470
f 306/315/2471 1120/1172/2471 2547/1627/2471
f 2547/1627/2472 1121/1172/2472 2550/315/2472
f 1121/1172/2472 2553/1626/2472 2550/315/2472
f 1122/1172/2473 738/315/2473 2553/1626/2473
f 2553/1626/2474 737/316/2474 2552/316/2474
f 2551/1625/2475 737/316/2475 736/1171/2475
f 2551/1625/2476 118/318/2476 1116/318/2476
f 2548/1171/2477 1116/318/2477 1115/318/2477
f 1114/318/2478 2548/1171/2478 1115/318/2478
f 2554/1628/2479 2558/1213/2479 2557/474/2479
f 2556/1629/2480 2558/1213/2480 2555/1213/2480
f 2558/1213/2481 2560/1628/2481 2557/474/2481
f 2559/472/2482 2561/1213/2482 2558/1213/2482
f 184/474/2483 1120/1172/2483 33/1172/2483
f 184/474/2484 2555/1213/2484 2554/1628/2484
f 186/472/2485 2555/1213/2485 185/1213/2485
f 186/472/2486 1071/1214/2486 2556/1629/2486
f 1071/1214/2487 2559/472/2487 2556/1629/2487
f 1070/1214/2488 2562/1630/2488 2559/472/2488
f 1069/1516/2489 618/472/2489 2562/1630/2489
f 2561/1213/2490 618/472/2490 617/1213/2490
f 2561/1213/2491 616/474/2491 2560/1628/2491
f 1122/1172/2492 616/474/2492 96/1172/2492
f 2557/474/2493 1122/1172/2493 1121/1172/2493
f 2554/1628/2493 1121/1172/2493 1120/1172/2493
f 1123/1/2494 1124/5/2494 1127/2/2494
f 1125/4/2495 1128/16/2495 1127/2/2495
f 1127/2/2496 1130/8/2496 1129/6/2496
f 1127/2/2497 1128/16/2497 1131/7/2497
f 81/9/2498 583/11/2498 1123/1/2498
f 583/11/2499 584/13/2499 1124/5/2499
f 585/12/2500 1125/4/2500 1124/5/2500
f 45/14/2501 342/1083/2501 1125/4/2501
f 1125/4/2502 342/1083/2502 341/15/2502
f 341/15/2503 340/17/2503 1131/7/2503
f 340/17/2504 4/1529/2504 171/18/2504
f 1130/8/2505 1131/7/2505 171/18/2505
f 1130/8/2506 170/19/2506 169/20/2506
f 1129/6/2507 169/20/2507 28/21/2507
f 1126/3/2508 1129/6/2508 592/22/2508
f 1123/1/2509 1126/3/2509 593/23/2509
f 1133/24/2510 1136/28/2510 1135/25/2510
f 1134/27/2511 1137/39/2511 1136/28/2511
f 1136/28/2512 1139/31/2512 1138/29/2512
f 1136/28/2513 1137/39/2513 1140/30/2513
f 80/32/2514 571/34/2514 1132/26/2514
f 571/34/2515 572/36/2515 1133/24/2515
f 573/35/2516 1134/27/2516 1133/24/2516
f 573/35/2517 41/1090/2517 330/37/2517
f 1134/27/2518 330/37/2518 329/38/2518
f 329/38/2519 328/40/2519 1140/30/2519
f 328/40/2520 8/1214/2520 189/41/2520
f 1139/31/2521 1140/30/2521 189/41/2521
f 1138/29/2522 1139/31/2522 188/42/2522
f 1138/29/2523 187/43/2523 34/44/2523
f 1135/25/2524 1138/29/2524 580/45/2524
f 1132/26/2525 1135/25/2525 581/46/2525
f 1141/47/2526 1142/51/2526 1145/48/2526
f 1143/50/2527 1146/53/2527 1145/48/2527
f 1145/48/2528 1148/54/2528 1147/52/2528
f 1146/53/2529 1149/62/2529 1148/54/2529
f 79/55/2530 559/57/2530 1141/47/2530
f 559/57/2531 560/59/2531 1142/51/2531
f 561/58/2532 1143/50/2532 1142/51/2532
f 561/58/2533 48/537/2533 351/60/2533
f 351/60/2534 350/549/2534 1146/53/2534
f 1146/53/2535 350/549/2535 349/61/2535
f 349/61/2536 9/442/2536 192/63/2536
f 1148/54/2537 1149/62/2537 192/63/2537
f 1147/52/2538 1148/54/2538 191/64/2538
f 1147/52/2539 190/65/2539 35/66/2539
f 1144/49/2540 1147/52/2540 568/67/2540
f 1141/47/2541 1144/49/2541 569/68/2541
f 1150/69/2542 1151/73/2542 1154/70/2542
f 1152/72/2543 1155/75/2543 1154/70/2543
f 1154/70/2544 1157/76/2544 1156/74/2544
f 1155/75/2545 1158/84/2545 1157/76/2545
f 547/77/2546 1150/69/2546 558/78/2546
f 548/80/2547 1151/73/2547 1150/69/2547
f 548/80/2548 549/81/2548 1152/72/2548
f 549/81/2549 49/405/2549 354/82/2549
f 354/82/2550 353/83/2550 1155/75/2550
f 353/83/2551 352/85/2551 1158/84/2551
f 352/85/2552 7/419/2552 183/86/2552
f 1157/76/2553 1158/84/2553 183/86/2553
f 1157/76/2554 182/87/2554 181/88/2554
f 1156/74/2555 181/88/2555 32/89/2555
f 557/91/2556 1153/71/2556 1156/74/2556
f 1150/69/2557 1153/71/2557 557/91/2557
f 1160/92/2558 1163/96/2558 1162/93/2558
f 1160/92/2559 1161/103/2559 1164/95/2559
f 1162/93/2560 1163/96/2560 1166/97/2560
f 1164/95/2561 1167/107/2561 1166/97/2561
f 77/99/2562 535/101/2562 1159/94/2562
f 535/101/2563 536/102/2563 1160/92/2563
f 536/102/2564 537/105/2564 1161/103/2564
f 37/104/2565 318/461/2565 1161/103/2565
f 1161/103/2566 318/461/2566 317/106/2566
f 317/106/2567 316/108/2567 1167/107/2567
f 316/108/2568 21/397/2568 237/109/2568
f 1166/97/2569 1167/107/2569 237/109/2569
f 1166/97/2570 236/110/2570 235/111/2570
f 1165/98/2571 235/111/2571 50/112/2571
f 545/114/2572 1162/93/2572 1165/98/2572
f 1159/94/2573 1162/93/2573 545/114/2573
f 1168/115/2574 1169/119/2574 1172/116/2574
f 1170/118/2575 1173/129/2575 1172/116/2575
f 1171/117/2576 1172/116/2576 1175/120/2576
f 1172/116/2577 1173/129/2577 1176/122/2577
f 523/123/2578 1168/115/2578 534/124/2578
f 523/123/2579 524/126/2579 1169/119/2579
f 524/126/2580 525/127/2580 1170/118/2580
f 525/127/2581 52/915/2581 363/128/2581
f 363/128/2582 362/928/2582 1173/129/2582
f 1173/129/2583 362/928/2583 361/130/2583
f 1176/122/2584 361/130/2584 22/131/2584
f 1176/122/2585 240/132/2585 239/133/2585
f 1175/120/2586 239/133/2586 238/134/2586
f 532/135/2587 1174/121/2587 238/134/2587
f 1171/117/2588 1174/121/2588 532/135/2588
f 534/124/2589 1168/115/2589 1171/117/2589
f 1178/138/2590 1181/142/2590 1180/139/2590
f 1178/138/2591 1179/150/2591 1182/141/2591
f 1181/142/2592 1184/145/2592 1183/143/2592
f 1181/142/2593 1182/141/2593 1185/144/2593
f 511/146/2594 1177/140/2594 522/147/2594
f 512/149/2595 1178/138/2595 1177/140/2595
f 512/149/2596 513/152/2596 1179/150/2596
f 53/151/2597 366/962/2597 1179/150/2597
f 1179/150/2598 366/962/2598 365/153/2598
f 1182/141/2599 365/153/2599 364/154/2599
f 1185/144/2600 364/154/2600 16/155/2600
f 1184/145/2601 1185/144/2601 219/156/2601
f 1184/145/2602 218/157/2602 217/158/2602
f 1183/143/2603 217/158/2603 44/159/2603
f 1180/139/2604 1183/143/2604 520/160/2604
f 1177/140/2605 1180/139/2605 521/161/2605
f 1187/162/2606 1190/166/2606 1189/163/2606
f 1187/162/2607 1188/175/2607 1191/165/2607
f 1189/163/2608 1190/166/2608 1193/167/2608
f 1191/165/2609 1194/177/2609 1193/167/2609
f 74/169/2610 499/171/2610 1186/164/2610
f 499/171/2611 500/173/2611 1187/162/2611
f 501/172/2612 1188/175/2612 1187/162/2612
f 501/172/2613 36/588/2613 315/174/2613
f 1188/175/2614 315/174/2614 314/176/2614
f 314/176/2615 313/599/2615 1194/177/2615
f 1194/177/2616 313/599/2616 20/178/2616
f 1193/167/2617 1194/177/2617 249/179/2617
f 1193/167/2618 248/180/2618 247/181/2618
f 1192/168/2619 247/181/2619 54/182/2619
f 509/184/2620 1189/163/2620 1192/168/2620
f 1186/164/2621 1189/163/2621 509/184/2621
f 1196/185/2622 1199/189/2622 1198/186/2622
f 1197/188/2623 1200/199/2623 1199/189/2623
f 1199/189/2624 1202/192/2624 1201/190/2624
f 1199/189/2625 1200/199/2625 1203/191/2625
f 73/193/2626 487/196/2626 1195/187/2626
f 488/195/2627 1196/185/2627 1195/187/2627
f 489/197/2628 1197/188/2628 1196/185/2628
f 489/197/2629 56/781/2629 375/198/2629
f 375/198/2630 374/200/2630 1200/199/2630
f 374/200/2631 373/794/2631 1203/191/2631
f 1203/191/2632 373/794/2632 23/201/2632
f 1203/191/2633 252/202/2633 251/203/2633
f 1201/190/2634 1202/192/2634 251/203/2634
f 496/205/2635 1201/190/2635 250/204/2635
f 1198/186/2636 1201/190/2636 496/205/2636
f 498/194/2637 1195/187/2637 1198/186/2637
f 1205/208/2638 1208/212/2638 1207/209/2638
f 1205/208/2639 1206/220/2639 1209/211/2639
f 1207/209/2640 1208/212/2640 1211/213/2640
f 1208/212/2641 1209/211/2641 1212/215/2641
f 475/216/2642 1204/210/2642 486/217/2642
f 476/219/2643 1205/208/2643 1204/210/2643
f 476/219/2644 477/222/2644 1206/220/2644
f 57/221/2645 378/1000/2645 1206/220/2645
f 1206/220/2646 378/1000/2646 377/223/2646
f 1209/211/2647 377/223/2647 376/224/2647
f 1212/215/2648 376/224/2648 19/225/2648
f 1211/213/2649 1212/215/2649 228/226/2649
f 1211/213/2650 227/227/2650 226/228/2650
f 1210/214/2651 226/228/2651 47/229/2651
f 1207/209/2652 1210/214/2652 484/230/2652
f 1204/210/2653 1207/209/2653 485/231/2653
f 1214/232/2654 1217/236/2654 1216/233/2654
f 1215/235/2655 1218/247/2655 1217/236/2655
f 1217/236/2656 1220/239/2656 1219/237/2656
f 1217/236/2657 1218/247/2657 1221/238/2657
f 463/240/2658 1213/234/2658 474/241/2658
f 463/240/2659 464/244/2659 1214/232/2659
f 465/243/2660 1215/235/2660 1214/232/2660
f 29/245/2661 294/1151/2661 1215/235/2661
f 1215/235/2662 294/1151/2662 293/246/2662
f 293/246/2663 292/1150/2663 1221/238/2663
f 1221/238/2664 292/1150/2664 13/248/2664
f 1221/238/2665 261/249/2665 260/250/2665
f 1219/237/2666 1220/239/2666 260/250/2666
f 1219/237/2667 259/251/2667 58/252/2667
f 473/254/2668 1216/233/2668 1219/237/2668
f 1213/234/2669 1216/233/2669 473/254/2669
f 1222/255/2670 1223/259/2670 1226/256/2670
f 1224/258/2671 1227/269/2671 1226/256/2671
f 1226/256/2672 1229/262/2672 1228/260/2672
f 1226/256/2673 1227/269/2673 1230/261/2673
f 70/263/2674 451/265/2674 1222/255/2674
f 451/265/2675 452/266/2675 1223/259/2675
f 452/266/2676 453/267/2676 1224/258/2676
f 453/267/2677 60/567/2677 387/268/2677
f 387/268/2678 386/647/2678 1227/269/2678
f 1227/269/2679 386/647/2679 385/270/2679
f 1230/261/2680 385/270/2680 24/271/2680
f 1230/261/2681 264/272/2681 263/273/2681
f 1228/260/2682 1229/262/2682 263/273/2682
f 460/275/2683 1228/260/2683 262/274/2683
f 1225/257/2684 1228/260/2684 460/275/2684
f 1222/255/2685 1225/257/2685 461/277/2685
f 1231/278/2686 1232/282/2686 1235/279/2686
f 1233/281/2687 1236/293/2687 1235/279/2687
f 1235/279/2688 1238/285/2688 1237/283/2688
f 1235/279/2689 1236/293/2689 1239/284/2689
f 439/286/2690 1231/278/2690 450/287/2690
f 440/289/2691 1232/282/2691 1231/278/2691
f 441/290/2692 1233/281/2692 1232/282/2692
f 61/291/2693 390/292/2693 1233/281/2693
f 390/292/2694 389/1037/2694 1236/293/2694
f 1236/293/2695 389/1037/2695 388/294/2695
f 1239/284/2696 388/294/2696 18/295/2696
f 1239/284/2697 225/296/2697 224/297/2697
f 1237/283/2698 1238/285/2698 224/297/2698
f 1237/283/2699 223/298/2699 46/299/2699
f 449/301/2700 1234/280/2700 1237/283/2700
f 1231/278/2701 1234/280/2701 449/301/2701
f 1241/302/2702 1244/306/2702 1243/303/2702
f 1242/305/2703 1245/308/2703 1244/306/2703
f 1244/306/2704 1247/309/2704 1246/307/2704
f 1245/308/2705 1248/317/2705 1247/309/2705
f 427/310/2706 1240/304/2706 438/311/2706
f 427/310/2707 428/313/2707 1241/302/2707
f 428/313/2708 429/314/2708 1242/305/2708
f 429/314/2709 33/1172/2709 306/315/2709
f 1242/305/2710 306/315/2710 305/316/2710
f 305/316/2711 304/1171/2711 1248/317/2711
f 1248/317/2712 304/1171/2712 17/318/2712
f 1248/317/2713 273/319/2713 272/320/2713
f 1246/307/2714 1247/309/2714 272/320/2714
f 436/322/2715 1246/307/2715 271/321/2715
f 437/324/2716 1243/303/2716 1246/307/2716
f 1240/304/2717 1243/303/2717 437/324/2717
f 1250/325/2718 1253/329/2718 1252/326/2718
f 1251/328/2719 1254/340/2719 1253/329/2719
f 1253/329/2720 1256/332/2720 1255/330/2720
f 1253/329/2721 1254/340/2721 1257/331/2721
f 415/333/2722 1249/327/2722 426/334/2722
f 415/333/2723 416/337/2723 1250/325/2723
f 417/336/2724 1251/328/2724 1250/325/2724
f 64/338/2725 399/339/2725 1251/328/2725
f 399/339/2726 398/505/2726 1254/340/2726
f 1254/340/2727 398/505/2727 397/341/2727
f 1257/331/2728 397/341/2728 25/342/2728
f 1257/331/2729 276/343/2729 275/344/2729
f 1255/330/2730 1256/332/2730 275/344/2730
f 424/346/2731 1255/330/2731 274/345/2731
f 425/348/2732 1252/326/2732 1255/330/2732
f 1249/327/2733 1252/326/2733 425/348/2733
f 1258/349/2734 1259/352/2734 1262/350/2734
f 1259/352/2735 1260/361/2735 1263/353/2735
f 1261/351/2736 1262/350/2736 1265/354/2736
f 1262/350/2737 1263/353/2737 1266/356/2737
f 403/357/2738 1258/349/2738 414/358/2738
f 404/360/2739 1259/352/2739 1258/349/2739
f 404/360/2740 405/363/2740 1260/361/2740
f 65/362/2741 402/364/2741 1260/361/2741
f 402/364/2742 401/1077/2742 1263/353/2742
f 1263/353/2743 401/1077/2743 400/365/2743
f 400/365/2744 12/1076/2744 207/366/2744
f 1265/354/2745 1266/356/2745 207/366/2745
f 1265/354/2746 206/367/2746 205/368/2746
f 1264/355/2747 205/368/2747 40/369/2747
f 413/371/2748 1261/351/2748 1264/355/2748
f 1258/349/2749 1261/351/2749 413/371/2749
f 1267/372/2750 1268/375/2750 1271/373/2750
f 1268/375/2751 1269/381/2751 1272/376/2751
f 1271/373/2752 1274/378/2752 1273/377/2752
f 1272/376/2753 1275/384/2753 1274/378/2753
f 274/345/2754 1267/372/2754 411/379/2754
f 274/345/2755 275/344/2755 1268/375/2755
f 276/343/2756 1269/381/2756 1268/375/2756
f 276/343/2757 25/342/2757 282/380/2757
f 1269/381/2758 282/380/2758 281/382/2758
f 1272/376/2759 281/382/2759 280/383/2759
f 280/383/2760 65/362/2760 405/363/2760
f 1274/378/2761 1275/384/2761 405/363/2761
f 1274/378/2762 404/360/2762 403/357/2762
f 409/385/2763 1273/377/2763 403/357/2763
f 1270/374/2764 1273/377/2764 409/385/2764
f 1267/372/2765 1270/374/2765 410/386/2765
f 1277/387/2766 1280/391/2766 1279/388/2766
f 1278/390/2767 1281/393/2767 1280/391/2767
f 1280/391/2768 1283/394/2768 1282/392/2768
f 1281/393/2769 1284/400/2769 1283/394/2769
f 394/395/2770 1276/389/2770 234/396/2770
f 394/395/2771 395/398/2771 1277/387/2771
f 395/398/2772 396/399/2772 1278/390/2772
f 396/399/2773 63/347/2773 411/379/2773
f 1278/390/2774 411/379/2774 410/386/2774
f 410/386/2775 409/385/2775 1284/400/2775
f 409/385/2776 66/359/2776 408/401/2776
f 1284/400/2777 408/401/2777 407/402/2777
f 1282/392/2778 1283/394/2778 407/402/2778
f 232/404/2779 1282/392/2779 406/403/2779
f 233/406/2780 1279/388/2780 1282/392/2780
f 234/396/2781 1276/389/2781 1279/388/2781
f 1285/407/2782 1286/411/2782 1289/408/2782
f 1287/410/2783 1290/413/2783 1289/408/2783
f 1289/408/2784 1292/414/2784 1291/412/2784
f 1290/413/2785 1293/415/2785 1292/414/2785
f 49/405/2786 406/403/2786 1285/407/2786
f 407/402/2787 1286/411/2787 1285/407/2787
f 408/401/2788 1287/410/2788 1286/411/2788
f 408/401/2789 66/359/2789 414/358/2789
f 414/358/2790 413/371/2790 1290/413/2790
f 413/371/2791 412/370/2791 1293/415/2791
f 1293/415/2792 412/370/2792 40/369/2792
f 1293/415/2793 327/416/2793 326/417/2793
f 1292/414/2794 326/417/2794 325/418/2794
f 352/85/2795 1291/412/2795 325/418/2795
f 1288/409/2796 1291/412/2796 352/85/2796
f 354/82/2797 1285/407/2797 1288/409/2797
f 1295/420/2798 1298/424/2798 1297/421/2798
f 1295/420/2799 1296/429/2799 1299/423/2799
f 1298/424/2800 1301/427/2800 1300/425/2800
f 1298/424/2801 1299/423/2801 1302/426/2801
f 223/298/2802 1294/422/2802 423/428/2802
f 224/297/2803 1295/420/2803 1294/422/2803
f 224/297/2804 225/296/2804 1296/429/2804
f 18/295/2805 279/486/2805 1296/429/2805
f 1296/429/2806 279/486/2806 278/430/2806
f 1299/423/2807 278/430/2807 277/431/2807
f 277/431/2808 64/338/2808 417/336/2808
f 1301/427/2809 1302/426/2809 417/336/2809
f 1301/427/2810 416/337/2810 415/333/2810
f 1300/425/2811 415/333/2811 67/335/2811
f 422/433/2812 1297/421/2812 1300/425/2812
f 423/428/2813 1294/422/2813 1297/421/2813
f 1303/434/2814 1304/438/2814 1307/435/2814
f 1305/437/2815 1308/447/2815 1307/435/2815
f 1306/436/2816 1307/435/2816 1310/439/2816
f 1307/435/2817 1308/447/2817 1311/441/2817
f 9/442/2818 343/445/2818 1303/434/2818
f 344/444/2819 1304/438/2819 1303/434/2819
f 344/444/2820 345/446/2820 1305/437/2820
f 46/299/2821 423/428/2821 1305/437/2821
f 423/428/2822 422/433/2822 1308/447/2822
f 422/433/2823 421/432/2823 1311/441/2823
f 1311/441/2824 421/432/2824 67/335/2824
f 1311/441/2825 420/448/2825 419/449/2825
f 1310/439/2826 419/449/2826 418/450/2826
f 196/451/2827 1309/440/2827 418/450/2827
f 1306/436/2828 1309/440/2828 196/451/2828
f 198/443/2829 1303/434/2829 1306/436/2829
f 1312/453/2830 1313/457/2830 1316/454/2830
f 1314/456/2831 1317/459/2831 1316/454/2831
f 1316/454/2832 1319/460/2832 1318/458/2832
f 1317/459/2833 1320/462/2833 1319/460/2833
f 37/104/2834 418/450/2834 1312/453/2834
f 418/450/2835 419/449/2835 1313/457/2835
f 419/449/2836 420/448/2836 1314/456/2836
f 67/335/2837 426/334/2837 1314/456/2837
f 426/334/2838 425/348/2838 1317/459/2838
f 1317/459/2839 425/348/2839 424/346/2839
f 424/346/2840 63/347/2840 396/399/2840
f 1320/462/2841 396/399/2841 395/398/2841
f 1318/458/2842 1319/460/2842 395/398/2842
f 316/108/2843 1318/458/2843 394/395/2843
f 317/106/2844 1315/455/2844 1318/458/2844
f 1312/453/2845 1315/455/2845 317/106/2845
f 1321/463/2846 1322/466/2846 1325/464/2846
f 1322/466/2847 1323/473/2847 1326/467/2847
f 1325/464/2848 1328/470/2848 1327/468/2848
f 1325/464/2849 1326/467/2849 1329/469/2849
f 187/43/2850 1321/463/2850 435/471/2850
f 187/43/2851 188/42/2851 1322/466/2851
f 189/41/2852 1323/473/2852 1322/466/2852
f 189/41/2853 8/1214/2853 186/472/2853
f 186/472/2854 185/1213/2854 1326/467/2854
f 1326/467/2855 185/1213/2855 184/474/2855
f 184/474/2856 33/1172/2856 429/314/2856
f 1329/469/2857 429/314/2857 428/313/2857
f 1327/468/2858 1328/470/2858 428/313/2858
f 433/475/2859 1327/468/2859 427/310/2859
f 434/476/2860 1324/465/2860 1327/468/2860
f 1321/463/2861 1324/465/2861 434/476/2861
f 1331/477/2862 1334/481/2862 1333/478/2862
f 1332/480/2863 1335/484/2863 1334/481/2863
f 1333/478/2864 1334/481/2864 1337/482/2864
f 1335/484/2865 1338/489/2865 1337/482/2865
f 307/485/2866 1330/479/2866 279/486/2866
f 308/487/2867 1331/477/2867 1330/479/2867
f 308/487/2868 309/488/2868 1332/480/2868
f 309/488/2869 34/44/2869 435/471/2869
f 435/471/2870 434/476/2870 1335/484/2870
f 434/476/2871 433/475/2871 1338/489/2871
f 433/475/2872 68/312/2872 432/490/2872
f 1338/489/2873 432/490/2873 431/491/2873
f 1336/483/2874 1337/482/2874 431/491/2874
f 277/431/2875 1336/483/2875 430/492/2875
f 1333/478/2876 1336/483/2876 277/431/2876
f 1330/479/2877 1333/478/2877 278/430/2877
f 1340/493/2878 1343/497/2878 1342/494/2878
f 1341/496/2879 1344/501/2879 1343/497/2879
f 1342/494/2880 1343/497/2880 1346/498/2880
f 1343/497/2881 1344/501/2881 1347/500/2881
f 64/338/2882 430/492/2882 1339/495/2882
f 430/492/2883 431/491/2883 1340/493/2883
f 431/491/2884 432/490/2884 1341/496/2884
f 432/490/2885 68/312/2885 438/311/2885
f 1341/496/2886 438/311/2886 437/324/2886
f 437/324/2887 436/322/2887 1347/500/2887
f 1347/500/2888 436/322/2888 62/323/2888
f 1347/500/2889 393/502/2889 392/503/2889
f 1346/498/2890 392/503/2890 391/504/2890
f 397/341/2891 1345/499/2891 391/504/2891
f 1342/494/2892 1345/499/2892 397/341/2892
f 1339/495/2893 1342/494/2893 398/505/2893
f 1349/506/2894 1352/510/2894 1351/507/2894
f 1349/506/2895 1350/516/2895 1353/509/2895
f 1352/510/2896 1355/513/2896 1354/511/2896
f 1352/510/2897 1353/509/2897 1356/512/2897
f 262/274/2898 1348/508/2898 447/514/2898
f 262/274/2899 263/273/2899 1349/506/2899
f 264/272/2900 1350/516/2900 1349/506/2900
f 264/272/2901 24/271/2901 270/515/2901
f 1350/516/2902 270/515/2902 269/517/2902
f 1353/509/2903 269/517/2903 268/518/2903
f 268/518/2904 61/291/2904 441/290/2904
f 1356/512/2905 441/290/2905 440/289/2905
f 1354/511/2906 1355/513/2906 440/289/2906
f 445/519/2907 1354/511/2907 439/286/2907
f 446/520/2908 1351/507/2908 1354/511/2908
f 1348/508/2909 1351/507/2909 446/520/2909
f 1358/521/2910 1361/525/2910 1360/522/2910
f 1359/524/2911 1362/527/2911 1361/525/2911
f 1361/525/2912 1364/528/2912 1363/526/2912
f 1362/527/2913 1365/533/2913 1364/528/2913
f 382/529/2914 1357/523/2914 231/530/2914
f 382/529/2915 383/531/2915 1358/521/2915
f 383/531/2916 384/532/2916 1359/524/2916
f 384/532/2917 59/276/2917 447/514/2917
f 1359/524/2918 447/514/2918 446/520/2918
f 1362/527/2919 446/520/2919 445/519/2919
f 445/519/2920 69/288/2920 444/534/2920
f 1364/528/2921 1365/533/2921 444/534/2921
f 1363/526/2922 1364/528/2922 443/535/2922
f 1363/526/2923 442/536/2923 48/537/2923
f 1360/522/2924 1363/526/2924 229/538/2924
f 231/530/2925 1357/523/2925 1360/522/2925
f 1367/540/2926 1370/544/2926 1369/541/2926
f 1368/543/2927 1371/548/2927 1370/544/2927
f 1370/544/2928 1373/547/2928 1372/545/2928
f 1370/544/2929 1371/548/2929 1374/546/2929
f 48/537/2930 442/536/2930 1366/542/2930
f 443/535/2931 1367/540/2931 1366/542/2931
f 443/535/2932 444/534/2932 1368/543/2932
f 444/534/2933 69/288/2933 450/287/2933
f 1368/543/2934 450/287/2934 449/301/2934
f 1371/548/2935 449/301/2935 448/300/2935
f 1374/546/2936 448/300/2936 46/299/2936
f 1374/546/2937 345/446/2937 344/444/2937
f 1373/547/2938 344/444/2938 343/445/2938
f 1372/545/2939 343/445/2939 9/442/2939
f 1369/541/2940 1372/545/2940 349/61/2940
f 351/60/2941 1366/542/2941 1369/541/2941
f 1375/550/2942 1376/553/2942 1379/551/2942
f 1376/553/2943 1377/563/2943 1380/554/2943
f 1378/552/2944 1379/551/2944 1382/555/2944
f 1380/554/2945 1383/566/2945 1382/555/2945
f 30/557/2946 297/560/2946 1375/550/2946
f 296/559/2947 1376/553/2947 1375/550/2947
f 295/561/2948 1377/563/2948 1376/553/2948
f 295/561/2949 14/627/2949 267/562/2949
f 1377/563/2950 267/562/2950 266/564/2950
f 1380/554/2951 266/564/2951 265/565/2951
f 1383/566/2952 265/565/2952 60/567/2952
f 1382/555/2953 1383/566/2953 453/267/2953
f 1382/555/2954 452/266/2954 451/265/2954
f 1381/556/2955 451/265/2955 70/263/2955
f 458/569/2956 1378/552/2956 1381/556/2956
f 459/558/2957 1375/550/2957 1378/552/2957
f 1384/570/2958 1385/574/2958 1388/571/2958
f 1386/573/2959 1389/583/2959 1388/571/2959
f 1387/572/2960 1388/571/2960 1391/575/2960
f 1388/571/2961 1389/583/2961 1392/577/2961
f 177/578/2962 1384/570/2962 195/579/2962
f 177/578/2963 176/582/2963 1385/574/2963
f 175/581/2964 1386/573/2964 1385/574/2964
f 30/557/2965 459/558/2965 1386/573/2965
f 1386/573/2966 459/558/2966 458/569/2966
f 458/569/2967 457/568/2967 1392/577/2967
f 1392/577/2968 457/568/2968 70/263/2968
f 1392/577/2969 456/584/2969 455/585/2969
f 1391/575/2970 455/585/2970 454/586/2970
f 193/587/2971 1390/576/2971 454/586/2971
f 1387/572/2972 1390/576/2972 193/587/2972
f 195/579/480 1384/570/480 1387/572/480
f 1394/590/2973 1397/594/2973 1396/591/2973
f 1394/590/2974 1395/597/2974 1398/593/2974
f 1397/594/2975 1400/596/2975 1399/595/2975
f 1398/593/2976 1401/598/2976 1400/596/2976
f 36/588/2977 454/586/2977 1393/592/2977
f 455/585/2978 1394/590/2978 1393/592/2978
f 455/585/2979 456/584/2979 1395/597/2979
f 456/584/2980 70/263/2980 462/264/2980
f 462/264/2981 461/277/2981 1398/593/2981
f 1398/593/2982 461/277/2982 460/275/2982
f 460/275/2983 59/276/2983 384/532/2983
f 1400/596/2984 1401/598/2984 384/532/2984
f 1400/596/2985 383/531/2985 382/529/2985
f 313/599/2986 1399/595/2986 382/529/2986
f 314/176/2987 1396/591/2987 1399/595/2987
f 1393/592/2988 1396/591/2988 314/176/2988
f 1402/600/2989 1403/604/2989 1406/601/2989
f 1404/603/2990 1407/615/2990 1406/601/2990
f 1406/601/2991 1409/607/2991 1408/605/2991
f 1406/601/2992 1407/615/2992 1410/606/2992
f 42/608/2993 333/611/2993 1402/600/2993
f 332/610/2994 1403/604/2994 1402/600/2994
f 331/612/2995 1404/603/2995 1403/604/2995
f 3/613/2996 174/614/2996 1404/603/2996
f 174/614/2997 173/616/2997 1407/615/2997
f 173/616/2998 172/1268/2998 1410/606/2998
f 1410/606/2999 172/1268/2999 29/245/2999
f 1410/606/3000 465/243/3000 464/244/3000
f 1408/605/3001 1409/607/3001 464/244/3001
f 469/617/3002 1408/605/3002 463/240/3002
f 470/618/3003 1405/602/3003 1408/605/3003
f 1402/600/3004 1405/602/3004 470/618/3004
f 1411/619/3005 1412/623/3005 1415/620/3005
f 1413/622/3006 1416/626/3006 1415/620/3006
f 1414/621/3007 1415/620/3007 1418/624/3007
f 1416/626/3008 1419/631/3008 1418/624/3008
f 14/627/3009 213/629/3009 1411/619/3009
f 212/628/3010 1412/623/3010 1411/619/3010
f 212/628/3011 211/630/3011 1413/622/3011
f 42/608/3012 471/609/3012 1413/622/3012
f 471/609/3013 470/618/3013 1416/626/3013
f 1416/626/3014 470/618/3014 469/617/3014
f 469/617/3015 71/242/3015 468/632/3015
f 1419/631/3016 468/632/3016 467/633/3016
f 1417/625/3017 1418/624/3017 467/633/3017
f 1417/625/3018 466/634/3018 60/567/3018
f 266/564/3019 1414/621/3019 1417/625/3019
f 1411/619/3020 1414/621/3020 266/564/3020
f 1421/635/3021 1424/639/3021 1423/636/3021
f 1422/638/3022 1425/643/3022 1424/639/3022
f 1423/636/3023 1424/639/3023 1427/640/3023
f 1424/639/3024 1425/643/3024 1428/642/3024
f 60/567/3025 466/634/3025 1420/637/3025
f 466/634/3026 467/633/3026 1421/635/3026
f 467/633/3027 468/632/3027 1422/638/3027
f 468/632/3028 71/242/3028 474/241/3028
f 1422/638/3029 474/241/3029 473/254/3029
f 473/254/3030 472/253/3030 1428/642/3030
f 1428/642/3031 472/253/3031 58/252/3031
f 1428/642/3032 381/644/3032 380/645/3032
f 1427/640/3033 380/645/3033 379/646/3033
f 385/270/3034 1426/641/3034 379/646/3034
f 1423/636/3035 1426/641/3035 385/270/3035
f 1420/637/3036 1423/636/3036 386/647/3036
f 1430/648/3037 1433/652/3037 1432/649/3037
f 1431/651/3038 1434/654/3038 1433/652/3038
f 1433/652/3039 1436/655/3039 1435/653/3039
f 1434/654/3040 1437/659/3040 1436/655/3040
f 55/206/3041 250/204/3041 1429/650/3041
f 250/204/3042 251/203/3042 1430/648/3042
f 251/203/3043 252/202/3043 1431/651/3043
f 23/201/3044 258/657/3044 1431/651/3044
f 258/657/3045 257/658/3045 1434/654/3045
f 257/658/3046 256/991/3046 1437/659/3046
f 1437/659/3047 256/991/3047 57/221/3047
f 1437/659/3048 477/222/3048 476/219/3048
f 1436/655/3049 476/219/3049 475/216/3049
f 481/660/3050 1435/653/3050 475/216/3050
f 1432/649/3051 1435/653/3051 481/660/3051
f 1429/650/3052 1432/649/3052 482/661/3052
f 1438/662/3053 1439/665/3053 1442/663/3053
f 1439/665/3054 1440/674/3054 1443/666/3054
f 1442/663/3055 1445/668/3055 1444/667/3055
f 1443/666/3056 1446/675/3056 1445/668/3056
f 370/669/3057 1438/662/3057 298/670/3057
f 371/672/3058 1439/665/3058 1438/662/3058
f 372/673/3059 1440/674/3059 1439/665/3059
f 55/206/3060 483/656/3060 1440/674/3060
f 1440/674/3061 483/656/3061 482/661/3061
f 482/661/3062 481/660/3062 1446/675/3062
f 481/660/3063 72/218/3063 480/676/3063
f 1445/668/3064 1446/675/3064 480/676/3064
f 1444/667/3065 1445/668/3065 479/677/3065
f 1444/667/3066 478/678/3066 31/679/3066
f 1441/664/3067 1444/667/3067 300/680/3067
f 298/670/3068 1438/662/3068 1441/664/3068
f 1448/682/3069 1451/686/3069 1450/683/3069
f 1449/685/3070 1452/688/3070 1451/686/3070
f 1451/686/3071 1454/689/3071 1453/687/3071
f 1452/688/3072 1455/691/3072 1454/689/3072
f 31/679/3073 478/678/3073 1447/684/3073
f 479/677/3074 1448/682/3074 1447/684/3074
f 480/676/3075 1449/685/3075 1448/682/3075
f 480/676/3076 72/218/3076 486/217/3076
f 1449/685/3077 486/217/3077 485/231/3077
f 485/231/3078 484/230/3078 1455/691/3078
f 484/230/3079 47/229/3079 348/692/3079
f 1455/691/3080 348/692/3080 347/693/3080
f 1453/687/3081 1454/689/3081 347/693/3081
f 1453/687/3082 346/694/3082 6/695/3082
f 179/697/3083 1450/683/3083 1453/687/3083
f 1447/684/3084 1450/683/3084 179/697/3084
f 1457/698/3085 1460/702/3085 1459/699/3085
f 1457/698/3086 1458/711/3086 1461/701/3086
f 1459/699/3087 1460/702/3087 1463/703/3087
f 1461/701/3088 1464/713/3088 1463/703/3088
f 26/705/3089 285/708/3089 1456/700/3089
f 284/707/3090 1457/698/3090 1456/700/3090
f 283/709/3091 1458/711/3091 1457/698/3091
f 283/709/3092 10/773/3092 255/710/3092
f 1458/711/3093 255/710/3093 254/712/3093
f 254/712/3094 253/714/3094 1464/713/3094
f 253/714/3095 56/781/3095 489/197/3095
f 1464/713/3096 489/197/3096 488/195/3096
f 1463/703/3097 488/195/3097 487/196/3097
f 1462/704/3098 487/196/3098 73/193/3098
f 494/716/3099 1459/699/3099 1462/704/3099
f 495/706/3100 1456/700/3100 1459/699/3100
f 1465/717/3101 1466/720/3101 1469/718/3101
f 1466/720/3102 1467/729/3102 1470/721/3102
f 1469/718/3103 1472/724/3103 1471/722/3103
f 1469/718/3104 1470/721/3104 1473/723/3104
f 165/725/3105 1465/717/3105 334/726/3105
f 164/728/3106 1466/720/3106 1465/717/3106
f 164/728/3107 163/730/3107 1467/729/3107
f 26/705/3108 495/706/3108 1467/729/3108
f 495/706/3109 494/716/3109 1470/721/3109
f 494/716/3110 493/715/3110 1473/723/3110
f 1473/723/3111 493/715/3111 73/193/3111
f 1472/724/3112 1473/723/3112 492/731/3112
f 1471/722/3113 1472/724/3113 491/732/3113
f 1471/722/3114 490/733/3114 43/734/3114
f 335/736/3115 1468/719/3115 1471/722/3115
f 334/726/3116 1465/717/3116 1468/719/3116
f 1475/737/3117 1478/741/3117 1477/738/3117
f 1476/740/3118 1479/746/3118 1478/741/3118
f 1477/738/3119 1478/741/3119 1481/742/3119
f 1478/741/3120 1479/746/3120 1482/744/3120
f 43/734/3121 490/733/3121 1474/739/3121
f 491/732/3122 1475/737/3122 1474/739/3122
f 491/732/3123 492/731/3123 1476/740/3123
f 73/193/3124 498/194/3124 1476/740/3124
f 498/194/3125 497/207/3125 1479/746/3125
f 1479/746/3126 497/207/3126 496/205/3126
f 1482/744/3127 496/205/3127 55/206/3127
f 1482/744/3128 372/673/3128 371/672/3128
f 1481/742/3129 371/672/3129 370/669/3129
f 1480/743/3130 370/669/3130 15/671/3130
f 1477/738/3131 1480/743/3131 216/747/3131
f 1474/739/3132 1477/738/3132 215/748/3132
f 1483/749/3133 1484/753/3133 1487/750/3133
f 1485/752/3134 1488/762/3134 1487/750/3134
f 1487/750/3135 1490/756/3135 1489/754/3135
f 1487/750/3136 1488/762/3136 1491/755/3136
f 38/757/3137 321/759/3137 1483/749/3137
f 321/759/3138 320/761/3138 1484/753/3138
f 319/760/3139 1485/752/3139 1484/753/3139
f 319/760/3140 5/580/3140 195/579/3140
f 1485/752/3141 195/579/3141 194/589/3141
f 1488/762/3142 194/589/3142 193/587/3142
f 1491/755/3143 193/587/3143 36/588/3143
f 1491/755/3144 501/172/3144 500/173/3144
f 1490/756/3145 500/173/3145 499/171/3145
f 505/763/3146 1489/754/3146 499/171/3146
f 506/764/3147 1486/751/3147 1489/754/3147
f 507/758/3148 1483/749/3148 1486/751/3148
f 1492/765/3149 1493/769/3149 1496/766/3149
f 1494/768/3150 1497/771/3150 1496/766/3150
f 1496/766/3151 1499/772/3151 1498/770/3151
f 1497/771/3152 1500/777/3152 1499/772/3152
f 10/773/3153 201/775/3153 1492/765/3153
f 200/774/3154 1493/769/3154 1492/765/3154
f 199/776/3155 1494/768/3155 1493/769/3155
f 199/776/3156 38/757/3156 507/758/3156
f 507/758/3157 506/764/3157 1497/771/3157
f 506/764/3158 505/763/3158 1500/777/3158
f 505/763/3159 74/169/3159 504/778/3159
f 1500/777/3160 504/778/3160 503/779/3160
f 1499/772/3161 503/779/3161 502/780/3161
f 1498/770/3162 502/780/3162 56/781/3162
f 254/712/3163 1495/767/3163 1498/770/3163
f 1492/765/3164 1495/767/3164 254/712/3164
f 1501/782/3165 1502/786/3165 1505/783/3165
f 1503/785/3166 1506/790/3166 1505/783/3166
f 1504/784/3167 1505/783/3167 1508/787/3167
f 1505/783/3168 1506/790/3168 1509/789/3168
f 56/781/3169 502/780/3169 1501/782/3169
f 503/779/3170 1502/786/3170 1501/782/3170
f 504/778/3171 1503/785/3171 1502/786/3171
f 504/778/3172 74/169/3172 510/170/3172
f 1503/785/3173 510/170/3173 509/184/3173
f 509/184/3174 508/183/3174 1509/789/3174
f 1509/789/3175 508/183/3175 54/182/3175
f 1508/787/3176 1509/789/3176 369/791/3176
f 1508/787/3177 368/792/3177 367/793/3177
f 373/794/3178 1507/788/3178 367/793/3178
f 1504/784/3179 1507/788/3179 373/794/3179
f 375/198/3180 1501/782/3180 1504/784/3180
f 1511/795/3181 1514/799/3181 1513/796/3181
f 1511/795/3182 1512/804/3182 1515/798/3182
f 1514/799/3183 1517/802/3183 1516/800/3183
f 1514/799/3184 1515/798/3184 1518/801/3184
f 51/136/3185 238/134/3185 1510/797/3185
f 238/134/3186 239/133/3186 1511/795/3186
f 239/133/3187 240/132/3187 1512/804/3187
f 22/131/3188 246/805/3188 1512/804/3188
f 246/805/3189 245/953/3189 1515/798/3189
f 1515/798/3190 245/953/3190 244/806/3190
f 1518/801/3191 244/806/3191 53/151/3191
f 1518/801/3192 513/152/3192 512/149/3192
f 1516/800/3193 1517/802/3193 512/149/3193
f 517/807/3194 1516/800/3194 511/146/3194
f 1513/796/3195 1516/800/3195 517/807/3195
f 1510/797/3196 1513/796/3196 518/808/3196
f 1520/809/3197 1523/813/3197 1522/810/3197
f 1520/809/3198 1521/820/3198 1524/812/3198
f 1523/813/3199 1526/815/3199 1525/814/3199
f 1524/812/3200 1527/822/3200 1526/815/3200
f 11/816/3201 358/818/3201 1519/811/3201
f 358/818/3202 359/819/3202 1520/809/3202
f 359/819/3203 360/821/3203 1521/820/3203
f 51/136/3204 519/803/3204 1521/820/3204
f 1521/820/3205 519/803/3205 518/808/3205
f 1524/812/3206 518/808/3206 517/807/3206
f 517/807/3207 75/148/3207 516/823/3207
f 1526/815/3208 1527/822/3208 516/823/3208
f 1525/814/3209 1526/815/3209 515/824/3209
f 1525/814/3210 514/825/3210 27/826/3210
f 287/828/3211 1522/810/3211 1525/814/3211
f 286/817/3212 1519/811/3212 1522/810/3212
f 1529/829/3213 1532/833/3213 1531/830/3213
f 1530/832/3214 1533/836/3214 1532/833/3214
f 1531/830/3215 1532/833/3215 1535/834/3215
f 1533/836/3216 1536/838/3216 1535/834/3216
f 514/825/3217 1528/831/3217 166/837/3217
f 515/824/3218 1529/829/3218 1528/831/3218
f 516/823/3219 1530/832/3219 1529/829/3219
f 516/823/3220 75/148/3220 522/147/3220
f 1530/832/3221 522/147/3221 521/161/3221
f 521/161/3222 520/160/3222 1536/838/3222
f 1536/838/3223 520/160/3223 44/159/3223
f 1536/838/3224 339/839/3224 338/840/3224
f 1535/834/3225 338/840/3225 337/841/3225
f 1534/835/3226 337/841/3226 2/842/3226
f 167/844/3227 1531/830/3227 1534/835/3227
f 1528/831/3228 1531/830/3228 167/844/3228
f 1538/845/3229 1541/849/3229 1540/846/3229
f 1538/845/3230 1539/854/3230 1542/848/3230
f 1540/846/3231 1541/849/3231 1544/850/3231
f 1541/849/3232 1542/848/3232 1545/852/3232
f 226/228/3233 1537/847/3233 531/853/3233
f 226/228/3234 227/227/3234 1538/845/3234
f 227/227/3235 228/226/3235 1539/854/3235
f 19/225/3236 243/907/3236 1539/854/3236
f 1539/854/3237 243/907/3237 242/855/3237
f 242/855/3238 241/856/3238 1545/852/3238
f 241/856/3239 52/915/3239 525/127/3239
f 1545/852/3240 525/127/3240 524/126/3240
f 1544/850/3241 524/126/3241 523/123/3241
f 1543/851/3242 523/123/3242 76/125/3242
f 530/858/3243 1540/846/3243 1543/851/3243
f 531/853/3244 1537/847/3244 1540/846/3244
f 1546/859/3245 1547/863/3245 1550/860/3245
f 1548/862/3246 1551/865/3246 1550/860/3246
f 1550/860/3247 1553/866/3247 1552/864/3247
f 1551/865/3248 1554/868/3248 1553/866/3248
f 346/694/3249 1546/859/3249 322/867/3249
f 347/693/3250 1547/863/3250 1546/859/3250
f 347/693/3251 348/692/3251 1548/862/3251
f 348/692/3252 47/229/3252 531/853/3252
f 1548/862/3253 531/853/3253 530/858/3253
f 530/858/3254 529/857/3254 1554/868/3254
f 1554/868/3255 529/857/3255 76/125/3255
f 1554/868/3256 528/869/3256 527/870/3256
f 1553/866/3257 527/870/3257 526/871/3257
f 1552/864/3258 526/871/3258 39/872/3258
f 323/874/3259 1549/861/3259 1552/864/3259
f 322/867/3260 1546/859/3260 1549/861/3260
f 1556/875/3261 1559/879/3261 1558/876/3261
f 1557/878/3262 1560/884/3262 1559/879/3262
f 1559/879/3263 1562/882/3263 1561/880/3263
f 1559/879/3264 1560/884/3264 1563/881/3264
f 526/871/3265 1555/877/3265 202/883/3265
f 526/871/3266 527/870/3266 1556/875/3266
f 528/869/3267 1557/878/3267 1556/875/3267
f 528/869/3268 76/125/3268 534/124/3268
f 534/124/3269 533/137/3269 1560/884/3269
f 1560/884/3270 533/137/3270 532/135/3270
f 1563/881/3271 532/135/3271 51/136/3271
f 1563/881/3272 360/821/3272 359/819/3272
f 1562/882/3273 359/819/3273 358/818/3273
f 1561/880/3274 358/818/3274 11/816/3274
f 1558/876/3275 1561/880/3275 204/885/3275
f 202/883/3276 1555/877/3276 1558/876/3276
f 1565/887/3277 1568/891/3277 1567/888/3277
f 1566/890/3278 1569/893/3278 1568/891/3278
f 1568/891/3279 1571/894/3279 1570/892/3279
f 1569/893/3280 1572/896/3280 1571/894/3280
f 35/66/3281 190/65/3281 1564/889/3281
f 190/65/3282 191/64/3282 1565/887/3282
f 192/63/3283 1566/890/3283 1565/887/3283
f 9/442/3284 198/443/3284 1566/890/3284
f 1566/890/3285 198/443/3285 197/452/3285
f 1569/893/3286 197/452/3286 196/451/3286
f 196/451/3287 37/104/3287 537/105/3287
f 1572/896/3288 537/105/3288 536/102/3288
f 1570/892/3289 1571/894/3289 536/102/3289
f 1570/892/3290 535/101/3290 77/99/3290
f 542/898/3291 1567/888/3291 1570/892/3291
f 1564/889/3292 1567/888/3292 542/898/3292
f 1573/899/3293 1574/902/3293 1577/900/3293
f 1574/902/3294 1575/909/3294 1578/903/3294
f 1576/901/3295 1577/900/3295 1580/904/3295
f 1578/903/3296 1581/911/3296 1580/904/3296
f 310/906/3297 1573/899/3297 243/907/3297
f 311/908/3298 1574/902/3298 1573/899/3298
f 311/908/3299 312/910/3299 1575/909/3299
f 35/66/3300 543/895/3300 1575/909/3300
f 1575/909/3301 543/895/3301 542/898/3301
f 1578/903/3302 542/898/3302 541/897/3302
f 541/897/3303 77/99/3303 540/912/3303
f 1581/911/3304 540/912/3304 539/913/3304
f 1579/905/3305 1580/904/3305 539/913/3305
f 241/856/3306 1579/905/3306 538/914/3306
f 242/855/3307 1576/901/3307 1579/905/3307
f 243/907/3308 1573/899/3308 1576/901/3308
f 1583/916/3309 1586/920/3309 1585/917/3309
f 1584/919/3310 1587/924/3310 1586/920/3310
f 1585/917/3311 1586/920/3311 1589/921/3311
f 1586/920/3312 1587/924/3312 1590/923/3312
f 538/914/3313 1582/918/3313 363/128/3313
f 538/914/3314 539/913/3314 1583/916/3314
f 539/913/3315 540/912/3315 1584/919/3315
f 540/912/3316 77/99/3316 546/100/3316
f 1584/919/3317 546/100/3317 545/114/3317
f 545/114/3318 544/113/3318 1590/923/3318
f 1590/923/3319 544/113/3319 50/112/3319
f 1589/921/3320 1590/923/3320 357/925/3320
f 1588/922/3321 1589/921/3321 356/926/3321
f 1588/922/3322 355/927/3322 22/131/3322
f 1585/917/3323 1588/922/3323 361/130/3323
f 363/128/3324 1582/918/3324 1585/917/3324
f 1592/929/3325 1595/933/3325 1594/930/3325
f 1592/929/3326 1593/938/3326 1596/932/3326
f 1595/933/3327 1598/936/3327 1597/934/3327
f 1595/933/3328 1596/932/3328 1599/935/3328
f 50/112/3329 235/111/3329 1591/931/3329
f 236/110/3330 1592/929/3330 1591/931/3330
f 237/109/3331 1593/938/3331 1592/929/3331
f 237/109/3332 21/397/3332 234/396/3332
f 1593/938/3333 234/396/3333 233/406/3333
f 233/406/3334 232/404/3334 1599/935/3334
f 1599/935/3335 232/404/3335 49/405/3335
f 1598/936/3336 1599/935/3336 549/81/3336
f 1598/936/3337 548/80/3337 547/77/3337
f 1597/934/3338 547/77/3338 78/79/3338
f 554/940/3339 1594/930/3339 1597/934/3339
f 555/937/3340 1591/931/3340 1594/930/3340
f 1600/941/3341 1601/945/3341 1604/942/3341
f 1602/944/3342 1605/949/3342 1604/942/3342
f 1604/942/3343 1607/948/3343 1606/946/3343
f 1604/942/3344 1605/949/3344 1608/947/3344
f 22/131/3345 355/927/3345 1600/941/3345
f 356/926/3346 1601/945/3346 1600/941/3346
f 356/926/3347 357/925/3347 1602/944/3347
f 50/112/3348 555/937/3348 1602/944/3348
f 555/937/3349 554/940/3349 1605/949/3349
f 554/940/3350 553/939/3350 1608/947/3350
f 1608/947/3351 553/939/3351 78/79/3351
f 1607/948/3352 1608/947/3352 552/950/3352
f 1607/948/3353 551/951/3353 550/952/3353
f 244/806/3354 1606/946/3354 550/952/3354
f 1603/943/3355 1606/946/3355 244/806/3355
f 246/805/3356 1600/941/3356 1603/943/3356
f 1610/954/3357 1613/958/3357 1612/955/3357
f 1611/957/3358 1614/963/3358 1613/958/3358
f 1612/955/3359 1613/958/3359 1616/959/3359
f 1613/958/3360 1614/963/3360 1617/961/3360
f 550/952/3361 1609/956/3361 366/962/3361
f 550/952/3362 551/951/3362 1610/954/3362
f 552/950/3363 1611/957/3363 1610/954/3363
f 78/79/3364 558/78/3364 1611/957/3364
f 1611/957/3365 558/78/3365 557/91/3365
f 557/91/3366 556/90/3366 1617/961/3366
f 1617/961/3367 556/90/3367 32/89/3367
f 1617/961/3368 303/964/3368 302/965/3368
f 1615/960/3369 1616/959/3369 302/965/3369
f 1615/960/3370 301/966/3370 16/155/3370
f 1612/955/3371 1615/960/3371 364/154/3371
f 366/962/3372 1609/956/3372 1612/955/3372
f 1619/967/3373 1622/971/3373 1621/968/3373
f 1620/970/3374 1623/974/3374 1622/971/3374
f 1621/968/3375 1622/971/3375 1625/972/3375
f 1623/974/3376 1626/976/3376 1625/972/3376
f 54/182/3377 247/181/3377 1618/969/3377
f 248/180/3378 1619/967/3378 1618/969/3378
f 248/180/3379 249/179/3379 1620/970/3379
f 20/178/3380 231/530/3380 1620/970/3380
f 1620/970/3381 231/530/3381 230/539/3381
f 230/539/3382 229/538/3382 1626/976/3382
f 1626/976/3383 229/538/3383 48/537/3383
f 1625/972/3384 1626/976/3384 561/58/3384
f 1625/972/3385 560/59/3385 559/57/3385
f 1624/973/3386 559/57/3386 79/55/3386
f 1621/968/3387 1624/973/3387 565/977/3387
f 567/975/3388 1618/969/3388 1621/968/3388
f 1627/979/3389 1628/983/3389 1631/980/3389
f 1629/982/3390 1632/987/3390 1631/980/3390
f 1631/980/3391 1634/986/3391 1633/984/3391
f 1631/980/3392 1632/987/3392 1635/985/3392
f 367/793/3393 1627/979/3393 258/657/3393
f 368/792/3394 1628/983/3394 1627/979/3394
f 369/791/3395 1629/982/3395 1628/983/3395
f 54/182/3396 567/975/3396 1629/982/3396
f 567/975/3397 566/978/3397 1632/987/3397
f 1632/987/3398 566/978/3398 565/977/3398
f 565/977/3399 79/55/3399 564/988/3399
f 1635/985/3400 564/988/3400 563/989/3400
f 1634/986/3401 563/989/3401 562/990/3401
f 1633/984/3402 562/990/3402 57/221/3402
f 1630/981/3403 1633/984/3403 256/991/3403
f 258/657/3404 1627/979/3404 1630/981/3404
f 1637/992/3405 1640/996/3405 1639/993/3405
f 1638/995/3406 1641/1001/3406 1640/996/3406
f 1639/993/3407 1640/996/3407 1643/997/3407
f 1640/996/3408 1641/1001/3408 1644/999/3408
f 562/990/3409 1636/994/3409 378/1000/3409
f 562/990/3410 563/989/3410 1637/992/3410
f 563/989/3411 564/988/3411 1638/995/3411
f 79/55/3412 570/56/3412 1638/995/3412
f 1638/995/3413 570/56/3413 569/68/3413
f 569/68/3414 568/67/3414 1644/999/3414
f 1644/999/3415 568/67/3415 35/66/3415
f 1644/999/3416 312/910/3416 311/908/3416
f 1643/997/3417 311/908/3417 310/906/3417
f 376/224/3418 1642/998/3418 310/906/3418
f 1639/993/3419 1642/998/3419 376/224/3419
f 378/1000/3420 1636/994/3420 1639/993/3420
f 1645/1002/3421 1646/1006/3421 1649/1003/3421
f 1647/1005/3422 1650/1009/3422 1649/1003/3422
f 1648/1004/3423 1649/1003/3423 1652/1007/3423
f 1650/1009/3424 1653/1013/3424 1652/1007/3424
f 259/251/3425 1645/1002/3425 579/1010/3425
f 260/250/3426 1646/1006/3426 1645/1002/3426
f 260/250/3427 261/249/3427 1647/1005/3427
f 13/248/3428 210/1011/3428 1647/1005/3428
f 210/1011/3429 209/1430/3429 1650/1009/3429
f 1650/1009/3430 209/1430/3430 208/1012/3430
f 208/1012/3431 41/1090/3431 573/35/3431
f 1652/1007/3432 1653/1013/3432 573/35/3432
f 1651/1008/3433 1652/1007/3433 572/36/3433
f 1651/1008/3434 571/34/3434 80/32/3434
f 578/1015/3435 1648/1004/3435 1651/1008/3435
f 579/1010/3436 1645/1002/3436 1648/1004/3436
f 1654/1016/3437 1655/1020/3437 1658/1017/3437
f 1656/1019/3438 1659/1024/3438 1658/1017/3438
f 1658/1017/3439 1661/1023/3439 1660/1021/3439
f 1658/1017/3440 1659/1024/3440 1662/1022/3440
f 24/271/3441 379/646/3441 1654/1016/3441
f 380/645/3442 1655/1020/3442 1654/1016/3442
f 381/644/3443 1656/1019/3443 1655/1020/3443
f 381/644/3444 58/252/3444 579/1010/3444
f 579/1010/3445 578/1015/3445 1659/1024/3445
f 1659/1024/3446 578/1015/3446 577/1014/3446
f 577/1014/3447 80/32/3447 576/1025/3447
f 1661/1023/3448 1662/1022/3448 576/1025/3448
f 1661/1023/3449 575/1026/3449 574/1027/3449
f 268/518/3450 1660/1021/3450 574/1027/3450
f 1657/1018/3451 1660/1021/3451 268/518/3451
f 1654/1016/3452 1657/1018/3452 269/517/3452
f 1664/1028/3453 1667/1032/3453 1666/1029/3453
f 1664/1028/3454 1665/1035/3454 1668/1031/3454
f 1666/1029/3455 1667/1032/3455 1670/1033/3455
f 1668/1031/3456 1671/1036/3456 1670/1033/3456
f 574/1027/3457 1663/1030/3457 390/292/3457
f 574/1027/3458 575/1026/3458 1664/1028/3458
f 576/1025/3459 1665/1035/3459 1664/1028/3459
f 576/1025/3460 80/32/3460 582/33/3460
f 1665/1035/3461 582/33/3461 581/46/3461
f 581/46/3462 580/45/3462 1671/1036/3462
f 1671/1036/3463 580/45/3463 34/44/3463
f 1670/1033/3464 1671/1036/3464 309/488/3464
f 1670/1033/3465 308/487/3465 307/485/3465
f 388/294/3466 1669/1034/3466 307/485/3466
f 389/1037/3467 1666/1029/3467 1669/1034/3467
f 390/292/3468 1663/1030/3468 1666/1029/3468
f 1672/1038/3469 1673/1042/3469 1676/1039/3469
f 1674/1041/3470 1677/1045/3470 1676/1039/3470
f 1675/1040/3471 1676/1039/3471 1679/1043/3471
f 1677/1045/3472 1680/1048/3472 1679/1043/3472
f 271/321/3473 1672/1038/3473 591/1046/3473
f 272/320/3474 1673/1042/3474 1672/1038/3474
f 272/320/3475 273/319/3475 1674/1041/3475
f 17/318/3476 222/1446/3476 1674/1041/3476
f 1674/1041/3477 222/1446/3477 221/1047/3477
f 221/1047/3478 220/1049/3478 1680/1048/3478
f 220/1049/3479 45/14/3479 585/12/3479
f 1679/1043/3480 1680/1048/3480 585/12/3480
f 1678/1044/3481 1679/1043/3481 584/13/3481
f 589/1050/3482 1678/1044/3482 583/11/3482
f 590/1051/3483 1675/1040/3483 1678/1044/3483
f 591/1046/3484 1672/1038/3484 1675/1040/3484
f 1681/1052/3485 1682/1055/3485 1685/1053/3485
f 1682/1055/3486 1683/1060/3486 1686/1056/3486
f 1685/1053/3487 1688/1059/3487 1687/1057/3487
f 1685/1053/3488 1686/1056/3488 1689/1058/3488
f 391/504/3489 1681/1052/3489 282/380/3489
f 392/503/3490 1682/1055/3490 1681/1052/3490
f 393/502/3491 1683/1060/3491 1682/1055/3491
f 393/502/3492 62/323/3492 591/1046/3492
f 591/1046/3493 590/1051/3493 1686/1056/3493
f 590/1051/3494 589/1050/3494 1689/1058/3494
f 589/1050/3495 81/9/3495 588/1061/3495
f 1688/1059/3496 1689/1058/3496 588/1061/3496
f 1687/1057/3497 1688/1059/3497 587/1062/3497
f 280/383/3498 1687/1057/3498 586/1063/3498
f 281/382/3499 1684/1054/3499 1687/1057/3499
f 1681/1052/3500 1684/1054/3500 281/382/3500
f 1691/1064/3501 1694/1068/3501 1693/1065/3501
f 1691/1064/3502 1692/1071/3502 1695/1067/3502
f 1694/1068/3503 1697/1070/3503 1696/1069/3503
f 1695/1067/3504 1698/1072/3504 1697/1070/3504
f 586/1063/3505 1690/1066/3505 402/364/3505
f 586/1063/3506 587/1062/3506 1691/1064/3506
f 587/1062/3507 588/1061/3507 1692/1071/3507
f 81/9/3508 594/10/3508 1692/1071/3508
f 1692/1071/3509 594/10/3509 593/23/3509
f 593/23/3510 592/22/3510 1698/1072/3510
f 1698/1072/3511 592/22/3511 28/21/3511
f 1697/1070/3512 1698/1072/3512 291/1073/3512
f 1697/1070/3513 290/1074/3513 289/1075/3513
f 400/365/3514 1696/1069/3514 289/1075/3514
f 401/1077/3515 1693/1065/3515 1696/1069/3515
f 402/364/3516 1690/1066/3516 1693/1065/3516
f 1700/3/3517 1703/2/3517 1702/1078/3517
f 1701/1079/3518 1704/8/3518 1703/2/3518
f 1703/2/3519 1706/16/3519 1705/1080/3519
f 1703/2/3520 1704/8/3520 1707/7/3520
f 162/9/3521 1026/1082/3521 1699/1/3521
f 1025/23/3522 1700/3/3522 1699/1/3522
f 1024/22/3523 1701/1079/3523 1700/3/3523
f 86/21/3524 601/20/3524 1701/1079/3524
f 601/20/3525 602/19/3525 1704/8/3525
f 1704/8/3526 602/19/3526 603/18/3526
f 603/18/3527 87/1529/3527 772/17/3527
f 1707/7/3528 772/17/3528 773/15/3528
f 1705/1080/3529 1706/16/3529 773/15/3529
f 1705/1080/3530 774/1083/3530 117/14/3530
f 1702/1078/3531 1705/1080/3531 1017/12/3531
f 1015/1081/3532 1699/1/3532 1702/1078/3532
f 1709/1084/3533 1712/28/3533 1711/1085/3533
f 1710/1086/3534 1713/31/3534 1712/28/3534
f 1712/28/3535 1715/39/3535 1714/1087/3535
f 1712/28/3536 1713/31/3536 1716/30/3536
f 161/32/3537 1014/1089/3537 1708/26/3537
f 1013/46/3538 1709/1084/3538 1708/26/3538
f 1012/45/3539 1710/1086/3539 1709/1084/3539
f 98/44/3540 619/43/3540 1710/1086/3540
f 1710/1086/3541 619/43/3541 620/42/3541
f 1713/31/3542 620/42/3542 621/41/3542
f 621/41/3543 97/1214/3543 760/40/3543
f 1716/30/3544 760/40/3544 761/38/3544
f 1714/1087/3545 1715/39/3545 761/38/3545
f 1005/35/3546 1714/1087/3546 762/37/3546
f 1711/1085/3547 1714/1087/3547 1005/35/3547
f 1003/1088/3548 1708/26/3548 1711/1085/3548
f 1717/47/3549 1718/1093/3549 1721/48/3549
f 1719/1092/3550 1722/54/3550 1721/48/3550
f 1721/48/3551 1724/1095/3551 1723/1094/3551
f 1722/54/3552 1725/62/3552 1724/1095/3552
f 160/55/3553 1002/1097/3553 1717/47/3553
f 1001/68/3554 1718/1093/3554 1717/47/3554
f 1000/67/3555 1719/1092/3555 1718/1093/3555
f 99/66/3556 622/65/3556 1719/1092/3556
f 1719/1092/3557 622/65/3557 623/64/3557
f 1722/54/3558 623/64/3558 624/63/3558
f 624/63/3559 100/442/3559 781/61/3559
f 1724/1095/3560 1725/62/3560 781/61/3560
f 1724/1095/3561 782/549/3561 783/60/3561
f 993/58/3562 1723/1094/3562 783/60/3562
f 1720/1091/3563 1723/1094/3563 993/58/3563
f 991/1096/3564 1717/47/3564 1720/1091/3564
f 1726/69/3565 1727/1100/3565 1730/70/3565
f 1728/1099/3566 1731/76/3566 1730/70/3566
f 1730/70/3567 1733/1102/3567 1732/1101/3567
f 1731/76/3568 1734/84/3568 1733/1102/3568
f 990/1103/3569 1726/69/3569 979/1104/3569
f 989/91/3570 1727/1100/3570 1726/69/3570
f 989/91/3571 988/90/3571 1728/1099/3571
f 94/89/3572 613/88/3572 1728/1099/3572
f 613/88/3573 614/87/3573 1731/76/3573
f 1731/76/3574 614/87/3574 615/86/3574
f 615/86/3575 95/419/3575 784/85/3575
f 1734/84/3576 784/85/3576 785/83/3576
f 1733/1102/3577 785/83/3577 786/82/3577
f 981/81/3578 1732/1101/3578 786/82/3578
f 980/80/3579 1729/1098/3579 1732/1101/3579
f 1726/69/3580 1729/1098/3580 980/80/3580
f 1736/1105/3581 1739/96/3581 1738/1106/3581
f 1736/1105/3582 1737/1111/3582 1740/97/3582
f 1738/1106/3583 1739/96/3583 1742/1107/3583
f 1740/97/3584 1743/107/3584 1742/1107/3584
f 158/99/3585 978/1110/3585 1735/94/3585
f 977/114/3586 1736/1105/3586 1735/94/3586
f 977/114/3587 976/113/3587 1737/1111/3587
f 127/112/3588 667/111/3588 1737/1111/3588
f 667/111/3589 668/110/3589 1740/97/3589
f 1740/97/3590 668/110/3590 669/109/3590
f 669/109/3591 126/397/3591 748/108/3591
f 1743/107/3592 748/108/3592 749/106/3592
f 1741/1108/3593 1742/1107/3593 749/106/3593
f 1741/1108/3594 750/461/3594 102/104/3594
f 968/102/3595 1738/1106/3595 1741/1108/3595
f 967/1109/3596 1735/94/3596 1738/1106/3596
f 1744/115/3597 1745/117/3597 1748/116/3597
f 1745/117/3598 1746/1116/3598 1749/1113/3598
f 1748/116/3599 1751/129/3599 1750/118/3599
f 1748/116/3600 1749/1113/3600 1752/122/3600
f 966/1114/3601 1744/115/3601 955/1115/3601
f 966/1114/3602 965/137/3602 1745/117/3602
f 964/135/3603 1746/1116/3603 1745/117/3603
f 964/135/3604 128/136/3604 670/134/3604
f 670/134/3605 671/133/3605 1749/1113/3605
f 671/133/3606 672/132/3606 1752/122/3606
f 1752/122/3607 672/132/3607 129/131/3607
f 1751/129/3608 1752/122/3608 793/130/3608
f 1751/129/3609 794/928/3609 795/128/3609
f 957/127/3610 1750/118/3610 795/128/3610
f 956/126/3611 1747/1112/3611 1750/118/3611
f 955/1115/3612 1744/115/3612 1747/1112/3612
f 1754/139/3613 1757/142/3613 1756/1117/3613
f 1755/143/3614 1758/1120/3614 1757/142/3614
f 1756/1117/3615 1757/142/3615 1760/141/3615
f 1757/142/3616 1758/1120/3616 1761/144/3616
f 954/1118/3617 1753/140/3617 943/1119/3617
f 953/161/3618 1754/139/3618 1753/140/3618
f 952/160/3619 1755/143/3619 1754/139/3619
f 115/159/3620 649/158/3620 1755/143/3620
f 649/158/3621 650/157/3621 1758/1120/3621
f 1758/1120/3622 650/157/3622 651/156/3622
f 1761/144/3623 651/156/3623 116/155/3623
f 1760/141/3624 1761/144/3624 796/154/3624
f 1759/150/3625 1760/141/3625 797/153/3625
f 1759/150/3626 798/962/3626 131/151/3626
f 944/149/3627 1756/1117/3627 1759/150/3627
f 1753/140/3628 1756/1117/3628 944/149/3628
f 1763/1121/3629 1766/166/3629 1765/1122/3629
f 1763/1121/3630 1764/1128/3630 1767/167/3630
f 1765/1122/3631 1766/166/3631 1769/1124/3631
f 1767/167/3632 1770/177/3632 1769/1124/3632
f 155/169/3633 942/1127/3633 1762/1123/3633
f 941/184/3634 1763/1121/3634 1762/1123/3634
f 941/184/3635 940/183/3635 1764/1128/3635
f 132/182/3636 679/181/3636 1764/1128/3636
f 679/181/3637 680/180/3637 1767/167/3637
f 1767/167/3638 680/180/3638 681/179/3638
f 1770/177/3639 681/179/3639 124/178/3639
f 1770/177/3640 745/599/3640 746/176/3640
f 1768/1125/3641 1769/1124/3641 746/176/3641
f 933/172/3642 1768/1125/3642 747/174/3642
f 1765/1122/3643 1768/1125/3643 933/172/3643
f 931/1126/3644 1762/1123/3644 1765/1122/3644
f 1772/1129/3645 1775/189/3645 1774/1130/3645
f 1773/1132/3646 1776/1135/3646 1775/189/3646
f 1775/189/3647 1778/199/3647 1777/188/3647
f 1775/189/3648 1776/1135/3648 1779/191/3648
f 154/193/3649 930/1134/3649 1771/1131/3649
f 930/1134/3650 929/207/3650 1772/1129/3650
f 928/205/3651 1773/1132/3651 1772/1129/3651
f 928/205/3652 133/206/3652 682/204/3652
f 1773/1132/3653 682/204/3653 683/203/3653
f 683/203/3654 684/202/3654 1779/191/3654
f 1779/191/3655 684/202/3655 134/201/3655
f 1779/191/3656 805/794/3656 806/200/3656
f 1778/199/3657 806/200/3657 807/198/3657
f 921/197/3658 1777/188/3658 807/198/3658
f 1774/1130/3659 1777/188/3659 921/197/3659
f 1771/1131/3660 1774/1130/3660 920/195/3660
f 1781/1136/3661 1784/212/3661 1783/1137/3661
f 1781/1136/3662 1782/1142/3662 1785/1138/3662
f 1783/1137/3663 1784/212/3663 1787/211/3663
f 1784/212/3664 1785/1138/3664 1788/215/3664
f 918/1140/3665 1780/210/3665 907/1141/3665
f 917/231/3666 1781/1136/3666 1780/210/3666
f 916/230/3667 1782/1142/3667 1781/1136/3667
f 121/229/3668 658/228/3668 1782/1142/3668
f 658/228/3669 659/227/3669 1785/1138/3669
f 1785/1138/3670 659/227/3670 660/226/3670
f 1788/215/3671 660/226/3671 122/225/3671
f 1787/211/3672 1788/215/3672 808/224/3672
f 1786/1139/3673 1787/211/3673 809/223/3673
f 1786/1139/3674 810/1000/3674 136/221/3674
f 908/219/3675 1783/1137/3675 1786/1139/3675
f 1780/210/3676 1783/1137/3676 908/219/3676
f 1790/1143/3677 1793/236/3677 1792/1144/3677
f 1791/1146/3678 1794/239/3678 1793/236/3678
f 1793/236/3679 1796/247/3679 1795/1147/3679
f 1793/236/3680 1794/239/3680 1797/238/3680
f 906/1148/3681 1789/1145/3681 895/1149/3681
f 905/254/3682 1790/1143/3682 1789/1145/3682
f 905/254/3683 904/253/3683 1791/1146/3683
f 137/252/3684 691/251/3684 1791/1146/3684
f 1791/1146/3685 691/251/3685 692/250/3685
f 692/250/3686 693/249/3686 1797/238/3686
f 1797/238/3687 693/249/3687 110/248/3687
f 1797/238/3688 724/1150/3688 725/246/3688
f 1795/1147/3689 1796/247/3689 725/246/3689
f 1795/1147/3690 726/1151/3690 88/245/3690
f 1792/1144/3691 1795/1147/3691 897/243/3691
f 895/1149/3692 1789/1145/3692 1792/1144/3692
f 1798/1152/3693 1799/1155/3693 1802/256/3693
f 1800/1154/3694 1803/1158/3694 1802/256/3694
f 1802/256/3695 1805/269/3695 1804/258/3695
f 1802/256/3696 1803/1158/3696 1806/261/3696
f 151/263/3697 894/1157/3697 1798/1152/3697
f 893/277/3698 1799/1155/3698 1798/1152/3698
f 892/275/3699 1800/1154/3699 1799/1155/3699
f 892/275/3700 138/276/3700 694/274/3700
f 1800/1154/3701 694/274/3701 695/273/3701
f 695/273/3702 696/272/3702 1806/261/3702
f 1806/261/3703 696/272/3703 139/271/3703
f 1805/269/3704 1806/261/3704 817/270/3704
f 1805/269/3705 818/647/3705 819/268/3705
f 885/267/3706 1804/258/3706 819/268/3706
f 884/266/3707 1801/1153/3707 1804/258/3707
f 883/1156/3708 1798/1152/3708 1801/1153/3708
f 1807/278/3709 1808/1161/3709 1811/279/3709
f 1809/1160/3710 1812/1165/3710 1811/279/3710
f 1811/279/3711 1814/293/3711 1813/1162/3711
f 1811/279/3712 1812/1165/3712 1815/284/3712
f 882/1163/3713 1807/278/3713 871/1164/3713
f 881/301/3714 1808/1161/3714 1807/278/3714
f 881/301/3715 880/300/3715 1809/1160/3715
f 119/299/3716 655/298/3716 1809/1160/3716
f 1809/1160/3717 655/298/3717 656/297/3717
f 656/297/3718 657/296/3718 1815/284/3718
f 1815/284/3719 657/296/3719 120/295/3719
f 1814/293/3720 1815/284/3720 820/294/3720
f 1814/293/3721 821/1037/3721 822/292/3721
f 1813/1162/3722 822/292/3722 141/291/3722
f 1810/1159/3723 1813/1162/3723 873/290/3723
f 1807/278/3724 1810/1159/3724 872/289/3724
f 1817/303/3725 1820/306/3725 1819/1166/3725
f 1818/1167/3726 1821/309/3726 1820/306/3726
f 1820/306/3727 1823/308/3727 1822/1168/3727
f 1821/309/3728 1824/317/3728 1823/308/3728
f 870/1169/3729 1816/304/3729 859/1170/3729
f 869/324/3730 1817/303/3730 1816/304/3730
f 869/324/3731 868/322/3731 1818/1167/3731
f 868/322/3732 142/323/3732 703/321/3732
f 1818/1167/3733 703/321/3733 704/320/3733
f 704/320/3734 705/319/3734 1824/317/3734
f 1824/317/3735 705/319/3735 118/318/3735
f 1824/317/3736 736/1171/3736 737/316/3736
f 1822/1168/3737 1823/308/3737 737/316/3737
f 861/314/3738 1822/1168/3738 738/315/3738
f 860/313/3739 1819/1166/3739 1822/1168/3739
f 859/1170/3740 1816/304/3740 1819/1166/3740
f 1826/1173/3741 1829/329/3741 1828/1174/3741
f 1827/1175/3742 1830/1178/3742 1829/329/3742
f 1829/329/3743 1832/340/3743 1831/328/3743
f 1829/329/3744 1830/1178/3744 1833/331/3744
f 858/1176/3745 1825/327/3745 847/1177/3745
f 857/348/3746 1826/1173/3746 1825/327/3746
f 857/348/3747 856/346/3747 1827/1175/3747
f 856/346/3748 143/347/3748 706/345/3748
f 1827/1175/3749 706/345/3749 707/344/3749
f 707/344/3750 708/343/3750 1833/331/3750
f 1833/331/3751 708/343/3751 144/342/3751
f 1832/340/3752 1833/331/3752 829/341/3752
f 1832/340/3753 830/505/3753 831/339/3753
f 1831/328/3754 831/339/3754 145/338/3754
f 1828/1174/3755 1831/328/3755 849/336/3755
f 847/1177/3756 1825/327/3756 1828/1174/3756
f 1834/349/3757 1835/1180/3757 1838/350/3757
f 1835/1180/3758 1836/355/3758 1839/1181/3758
f 1837/1179/3759 1838/350/3759 1841/353/3759
f 1838/350/3760 1839/1181/3760 1842/356/3760
f 846/1182/3761 1834/349/3761 835/1183/3761
f 845/371/3762 1835/1180/3762 1834/349/3762
f 845/371/3763 844/370/3763 1836/355/3763
f 107/369/3764 637/368/3764 1836/355/3764
f 637/368/3765 638/367/3765 1839/1181/3765
f 1839/1181/3766 638/367/3766 639/366/3766
f 639/366/3767 108/1076/3767 832/365/3767
f 1841/353/3768 1842/356/3768 832/365/3768
f 1841/353/3769 833/1077/3769 834/364/3769
f 1840/361/3770 834/364/3770 146/362/3770
f 836/360/3771 1837/1179/3771 1840/361/3771
f 1834/349/3772 1837/1179/3772 836/360/3772
f 1843/1184/3773 1844/1187/3773 1847/373/3773
f 1845/1186/3774 1848/1189/3774 1847/373/3774
f 1846/1185/3775 1847/373/3775 1850/376/3775
f 1848/1189/3776 1851/384/3776 1850/376/3776
f 843/1190/3777 1843/1184/3777 706/345/3777
f 842/386/3778 1844/1187/3778 1843/1184/3778
f 841/385/3779 1845/1186/3779 1844/1187/3779
f 841/385/3780 147/359/3780 835/1183/3780
f 835/1183/3781 836/360/3781 1848/1189/3781
f 1848/1189/3782 836/360/3782 837/363/3782
f 837/363/3783 146/362/3783 712/383/3783
f 1850/376/3784 1851/384/3784 712/383/3784
f 1849/1188/3785 1850/376/3785 713/382/3785
f 708/343/3786 1849/1188/3786 714/380/3786
f 1846/1185/3787 1849/1188/3787 708/343/3787
f 706/345/3788 1843/1184/3788 1846/1185/3788
f 1853/388/3789 1856/391/3789 1855/1191/3789
f 1854/1193/3790 1857/394/3790 1856/391/3790
f 1856/391/3791 1859/393/3791 1858/1194/3791
f 1856/391/3792 1857/394/3792 1860/400/3792
f 666/1195/3793 1852/1192/3793 826/1196/3793
f 666/1195/3794 665/406/3794 1853/388/3794
f 665/406/3795 664/404/3795 1854/1193/3795
f 664/404/3796 125/405/3796 838/403/3796
f 1854/1193/3797 838/403/3797 839/402/3797
f 839/402/3798 840/401/3798 1860/400/3798
f 840/401/3799 147/359/3799 841/385/3799
f 1860/400/3800 841/385/3800 842/386/3800
f 1858/1194/3801 1859/393/3801 842/386/3801
f 828/399/3802 1858/1194/3802 843/1190/3802
f 827/398/3803 1855/1191/3803 1858/1194/3803
f 826/1196/3804 1852/1192/3804 1855/1191/3804
f 1861/407/3805 1862/409/3805 1865/408/3805
f 1863/412/3806 1866/414/3806 1865/408/3806
f 1865/408/3807 1868/413/3807 1867/410/3807
f 1866/414/3808 1869/415/3808 1868/413/3808
f 125/405/3809 786/82/3809 1861/407/3809
f 786/82/3810 785/83/3810 1862/409/3810
f 784/85/3811 1863/412/3811 1862/409/3811
f 784/85/3812 95/419/3812 757/418/3812
f 757/418/3813 758/417/3813 1866/414/3813
f 758/417/3814 759/416/3814 1869/415/3814
f 1869/415/3815 759/416/3815 107/369/3815
f 1869/415/3816 844/370/3816 845/371/3816
f 1868/413/3817 845/371/3817 846/1182/3817
f 840/401/3818 1867/410/3818 846/1182/3818
f 1864/1197/3819 1867/410/3819 840/401/3819
f 1861/407/3820 1864/1197/3820 839/402/3820
f 1871/1198/3821 1874/424/3821 1873/1199/3821
f 1872/425/3822 1875/1202/3822 1874/424/3822
f 1873/1199/3823 1874/424/3823 1877/423/3823
f 1874/424/3824 1875/1202/3824 1878/426/3824
f 855/1201/3825 1870/422/3825 655/298/3825
f 855/1201/3826 854/433/3826 1871/1198/3826
f 854/433/3827 853/432/3827 1872/425/3827
f 148/335/3828 847/1177/3828 1872/425/3828
f 847/1177/3829 848/337/3829 1875/1202/3829
f 1875/1202/3830 848/337/3830 849/336/3830
f 849/336/3831 145/338/3831 709/431/3831
f 1877/423/3832 1878/426/3832 709/431/3832
f 1876/1200/3833 1877/423/3833 710/430/3833
f 1876/1200/3834 711/486/3834 120/295/3834
f 656/297/3835 1873/1199/3835 1876/1200/3835
f 1870/422/3836 1873/1199/3836 656/297/3836
f 1879/434/3837 1880/436/3837 1883/435/3837
f 1880/436/3838 1881/440/3838 1884/439/3838
f 1883/435/3839 1886/447/3839 1885/1204/3839
f 1883/435/3840 1884/439/3840 1887/441/3840
f 100/442/3841 630/1206/3841 1879/434/3841
f 630/1206/3842 629/452/3842 1880/436/3842
f 628/451/3843 1881/440/3843 1880/436/3843
f 628/451/3844 102/104/3844 850/450/3844
f 850/450/3845 851/449/3845 1884/439/3845
f 851/449/3846 852/448/3846 1887/441/3846
f 1887/441/3847 852/448/3847 148/335/3847
f 1887/441/3848 853/432/3848 854/433/3848
f 1886/447/3849 854/433/3849 855/1201/3849
f 1885/1204/3850 855/1201/3850 119/299/3850
f 776/444/3851 1882/1203/3851 1885/1204/3851
f 1879/434/3852 1882/1203/3852 776/444/3852
f 1888/453/3853 1889/455/3853 1892/454/3853
f 1890/1208/3854 1893/460/3854 1892/454/3854
f 1892/454/3855 1895/459/3855 1894/456/3855
f 1893/460/3856 1896/462/3856 1895/459/3856
f 102/104/3857 750/461/3857 1888/453/3857
f 749/106/3858 1889/455/3858 1888/453/3858
f 749/106/3859 748/108/3859 1890/1208/3859
f 748/108/3860 126/397/3860 826/1196/3860
f 1890/1208/3861 826/1196/3861 827/398/3861
f 827/398/3862 828/399/3862 1896/462/3862
f 828/399/3863 143/347/3863 856/346/3863
f 1895/459/3864 1896/462/3864 856/346/3864
f 1895/459/3865 857/348/3865 858/1176/3865
f 1894/456/3866 858/1176/3866 148/335/3866
f 851/449/3867 1891/1207/3867 1894/456/3867
f 850/450/3868 1888/453/3868 1891/1207/3868
f 1897/463/3869 1898/465/3869 1901/464/3869
f 1899/1210/3870 1902/470/3870 1901/464/3870
f 1900/1209/3871 1901/464/3871 1904/467/3871
f 1901/464/3872 1902/470/3872 1905/469/3872
f 867/1212/3873 1897/463/3873 619/43/3873
f 866/476/3874 1898/465/3874 1897/463/3874
f 866/476/3875 865/475/3875 1899/1210/3875
f 865/475/3876 149/312/3876 859/1170/3876
f 1899/1210/3877 859/1170/3877 860/313/3877
f 860/313/3878 861/314/3878 1905/469/3878
f 861/314/3879 96/1172/3879 616/474/3879
f 1904/467/3880 1905/469/3880 616/474/3880
f 1904/467/3881 617/1213/3881 618/472/3881
f 621/41/3882 1903/1211/3882 618/472/3882
f 1900/1209/3883 1903/1211/3883 621/41/3883
f 619/43/3884 1897/463/3884 1900/1209/3884
f 1907/478/3885 1910/1217/3885 1909/1215/3885
f 1907/478/3886 1908/483/3886 1911/482/3886
f 1910/1217/3887 1913/484/3887 1912/1218/3887
f 1911/482/3888 1914/489/3888 1913/484/3888
f 711/486/3889 1906/1216/3889 739/1219/3889
f 710/430/3890 1907/478/3890 1906/1216/3890
f 709/431/3891 1908/483/3891 1907/478/3891
f 709/431/3892 145/338/3892 862/492/3892
f 1908/483/3893 862/492/3893 863/491/3893
f 863/491/3894 864/490/3894 1914/489/3894
f 864/490/3895 149/312/3895 865/475/3895
f 1914/489/3896 865/475/3896 866/476/3896
f 1913/484/3897 866/476/3897 867/1212/3897
f 741/488/3898 1912/1218/3898 867/1212/3898
f 740/487/3899 1909/1215/3899 1912/1218/3899
f 1906/1216/3900 1909/1215/3900 740/487/3900
f 1916/494/3901 1919/1222/3901 1918/1220/3901
f 1916/494/3902 1917/1224/3902 1920/498/3902
f 1919/1222/3903 1922/501/3903 1921/1223/3903
f 1919/1222/3904 1920/498/3904 1923/500/3904
f 145/338/3905 831/339/3905 1915/1221/3905
f 830/505/3906 1916/494/3906 1915/1221/3906
f 829/341/3907 1917/1224/3907 1916/494/3907
f 829/341/3908 144/342/3908 823/504/3908
f 823/504/3909 824/503/3909 1920/498/3909
f 824/503/3910 825/502/3910 1923/500/3910
f 1923/500/3911 825/502/3911 142/323/3911
f 1923/500/3912 868/322/3912 869/324/3912
f 1921/1223/3913 1922/501/3913 869/324/3913
f 864/490/3914 1921/1223/3914 870/1169/3914
f 863/491/3915 1918/1220/3915 1921/1223/3915
f 862/492/3916 1915/1221/3916 1918/1220/3916
f 1925/1225/3917 1928/510/3917 1927/1226/3917
f 1926/511/3918 1929/1229/3918 1928/510/3918
f 1927/1226/3919 1928/510/3919 1931/509/3919
f 1928/510/3920 1929/1229/3920 1932/512/3920
f 879/1228/3921 1924/1227/3921 694/274/3921
f 878/520/3922 1925/1225/3922 1924/1227/3922
f 878/520/3923 877/519/3923 1926/511/3923
f 877/519/3924 150/288/3924 871/1164/3924
f 1926/511/3925 871/1164/3925 872/289/3925
f 872/289/3926 873/290/3926 1932/512/3926
f 873/290/3927 141/291/3927 700/518/3927
f 1931/509/3928 1932/512/3928 700/518/3928
f 1930/516/3929 1931/509/3929 701/517/3929
f 696/272/3930 1930/516/3930 702/515/3930
f 1927/1226/3931 1930/516/3931 696/272/3931
f 694/274/3932 1924/1227/3932 1927/1226/3932
f 1934/522/3933 1937/525/3933 1936/1230/3933
f 1935/526/3934 1938/528/3934 1937/525/3934
f 1937/525/3935 1940/527/3935 1939/524/3935
f 1938/528/3936 1941/533/3936 1940/527/3936
f 663/1232/3937 1933/1231/3937 814/1233/3937
f 663/1232/3938 662/539/3938 1934/522/3938
f 661/538/3939 1935/526/3939 1934/522/3939
f 123/537/3940 874/536/3940 1935/526/3940
f 1935/526/3941 874/536/3941 875/535/3941
f 1938/528/3942 875/535/3942 876/534/3942
f 876/534/3943 150/288/3943 877/519/3943
f 1940/527/3944 1941/533/3944 877/519/3944
f 1939/524/3945 1940/527/3945 878/520/3945
f 816/532/3946 1939/524/3946 879/1228/3946
f 815/531/3947 1936/1230/3947 1939/524/3947
f 814/1233/3948 1933/1231/3948 1936/1230/3948
f 1943/1234/3949 1946/544/3949 1945/1235/3949
f 1944/1236/3950 1947/547/3950 1946/544/3950
f 1946/544/3951 1949/548/3951 1948/1237/3951
f 1946/544/3952 1947/547/3952 1950/546/3952
f 123/537/3953 783/60/3953 1942/542/3953
f 783/60/3954 782/549/3954 1943/1234/3954
f 781/61/3955 1944/1236/3955 1943/1234/3955
f 100/442/3956 775/1205/3956 1944/1236/3956
f 775/1205/3957 776/444/3957 1947/547/3957
f 776/444/3958 777/446/3958 1950/546/3958
f 1950/546/3959 777/446/3959 119/299/3959
f 1949/548/3960 1950/546/3960 880/300/3960
f 1948/1237/3961 1949/548/3961 881/301/3961
f 876/534/3962 1948/1237/3962 882/1163/3962
f 875/535/3963 1945/1235/3963 1948/1237/3963
f 1942/542/3964 1945/1235/3964 875/535/3964
f 1951/1238/3965 1952/1239/3965 1955/551/3965
f 1952/1239/3966 1953/1245/3966 1956/1240/3966
f 1954/553/3967 1955/551/3967 1958/1241/3967
f 1956/1240/3968 1959/566/3968 1958/1241/3968
f 90/557/3969 891/1244/3969 1951/1238/3969
f 891/1244/3970 890/569/3970 1952/1239/3970
f 890/569/3971 889/568/3971 1953/1245/3971
f 151/263/3972 883/1156/3972 1953/1245/3972
f 883/1156/3973 884/266/3973 1956/1240/3973
f 1956/1240/3974 884/266/3974 885/267/3974
f 1959/566/3975 885/267/3975 140/567/3975
f 1958/1241/3976 1959/566/3976 697/565/3976
f 1957/1242/3977 1958/1241/3977 698/564/3977
f 727/561/3978 1957/1242/3978 699/562/3978
f 1954/553/3979 1957/1242/3979 727/561/3979
f 1951/1238/3980 1954/553/3980 728/559/3980
f 1960/1246/3981 1961/1248/3981 1964/571/3981
f 1961/1248/3982 1962/1254/3982 1965/1249/3982
f 1964/571/3983 1967/1251/3983 1966/1250/3983
f 1964/571/3984 1965/1249/3984 1968/577/3984
f 627/1252/3985 1960/1246/3985 609/1253/3985
f 627/1252/1494 626/589/1494 1961/1248/1494
f 625/587/3986 1962/1254/3986 1961/1248/3986
f 625/587/3987 101/588/3987 886/586/3987
f 886/586/3988 887/585/3988 1965/1249/3988
f 887/585/3989 888/584/3989 1968/577/3989
f 1968/577/3990 888/584/3990 151/263/3990
f 1968/577/3991 889/568/3991 890/569/3991
f 1966/1250/3992 1967/1251/3992 890/569/3992
f 1966/1250/3993 891/1244/3993 90/557/3993
f 1963/1247/3994 1966/1250/3994 607/581/3994
f 609/1253/3995 1960/1246/3995 1963/1247/3995
f 1970/1255/3996 1973/594/3996 1972/1256/3996
f 1971/1258/3997 1974/596/3997 1973/594/3997
f 1972/1256/3998 1973/594/3998 1976/593/3998
f 1974/596/3999 1977/598/3999 1976/593/3999
f 101/588/4000 747/174/4000 1969/1257/4000
f 746/176/4001 1970/1255/4001 1969/1257/4001
f 746/176/4002 745/599/4002 1971/1258/4002
f 745/599/4003 124/178/4003 814/1233/4003
f 814/1233/4004 815/531/4004 1974/596/4004
f 1974/596/4005 815/531/4005 816/532/4005
f 816/532/4006 138/276/4006 892/275/4006
f 1976/593/4007 1977/598/4007 892/275/4007
f 1976/593/4008 893/277/4008 894/1157/4008
f 888/584/4009 1975/597/4009 894/1157/4009
f 887/585/4010 1972/1256/4010 1975/597/4010
f 1969/1257/4011 1972/1256/4011 887/585/4011
f 1978/1259/4012 1979/1262/4012 1982/601/4012
f 1980/1261/4013 1983/1267/4013 1982/601/4013
f 1982/601/4014 1985/1264/4014 1984/1263/4014
f 1982/601/4015 1983/1267/4015 1986/606/4015
f 111/608/4016 903/1266/4016 1978/1259/4016
f 902/618/4017 1979/1262/4017 1978/1259/4017
f 902/618/4018 901/617/4018 1980/1261/4018
f 901/617/4019 152/242/4019 895/1149/4019
f 1980/1261/4020 895/1149/4020 896/244/4020
f 896/244/4021 897/243/4021 1986/606/4021
f 1986/606/4022 897/243/4022 88/245/4022
f 1986/606/4023 604/1268/4023 605/616/4023
f 1985/1264/4024 605/616/4024 606/614/4024
f 1984/1263/4025 606/614/4025 89/613/4025
f 1981/1260/4026 1984/1263/4026 763/612/4026
f 1978/1259/4027 1981/1260/4027 764/610/4027
f 1987/1269/4028 1988/1271/4028 1991/1270/4028
f 1988/1271/4029 1989/1276/4029 1992/1272/4029
f 1991/1270/4030 1994/1274/4030 1993/1273/4030
f 1992/1272/4031 1995/631/4031 1994/1274/4031
f 112/627/4032 699/562/4032 1987/1269/4032
f 698/564/4033 1988/1271/4033 1987/1269/4033
f 698/564/4034 697/565/4034 1989/1276/4034
f 140/567/4035 898/634/4035 1989/1276/4035
f 1989/1276/4036 898/634/4036 899/633/4036
f 899/633/4037 900/632/4037 1995/631/4037
f 900/632/4038 152/242/4038 901/617/4038
f 1994/1274/4039 1995/631/4039 901/617/4039
f 1994/1274/4040 902/618/4040 903/1266/4040
f 1993/1273/4041 903/1266/4041 111/608/4041
f 644/628/4042 1990/623/4042 1993/1273/4042
f 1987/1269/4043 1990/623/4043 644/628/4043
f 1997/1277/4044 2000/1280/4044 1999/1278/4044
f 1997/1277/4045 1998/1282/4045 2001/640/4045
f 2000/1280/4046 2003/643/4046 2002/1281/4046
f 2000/1280/4047 2001/640/4047 2004/642/4047
f 140/567/4048 819/268/4048 1996/1279/4048
f 818/647/4049 1997/1277/4049 1996/1279/4049
f 817/270/4050 1998/1282/4050 1997/1277/4050
f 817/270/4051 139/271/4051 811/646/4051
f 811/646/4052 812/645/4052 2001/640/4052
f 812/645/4053 813/644/4053 2004/642/4053
f 2004/642/4054 813/644/4054 137/252/4054
f 2004/642/4055 904/253/4055 905/254/4055
f 2002/1281/4056 2003/643/4056 905/254/4056
f 900/632/4057 2002/1281/4057 906/1148/4057
f 899/633/4058 1999/1278/4058 2002/1281/4058
f 898/634/4059 1996/1279/4059 1999/1278/4059
f 2006/649/4060 2009/652/4060 2008/1283/4060
f 2007/653/4061 2010/1285/4061 2009/652/4061
f 2009/652/4062 2012/654/4062 2011/651/4062
f 2010/1285/4063 2013/659/4063 2012/654/4063
f 133/206/4064 915/1286/4064 2005/1284/4064
f 914/661/4065 2006/649/4065 2005/1284/4065
f 913/660/4066 2007/653/4066 2006/649/4066
f 913/660/4067 153/218/4067 907/1141/4067
f 907/1141/4068 908/219/4068 2010/1285/4068
f 908/219/4069 909/222/4069 2013/659/4069
f 2013/659/4070 909/222/4070 136/221/4070
f 2013/659/4071 688/991/4071 689/658/4071
f 2012/654/4072 689/658/4072 690/657/4072
f 2011/651/4073 690/657/4073 134/201/4073
f 683/203/4074 2008/1283/4074 2011/651/4074
f 682/204/4075 2005/1284/4075 2008/1283/4075
f 2014/1287/4076 2015/664/4076 2018/663/4076
f 2016/1289/4077 2019/668/4077 2018/663/4077
f 2017/1288/4078 2018/663/4078 2021/1290/4078
f 2019/668/4079 2022/675/4079 2021/1290/4079
f 730/1291/4080 2014/1287/4080 802/1292/4080
f 730/1291/4081 731/681/4081 2015/664/4081
f 732/680/4082 2016/1289/4082 2015/664/4082
f 92/679/4083 910/678/4083 2016/1289/4083
f 2016/1289/4084 910/678/4084 911/677/4084
f 2019/668/4085 911/677/4085 912/676/4085
f 912/676/4086 153/218/4086 913/660/4086
f 2022/675/4087 913/660/4087 914/661/4087
f 2020/674/4088 2021/1290/4088 914/661/4088
f 2020/674/4089 915/1286/4089 133/206/4089
f 2017/1288/4090 2020/674/4090 804/673/4090
f 2014/1287/4091 2017/1288/4091 803/672/4091
f 2024/1293/4092 2027/686/4092 2026/1294/4092
f 2025/1296/4093 2028/689/4093 2027/686/4093
f 2027/686/4094 2030/1298/4094 2029/1297/4094
f 2028/689/4095 2031/691/4095 2030/1298/4095
f 92/679/4096 610/1299/4096 2023/1295/4096
f 611/697/4097 2024/1293/4097 2023/1295/4097
f 611/697/4098 612/696/4098 2025/1296/4098
f 93/695/4099 778/694/4099 2025/1296/4099
f 2025/1296/4100 778/694/4100 779/693/4100
f 779/693/4101 780/692/4101 2031/691/4101
f 780/692/4102 121/229/4102 916/230/4102
f 2031/691/4103 916/230/4103 917/231/4103
f 2029/1297/4104 2030/1298/4104 917/231/4104
f 912/676/4105 2029/1297/4105 918/1140/4105
f 2026/1294/4106 2029/1297/4106 912/676/4106
f 2023/1295/4107 2026/1294/4107 911/677/4107
f 2033/1300/4108 2036/702/4108 2035/1301/4108
f 2033/1300/4109 2034/1308/4109 2037/1303/4109
f 2035/1301/4110 2036/702/4110 2039/1304/4110
f 2037/1303/4111 2040/713/4111 2039/1304/4111
f 82/705/4112 927/1307/4112 2032/1302/4112
f 927/1307/4113 926/716/4113 2033/1300/4113
f 926/716/4114 925/715/4114 2034/1308/4114
f 154/193/4115 919/1133/4115 2034/1308/4115
f 919/1133/4116 920/195/4116 2037/1303/4116
f 920/195/4117 921/197/4117 2040/713/4117
f 921/197/4118 135/781/4118 685/714/4118
f 2040/713/4119 685/714/4119 686/712/4119
f 2038/1305/4120 2039/1304/4120 686/712/4120
f 715/709/4121 2038/1305/4121 687/710/4121
f 2035/1301/4122 2038/1305/4122 715/709/4122
f 2032/1302/4123 2035/1301/4123 716/707/4123
f 2041/1309/3549 2042/1312/3549 2045/718/3549
f 2043/1311/4124 2046/1317/4124 2045/718/4124
f 2044/1310/4125 2045/718/4125 2048/1313/4125
f 2045/718/4126 2046/1317/4126 2049/723/4126
f 766/1315/4127 2041/1309/4127 597/1316/4127
f 766/1315/4128 767/736/4128 2042/1312/4128
f 767/736/4129 768/735/4129 2043/1311/4129
f 113/734/4130 922/733/4130 2043/1311/4130
f 2043/1311/4131 922/733/4131 923/732/4131
f 2046/1317/4132 923/732/4132 924/731/4132
f 2049/723/4133 924/731/4133 154/193/4133
f 2049/723/4134 925/715/4134 926/716/4134
f 2048/1313/4135 926/716/4135 927/1307/4135
f 2047/1314/4136 927/1307/4136 82/705/4136
f 596/728/4137 2044/1310/4137 2047/1314/4137
f 2041/1309/4138 2044/1310/4138 596/728/4138
f 2051/1318/4139 2054/741/4139 2053/1319/4139
f 2051/1318/4140 2052/1323/4140 2055/742/4140
f 2054/741/4141 2057/1321/4141 2056/740/4141
f 2054/741/4142 2055/742/4142 2058/744/4142
f 113/734/4143 646/1322/4143 2050/1320/4143
f 647/748/4144 2051/1318/4144 2050/1320/4144
f 648/747/4145 2052/1323/4145 2051/1318/4145
f 114/671/4146 802/1292/4146 2052/1323/4146
f 802/1292/4147 803/672/4147 2055/742/4147
f 803/672/4148 804/673/4148 2058/744/4148
f 2058/744/4149 804/673/4149 133/206/4149
f 2057/1321/4150 2058/744/4150 928/205/4150
f 2057/1321/4151 929/207/4151 930/1134/4151
f 2056/740/4152 930/1134/4152 154/193/4152
f 923/732/4153 2053/1319/4153 2056/740/4153
f 2050/1320/4154 2053/1319/4154 923/732/4154
f 2059/1324/4155 2060/1327/4155 2063/750/4155
f 2061/1326/4156 2064/1332/4156 2063/750/4156
f 2063/750/4157 2066/1329/4157 2065/1328/4157
f 2063/750/4158 2064/1332/4158 2067/755/4158
f 103/757/4159 939/1331/4159 2059/1324/4159
f 939/1331/4160 938/764/4160 2060/1327/4160
f 938/764/4161 937/763/4161 2061/1326/4161
f 937/763/4162 155/169/4162 931/1126/4162
f 931/1126/4163 932/173/4163 2064/1332/4163
f 932/173/4164 933/172/4164 2067/755/4164
f 2067/755/4165 933/172/4165 101/588/4165
f 2066/1329/4166 2067/755/4166 625/587/4166
f 2065/1328/4167 2066/1329/4167 626/589/4167
f 751/760/4168 2065/1328/4168 627/1252/4168
f 2062/1325/4169 2065/1328/4169 751/760/4169
f 753/1330/4170 2059/1324/4170 2062/1325/4170
f 2068/1333/4171 2069/1335/4171 2072/766/4171
f 2070/1334/4172 2073/1337/4172 2072/766/4172
f 2072/766/4173 2075/1338/4173 2074/1336/4173
f 2073/1337/4174 2076/777/4174 2075/1338/4174
f 104/773/4175 687/710/4175 2068/1333/4175
f 686/712/4176 2069/1335/4176 2068/1333/4176
f 686/712/4177 685/714/4177 2070/1334/4177
f 135/781/4178 934/780/4178 2070/1334/4178
f 934/780/4179 935/779/4179 2073/1337/4179
f 935/779/4180 936/778/4180 2076/777/4180
f 936/778/4181 155/169/4181 937/763/4181
f 2076/777/4182 937/763/4182 938/764/4182
f 2075/1338/4183 938/764/4183 939/1331/4183
f 631/776/4184 2074/1336/4184 939/1331/4184
f 2071/769/4185 2074/1336/4185 631/776/4185
f 2068/1333/4186 2071/769/4186 632/774/4186
f 2077/1340/4187 2078/1342/4187 2081/783/4187
f 2078/1342/4188 2079/1343/4188 2082/787/4188
f 2081/783/4189 2084/790/4189 2083/785/4189
f 2081/783/4190 2082/787/4190 2085/789/4190
f 135/781/4191 807/198/4191 2077/1340/4191
f 807/198/4192 806/200/4192 2078/1342/4192
f 805/794/4193 2079/1343/4193 2078/1342/4193
f 805/794/4194 134/201/4194 799/793/4194
f 799/793/4195 800/792/4195 2082/787/4195
f 2082/787/4196 800/792/4196 801/791/4196
f 2085/789/4197 801/791/4197 132/182/4197
f 2085/789/4198 940/183/4198 941/184/4198
f 2083/785/4199 2084/790/4199 941/184/4199
f 936/778/4200 2083/785/4200 942/1127/4200
f 2080/1341/4201 2083/785/4201 936/778/4201
f 2077/1340/4202 2080/1341/4202 935/779/4202
f 2087/796/4203 2090/799/4203 2089/1344/4203
f 2088/1346/4204 2091/1349/4204 2090/799/4204
f 2089/1344/4205 2090/799/4205 2093/798/4205
f 2090/799/4206 2091/1349/4206 2094/801/4206
f 128/136/4207 951/1348/4207 2086/1345/4207
f 950/808/4208 2087/796/4208 2086/1345/4208
f 949/807/4209 2088/1346/4209 2087/796/4209
f 949/807/4210 156/148/4210 943/1119/4210
f 2088/1346/4211 943/1119/4211 944/149/4211
f 944/149/4212 945/152/4212 2094/801/4212
f 2094/801/4213 945/152/4213 131/151/4213
f 2093/798/4214 2094/801/4214 676/806/4214
f 2093/798/4215 677/953/4215 678/805/4215
f 2092/1347/4216 678/805/4216 129/131/4216
f 671/133/4217 2089/1344/4217 2092/1347/4217
f 670/134/4218 2086/1345/4218 2089/1344/4218
f 2096/810/4219 2099/813/4219 2098/1350/4219
f 2097/1352/4220 2100/815/4220 2099/813/4220
f 2098/1350/4221 2099/813/4221 2102/1353/4221
f 2100/815/4222 2103/822/4222 2102/1353/4222
f 106/816/4223 718/1356/4223 2095/1351/4223
f 718/1356/4224 719/828/4224 2096/810/4224
f 719/828/4225 720/827/4225 2097/1352/4225
f 84/826/4226 946/825/4226 2097/1352/4226
f 2097/1352/4227 946/825/4227 947/824/4227
f 2100/815/4228 947/824/4228 948/823/4228
f 948/823/4229 156/148/4229 949/807/4229
f 2102/1353/4230 2103/822/4230 949/807/4230
f 2101/1354/4231 2102/1353/4231 950/808/4231
f 2101/1354/4232 951/1348/4232 128/136/4232
f 791/819/4233 2098/1350/4233 2101/1354/4233
f 790/1355/4234 2095/1351/4234 2098/1350/4234
f 2105/830/4235 2108/833/4235 2107/1357/4235
f 2105/830/4236 2106/1361/4236 2109/834/4236
f 2108/833/4237 2111/1359/4237 2110/832/4237
f 2109/834/4238 2112/838/4238 2111/1359/4238
f 598/1360/4239 2104/1358/4239 946/825/4239
f 599/844/4240 2105/830/4240 2104/1358/4240
f 599/844/4241 600/843/4241 2106/1361/4241
f 85/842/4242 769/841/4242 2106/1361/4242
f 769/841/4243 770/840/4243 2109/834/4243
f 770/840/4244 771/839/4244 2112/838/4244
f 2112/838/4245 771/839/4245 115/159/4245
f 2112/838/4246 952/160/4246 953/161/4246
f 2110/832/4247 2111/1359/4247 953/161/4247
f 948/823/4248 2110/832/4248 954/1118/4248
f 2107/1357/4249 2110/832/4249 948/823/4249
f 2104/1358/4250 2107/1357/4250 947/824/4250
f 2114/846/4251 2117/849/4251 2116/1362/4251
f 2114/846/4252 2115/851/4252 2118/1363/4252
f 2116/1362/4253 2117/849/4253 2120/848/4253
f 2117/849/4254 2118/1363/4254 2121/852/4254
f 963/1365/4255 2113/847/4255 658/228/4255
f 963/1365/4256 962/858/4256 2114/846/4256
f 962/858/4257 961/857/4257 2115/851/4257
f 157/125/4258 955/1115/4258 2115/851/4258
f 955/1115/4259 956/126/4259 2118/1363/4259
f 956/126/4260 957/127/4260 2121/852/4260
f 957/127/4261 130/915/4261 673/856/4261
f 2121/852/4262 673/856/4262 674/855/4262
f 2119/1364/4263 2120/848/4263 674/855/4263
f 2119/1364/4264 675/907/4264 122/225/4264
f 659/227/4265 2116/1362/4265 2119/1364/4265
f 658/228/4266 2113/847/4266 2116/1362/4266
f 2122/1366/4267 2123/861/4267 2126/860/4267
f 2124/1368/4268 2127/866/4268 2126/860/4268
f 2126/860/4269 2129/1370/4269 2128/1369/4269
f 2127/866/4270 2130/868/4270 2129/1370/4270
f 754/1371/4271 2122/1366/4271 778/694/4271
f 754/1371/4272 755/874/4272 2123/861/4272
f 755/874/4273 756/873/4273 2124/1368/4273
f 105/872/4274 958/871/4274 2124/1368/4274
f 958/871/4275 959/870/4275 2127/866/4275
f 959/870/4276 960/869/4276 2130/868/4276
f 2130/868/4277 960/869/4277 157/125/4277
f 2130/868/4278 961/857/4278 962/858/4278
f 2128/1369/4279 2129/1370/4279 962/858/4279
f 780/692/4280 2128/1369/4280 963/1365/4280
f 779/693/4281 2125/1367/4281 2128/1369/4281
f 2122/1366/4282 2125/1367/4282 779/693/4282
f 2132/876/4283 2135/879/4283 2134/1372/4283
f 2133/1374/4284 2136/882/4284 2135/879/4284
f 2135/879/4285 2138/1375/4285 2137/878/4285
f 2135/879/4286 2136/882/4286 2139/881/4286
f 634/1376/4287 2131/1373/4287 958/871/4287
f 634/1376/4288 635/886/4288 2132/876/4288
f 636/885/4289 2133/1374/4289 2132/876/4289
f 106/816/4290 790/1355/4290 2133/1374/4290
f 790/1355/4291 791/819/4291 2136/882/4291
f 791/819/4292 792/821/4292 2139/881/4292
f 2139/881/4293 792/821/4293 128/136/4293
f 2138/1375/4294 2139/881/4294 964/135/4294
f 2138/1375/4295 965/137/4295 966/1114/4295
f 960/869/4296 2137/878/4296 966/1114/4296
f 2134/1372/4297 2137/878/4297 960/869/4297
f 958/871/4298 2131/1373/4298 2134/1372/4298
f 2141/1377/4299 2144/891/4299 2143/1378/4299
f 2142/1379/4300 2145/894/4300 2144/891/4300
f 2144/891/4301 2147/1381/4301 2146/1380/4301
f 2145/894/4302 2148/896/4302 2147/1381/4302
f 99/66/4303 975/1382/4303 2140/889/4303
f 974/898/4304 2141/1377/4304 2140/889/4304
f 974/898/4305 973/897/4305 2142/1379/4305
f 158/99/4306 967/1109/4306 2142/1379/4306
f 2142/1379/4307 967/1109/4307 968/102/4307
f 968/102/4308 969/105/4308 2148/896/4308
f 969/105/4309 102/104/4309 628/451/4309
f 2147/1381/4310 2148/896/4310 628/451/4310
f 2146/1380/4311 2147/1381/4311 629/452/4311
f 2146/1380/4312 630/1206/4312 100/442/4312
f 2143/1378/4313 2146/1380/4313 624/63/4313
f 622/65/4314 2140/889/4314 2143/1378/4314
f 2149/1383/4315 2150/1385/4315 2153/900/4315
f 2150/1385/4316 2151/1388/4316 2154/904/4316
f 2152/1384/4317 2153/900/4317 2156/903/4317
f 2154/904/4318 2157/911/4318 2156/903/4318
f 675/907/4319 2149/1383/4319 742/1387/4319
f 675/907/4320 674/855/4320 2150/1385/4320
f 674/855/4321 673/856/4321 2151/1388/4321
f 673/856/4322 130/915/4322 970/914/4322
f 2151/1388/4323 970/914/4323 971/913/4323
f 971/913/4324 972/912/4324 2157/911/4324
f 972/912/4325 158/99/4325 973/897/4325
f 2156/903/4326 2157/911/4326 973/897/4326
f 2155/1386/4327 2156/903/4327 974/898/4327
f 2155/1386/4328 975/1382/4328 99/66/4328
f 743/908/4329 2152/1384/4329 2155/1386/4329
f 2149/1383/4330 2152/1384/4330 743/908/4330
f 2159/1389/4331 2162/920/4331 2161/1390/4331
f 2159/1389/4332 2160/1392/4332 2163/921/4332
f 2162/920/4333 2165/924/4333 2164/919/4333
f 2162/920/4334 2163/921/4334 2166/923/4334
f 795/128/4335 2158/1391/4335 970/914/4335
f 795/128/4336 794/928/4336 2159/1389/4336
f 793/130/4337 2160/1392/4337 2159/1389/4337
f 129/131/4338 787/927/4338 2160/1392/4338
f 2160/1392/4339 787/927/4339 788/926/4339
f 2163/921/4340 788/926/4340 789/925/4340
f 2166/923/4341 789/925/4341 127/112/4341
f 2166/923/4342 976/113/4342 977/114/4342
f 2164/919/4343 2165/924/4343 977/114/4343
f 972/912/4344 2164/919/4344 978/1110/4344
f 971/913/4345 2161/1390/4345 2164/919/4345
f 970/914/4346 2158/1391/4346 2161/1390/4346
f 2168/1393/4347 2171/933/4347 2170/1394/4347
f 2169/1396/4348 2172/936/4348 2171/933/4348
f 2170/1394/4349 2171/933/4349 2174/1397/4349
f 2171/933/4350 2172/936/4350 2175/935/4350
f 127/112/4351 987/1399/4351 2167/1395/4351
f 987/1399/4352 986/940/4352 2168/1393/4352
f 986/940/4353 985/939/4353 2169/1396/4353
f 159/79/4354 979/1104/4354 2169/1396/4354
f 979/1104/4355 980/80/4355 2172/936/4355
f 2172/936/4356 980/80/4356 981/81/4356
f 2175/935/4357 981/81/4357 125/405/4357
f 2175/935/4358 664/404/4358 665/406/4358
f 2173/1398/4359 2174/1397/4359 665/406/4359
f 669/109/4360 2173/1398/4360 666/1195/4360
f 2170/1394/4361 2173/1398/4361 669/109/4361
f 2167/1395/4362 2170/1394/4362 668/110/4362
f 2176/1400/4363 2177/1403/4363 2180/942/4363
f 2178/1402/4364 2181/948/4364 2180/942/4364
f 2180/942/4365 2183/949/4365 2182/1404/4365
f 2180/942/4366 2181/948/4366 2184/947/4366
f 129/131/4367 678/805/4367 2176/1400/4367
f 678/805/4368 677/953/4368 2177/1403/4368
f 676/806/4369 2178/1402/4369 2177/1403/4369
f 676/806/4370 131/151/4370 982/952/4370
f 982/952/4371 983/951/4371 2181/948/4371
f 2181/948/4372 983/951/4372 984/950/4372
f 2184/947/4373 984/950/4373 159/79/4373
f 2184/947/4374 985/939/4374 986/940/4374
f 2183/949/4375 986/940/4375 987/1399/4375
f 2182/1404/4376 987/1399/4376 127/112/4376
f 788/926/4377 2179/1401/4377 2182/1404/4377
f 2176/1400/4378 2179/1401/4378 788/926/4378
f 2186/1405/4379 2189/958/4379 2188/1406/4379
f 2186/1405/4380 2187/1408/4380 2190/959/4380
f 2189/958/4381 2192/963/4381 2191/957/4381
f 2189/958/4382 2190/959/4382 2193/961/4382
f 798/962/4383 2185/1407/4383 982/952/4383
f 798/962/4384 797/153/4384 2186/1405/4384
f 796/154/4385 2187/1408/4385 2186/1405/4385
f 116/155/4386 733/966/4386 2187/1408/4386
f 2187/1408/4387 733/966/4387 734/965/4387
f 734/965/4388 735/964/4388 2193/961/4388
f 2193/961/4389 735/964/4389 94/89/4389
f 2193/961/4390 988/90/4390 989/91/4390
f 2191/957/4391 2192/963/4391 989/91/4391
f 2191/957/4392 990/1103/4392 159/79/4392
f 2188/1406/4393 2191/957/4393 984/950/4393
f 982/952/4394 2185/1407/4394 2188/1406/4394
f 2195/1409/4395 2198/971/4395 2197/1410/4395
f 2195/1409/4396 2196/1415/4396 2199/972/4396
f 2198/971/4397 2201/1413/4397 2200/1412/4397
f 2199/972/4398 2202/976/4398 2201/1413/4398
f 132/182/4399 999/1414/4399 2194/1411/4399
f 999/1414/4400 998/978/4400 2195/1409/4400
f 997/977/4401 2196/1415/4401 2195/1409/4401
f 160/55/4402 991/1096/4402 2196/1415/4402
f 991/1096/4403 992/59/4403 2199/972/4403
f 2199/972/4404 992/59/4404 993/58/4404
f 2202/976/4405 993/58/4405 123/537/4405
f 2202/976/4406 661/538/4406 662/539/4406
f 2200/1412/4407 2201/1413/4407 662/539/4407
f 2200/1412/4408 663/1232/4408 124/178/4408
f 680/180/4409 2197/1410/4409 2200/1412/4409
f 2194/1411/4410 2197/1410/4410 680/180/4410
f 2203/1416/4411 2204/1419/4411 2207/980/4411
f 2205/1418/4412 2208/986/4412 2207/980/4412
f 2207/980/4413 2210/987/4413 2209/982/4413
f 2207/980/4414 2208/986/4414 2211/985/4414
f 690/657/4415 2203/1416/4415 799/793/4415
f 690/657/4416 689/658/4416 2204/1419/4416
f 688/991/4417 2205/1418/4417 2204/1419/4417
f 136/221/4418 994/990/4418 2205/1418/4418
f 994/990/4419 995/989/4419 2208/986/4419
f 995/989/4420 996/988/4420 2211/985/4420
f 996/988/4421 160/55/4421 997/977/4421
f 2210/987/4422 2211/985/4422 997/977/4422
f 2210/987/4423 998/978/4423 999/1414/4423
f 2209/982/4424 999/1414/4424 132/182/4424
f 2206/1417/4425 2209/982/4425 801/791/4425
f 2203/1416/4426 2206/1417/4426 800/792/4426
f 2213/1420/4427 2216/996/4427 2215/1421/4427
f 2213/1420/4428 2214/1424/4428 2217/997/4428
f 2216/996/4429 2219/1001/4429 2218/1423/4429
f 2216/996/4430 2217/997/4430 2220/999/4430
f 810/1000/4431 2212/1422/4431 994/990/4431
f 810/1000/4432 809/223/4432 2213/1420/4432
f 808/224/4433 2214/1424/4433 2213/1420/4433
f 808/224/4434 122/225/4434 742/1387/4434
f 742/1387/4435 743/908/4435 2217/997/4435
f 743/908/4436 744/910/4436 2220/999/4436
f 2220/999/4437 744/910/4437 99/66/4437
f 2220/999/4438 1000/67/4438 1001/68/4438
f 2218/1423/4439 2219/1001/4439 1001/68/4439
f 2218/1423/4440 1002/1097/4440 160/55/4440
f 995/989/4441 2215/1421/4441 2218/1423/4441
f 994/990/4442 2212/1422/4442 2215/1421/4442
f 2221/1425/4443 2222/1004/4443 2225/1003/4443
f 2222/1004/4444 2223/1429/4444 2226/1007/4444
f 2225/1003/4445 2228/1009/4445 2227/1427/4445
f 2226/1007/4446 2229/1013/4446 2228/1009/4446
f 1011/1428/4447 2221/1425/4447 691/251/4447
f 1011/1428/4448 1010/1015/4448 2222/1004/4448
f 1010/1015/4449 1009/1014/4449 2223/1429/4449
f 161/32/4450 1003/1088/4450 2223/1429/4450
f 2223/1429/4451 1003/1088/4451 1004/36/4451
f 2226/1007/4452 1004/36/4452 1005/35/4452
f 1005/35/4453 109/1090/4453 640/1012/4453
f 2228/1009/4454 2229/1013/4454 640/1012/4454
f 2228/1009/4455 641/1430/4455 642/1011/4455
f 2227/1427/4456 642/1011/4456 110/248/4456
f 692/250/4457 2224/1426/4457 2227/1427/4457
f 2221/1425/4458 2224/1426/4458 692/250/4458
f 2230/1431/4459 2231/1018/4459 2234/1432/4459
f 2232/1021/4460 2235/1023/4460 2234/1432/4460
f 2234/1432/4461 2237/1024/4461 2236/1434/4461
f 2234/1432/4462 2235/1023/4462 2238/1022/4462
f 139/271/4463 702/515/4463 2230/1431/4463
f 701/517/4464 2231/1018/4464 2230/1431/4464
f 700/518/4465 2232/1021/4465 2231/1018/4465
f 700/518/4466 141/291/4466 1006/1027/4466
f 1006/1027/4467 1007/1026/4467 2235/1023/4467
f 2235/1023/4468 1007/1026/4468 1008/1025/4468
f 1008/1025/4469 161/32/4469 1009/1014/4469
f 2237/1024/4470 2238/1022/4470 1009/1014/4470
f 2237/1024/4471 1010/1015/4471 1011/1428/4471
f 813/644/4472 2236/1434/4472 1011/1428/4472
f 2233/1433/4473 2236/1434/4473 813/644/4473
f 2230/1431/4474 2233/1433/4474 812/645/4474
f 2240/1435/4475 2243/1438/4475 2242/1436/4475
f 2240/1435/4476 2241/1440/4476 2244/1033/4476
f 2242/1436/4477 2243/1438/4477 2246/1031/4477
f 2244/1033/4478 2247/1036/4478 2246/1031/4478
f 822/292/4479 2239/1437/4479 1006/1027/4479
f 822/292/4480 821/1037/4480 2240/1435/4480
f 821/1037/4481 820/294/4481 2241/1440/4481
f 820/294/4482 120/295/4482 739/1219/4482
f 739/1219/4483 740/487/4483 2244/1033/4483
f 2244/1033/4484 740/487/4484 741/488/4484
f 2247/1036/4485 741/488/4485 98/44/4485
f 2247/1036/4486 1012/45/4486 1013/46/4486
f 2245/1439/4487 2246/1031/4487 1013/46/4487
f 1008/1025/4488 2245/1439/4488 1014/1089/4488
f 2242/1436/4489 2245/1439/4489 1008/1025/4489
f 1006/1027/4490 2239/1437/4490 2242/1436/4490
f 2248/1441/4491 2249/1040/4491 2252/1039/4491
f 2249/1040/4492 2250/1445/4492 2253/1043/4492
f 2252/1039/4493 2255/1045/4493 2254/1443/4493
f 2253/1043/4494 2256/1048/4494 2255/1045/4494
f 1023/1444/4495 2248/1441/4495 703/321/4495
f 1023/1444/4496 1022/1051/4496 2249/1040/4496
f 1022/1051/4497 1021/1050/4497 2250/1445/4497
f 1021/1050/4498 162/9/4498 1015/1081/4498
f 2250/1445/4499 1015/1081/4499 1016/13/4499
f 2253/1043/4500 1016/13/4500 1017/12/4500
f 1017/12/4501 117/14/4501 652/1049/4501
f 2256/1048/4502 652/1049/4502 653/1047/4502
f 2254/1443/4503 2255/1045/4503 653/1047/4503
f 2254/1443/4504 654/1446/4504 118/318/4504
f 704/320/4505 2251/1442/4505 2254/1443/4505
f 2248/1441/4506 2251/1442/4506 704/320/4506
f 2257/1447/4507 2258/1054/4507 2261/1448/4507
f 2259/1450/4508 2262/1059/4508 2261/1448/4508
f 2260/1449/4509 2261/1448/4509 2264/1056/4509
f 2261/1448/4510 2262/1059/4510 2265/1058/4510
f 714/380/4511 2257/1447/4511 823/504/4511
f 713/382/4512 2258/1054/4512 2257/1447/4512
f 713/382/4513 712/383/4513 2259/1450/4513
f 712/383/4514 146/362/4514 1018/1063/4514
f 2259/1450/4515 1018/1063/4515 1019/1062/4515
f 2262/1059/4516 1019/1062/4516 1020/1061/4516
f 1020/1061/4517 162/9/4517 1021/1050/4517
f 2265/1058/4518 1021/1050/4518 1022/1051/4518
f 2264/1056/4519 1022/1051/4519 1023/1444/4519
f 825/502/4520 2263/1451/4520 1023/1444/4520
f 2260/1449/4521 2263/1451/4521 825/502/4521
f 2257/1447/4522 2260/1449/4522 824/503/4522
f 2267/1065/4523 2270/1454/4523 2269/1452/4523
f 2268/1069/4524 2271/1070/4524 2270/1454/4524
f 2269/1452/4525 2270/1454/4525 2273/1067/4525
f 2271/1070/4526 2274/1072/4526 2273/1067/4526
f 834/364/4527 2266/1453/4527 1018/1063/4527
f 834/364/4528 833/1077/4528 2267/1065/4528
f 833/1077/4529 832/365/4529 2268/1069/4529
f 832/365/4530 108/1076/4530 721/1075/4530
f 721/1075/4531 722/1074/4531 2271/1070/4531
f 2271/1070/4532 722/1074/4532 723/1073/4532
f 2274/1072/4533 723/1073/4533 86/21/4533
f 2274/1072/4534 1024/22/4534 1025/23/4534
f 2272/1455/4535 2273/1067/4535 1025/23/4535
f 2272/1455/4536 1026/1082/4536 162/9/4536
f 1019/1062/4537 2269/1452/4537 2272/1455/4537
f 1018/1063/4538 2266/1453/4538 2269/1452/4538
f 2275/1456/2049 2276/1458/2049 2279/1457/2049
f 2276/1458/2050 2277/1461/2050 2280/1459/2050
f 2279/1457/2049 2282/1457/2049 2281/760/2049
f 2279/1457/2050 2280/1459/2050 2283/1459/2050
f 319/760/4539 2275/1456/4539 1032/1460/4539
f 319/760/4540 320/761/4540 2276/1458/4540
f 321/759/4541 2277/1461/4541 2276/1458/4541
f 38/757/4542 1027/1469/4542 2277/1461/4542
f 2277/1461/2055 1027/1469/2055 1028/757/2055
f 1028/757/2055 1029/1469/2055 2283/1459/2055
f 2283/1459/4543 1029/1469/4543 103/757/4543
f 2282/1457/4544 2283/1459/4544 753/1330/4544
f 2282/1457/4545 752/761/4545 751/760/4545
f 1030/1462/4546 2281/760/4546 751/760/4546
f 2278/1456/2061 2281/760/2061 1030/1462/2061
f 2275/1456/2061 2278/1456/2061 1031/580/2061
f 2285/774/2062 2288/1466/2062 2287/1463/2062
f 2286/1465/2063 2289/1468/2063 2288/1466/2063
f 2288/1466/2062 2291/774/2062 2290/1467/2062
f 2288/1466/2063 2289/1468/2063 2292/1468/2063
f 199/776/4547 2284/1464/4547 1027/1469/4547
f 199/776/4548 200/774/4548 2285/774/4548
f 200/774/4549 201/775/4549 2286/1465/4549
f 10/773/4550 1033/773/4550 2286/1465/4550
f 1033/773/2069 1034/773/2069 2289/1468/2069
f 2289/1468/2069 1034/773/2069 1035/773/2069
f 2292/1468/4551 1035/773/4551 104/773/4551
f 2292/1468/4552 633/1339/4552 632/774/4552
f 2291/774/4553 632/774/4553 631/776/4553
f 1029/1469/4554 2290/1467/4554 631/776/4554
f 2287/1463/2074 2290/1467/2074 1029/1469/2074
f 1027/1469/2074 2284/1464/2074 2287/1463/2074
f 2294/1470/2075 2297/874/2075 2296/867/2075
f 2295/1472/2076 2298/1473/2076 2297/874/2076
f 2297/874/2075 2300/874/2075 2299/867/2075
f 2297/874/4555 2298/1473/4555 2301/873/4555
f 322/867/4556 2293/1471/4556 1041/695/4556
f 322/867/4557 323/874/4557 2294/1470/4557
f 323/874/4558 324/873/4558 2295/1472/4558
f 39/872/4559 1036/872/4559 2295/1472/4559
f 1036/872/2082 1037/872/2082 2298/1473/2082
f 2298/1473/2082 1037/872/2082 1038/872/2082
f 2301/873/4560 1038/872/4560 105/872/4560
f 2301/873/4561 756/873/4561 755/874/4561
f 2300/874/4562 755/874/4562 754/1371/4562
f 1039/1474/4563 2299/867/4563 754/1371/4563
f 2296/867/4564 2299/867/4564 1039/1474/4564
f 2293/1471/2088 2296/867/2088 1040/695/2088
f 2303/1475/2089 2306/886/2089 2305/883/2089
f 2304/1477/2090 2307/1477/2090 2306/886/2090
f 2306/886/2089 2309/886/2089 2308/1476/2089
f 2307/1477/2090 2310/1478/2090 2309/886/2090
f 202/883/4565 2302/1476/4565 1036/872/4565
f 202/883/4566 203/886/4566 2303/1475/4566
f 204/885/4567 2304/1477/4567 2303/1475/4567
f 11/816/4568 1042/816/4568 2304/1477/4568
f 1042/816/2095 1043/816/2095 2307/1477/2095
f 1043/816/2095 1044/816/2095 2310/1478/2095
f 2310/1478/4569 1044/816/4569 106/816/4569
f 2309/886/4570 2310/1478/4570 636/885/4570
f 2309/886/4571 635/886/4571 634/1376/4571
f 1038/872/4572 2308/1476/4572 634/1376/4572
f 2305/883/2100 2308/1476/2100 1038/872/2100
f 2302/1476/2100 2305/883/2100 1037/872/2100
f 2312/1479/2101 2315/707/2101 2314/1480/2101
f 2313/1481/2062 2316/1484/2062 2315/707/2062
f 2315/707/2101 2318/1483/2101 2317/1482/2101
f 2315/707/2062 2316/1484/2062 2319/1481/2062
f 283/709/4573 2311/1480/4573 1033/773/4573
f 283/709/4574 284/707/4574 2312/1479/4574
f 284/707/4575 285/708/4575 2313/1481/4575
f 26/705/4576 1045/705/4576 2313/1481/4576
f 1045/705/2106 1046/705/2106 2316/1484/2106
f 2316/1484/2106 1046/705/2106 1047/705/2106
f 2319/1481/4577 1047/705/4577 82/705/4577
f 2319/1481/4578 717/1306/4578 716/707/4578
f 2318/1483/4579 716/707/4579 715/709/4579
f 1035/773/4580 2317/1482/4580 715/709/4580
f 2314/1480/2111 2317/1482/2111 1035/773/2111
f 2311/1480/2111 2314/1480/2111 1034/773/2111
f 2320/1485/4581 2321/1489/4581 2324/1486/4581
f 2322/1488/4582 2325/1488/4582 2324/1486/4582
f 2324/1486/4583 2327/728/4583 2326/1485/4583
f 2324/1486/4584 2325/1488/4584 2328/1490/4584
f 26/705/4585 163/730/4585 2320/1485/4585
f 164/728/4586 2321/1489/4586 2320/1485/4586
f 164/728/4587 165/725/4587 2322/1488/4587
f 1/727/4588 1048/727/4588 2322/1488/4588
f 1048/727/4589 1049/1563/4589 2325/1488/4589
f 2325/1488/4589 1049/1563/4589 1050/727/4589
f 2328/1490/4590 1050/727/4590 83/727/4590
f 2328/1490/4591 597/1316/4591 596/728/4591
f 2326/1485/4592 2327/728/4592 596/728/4592
f 2326/1485/4593 595/730/4593 82/705/4593
f 2323/1487/2125 2326/1485/2125 1047/705/2125
f 2320/1485/2125 2323/1487/2125 1046/705/2125
f 2330/1491/4594 2333/417/4594 2332/418/4594
f 2331/416/4595 2334/416/4595 2333/417/4595
f 2333/417/4594 2336/1492/4594 2335/418/4594
f 2334/416/4596 2337/1494/4596 2336/1492/4596
f 325/418/4597 2329/418/4597 1056/1493/4597
f 325/418/4598 326/417/4598 2330/1491/4598
f 326/417/4599 327/416/4599 2331/416/4599
f 40/369/4600 1051/369/4600 2331/416/4600
f 1051/369/4601 1052/369/4601 2334/416/4601
f 2334/416/4601 1052/369/4601 1053/369/4601
f 2337/1494/4602 1053/369/4602 107/369/4602
f 2337/1494/4603 759/416/4603 758/417/4603
f 2336/1492/4604 758/417/4604 757/418/4604
f 1054/1495/4605 2335/418/4605 757/418/4605
f 2332/418/4606 2335/418/4606 1054/1495/4606
f 2329/418/4607 2332/418/4607 1055/419/4607
f 2339/1496/2141 2342/367/2141 2341/368/2141
f 2340/1497/4608 2343/366/4608 2342/367/4608
f 2342/367/2141 2345/1499/2141 2344/368/2141
f 2342/367/4609 2343/366/4609 2346/1498/4609
f 40/369/4610 205/368/4610 2338/368/4610
f 205/368/4611 206/367/4611 2339/1496/4611
f 207/366/4612 2340/1497/4612 2339/1496/4612
f 207/366/4613 12/1076/4613 1057/1076/4613
f 1057/1076/4614 1058/1076/4614 2343/366/4614
f 2343/366/4614 1058/1076/4614 1059/1076/4614
f 1059/1076/4615 108/1076/4615 639/366/4615
f 2345/1499/4616 2346/1498/4616 639/366/4616
f 2345/1499/4617 638/367/4617 637/368/4617
f 2344/368/4618 637/368/4618 107/369/4618
f 2341/368/2153 2344/368/2153 1053/369/2153
f 2338/368/2153 2341/368/2153 1052/369/2153
f 2347/817/4619 2348/1501/4619 2351/828/4619
f 2349/1500/2155 2352/1502/2155 2351/828/2155
f 2351/828/4620 2354/828/4620 2353/817/4620
f 2352/1502/2155 2355/1503/2155 2354/828/2155
f 11/816/4621 286/817/4621 2347/817/4621
f 286/817/4622 287/828/4622 2348/1501/4622
f 287/828/4623 288/827/4623 2349/1500/4623
f 27/826/4624 1060/826/4624 2349/1500/4624
f 1060/826/2162 1061/826/2162 2352/1502/2162
f 2352/1502/2162 1061/826/2162 1062/826/2162
f 2355/1503/4625 1062/826/4625 84/826/4625
f 2355/1503/4626 720/827/4626 719/828/4626
f 2354/828/4627 719/828/4627 718/1356/4627
f 2353/817/4628 718/1356/4628 106/816/4628
f 2350/817/4629 2353/817/4629 1044/816/4629
f 1042/816/4630 2347/817/4630 2350/817/4630
f 2356/837/4631 2357/844/4631 2360/1504/4631
f 2357/844/2170 2358/1506/2170 2361/1506/2170
f 2360/1504/2168 2363/1508/2168 2362/1507/2168
f 2360/1504/2170 2361/1506/2170 2364/1506/2170
f 166/837/4632 2356/837/4632 1060/826/4632
f 167/844/4633 2357/844/4633 2356/837/4633
f 167/844/4634 168/843/4634 2358/1506/4634
f 2/842/4635 1063/842/4635 2358/1506/4635
f 1063/842/4636 1064/1589/4636 2361/1506/4636
f 2361/1506/4637 1064/1589/4637 1065/1509/4637
f 2364/1506/4638 1065/1509/4638 85/842/4638
f 2364/1506/4639 600/843/4639 599/844/4639
f 2362/1507/4640 2363/1508/4640 599/844/4640
f 1062/826/4641 2362/1507/4641 598/1360/4641
f 2359/1505/2181 2362/1507/2181 1062/826/2181
f 2356/837/2181 2359/1505/2181 1061/826/2181
f 2365/1510/4642 2366/1513/4642 2369/38/4642
f 2367/1512/2183 2370/37/2183 2369/38/2183
f 2368/1511/2182 2369/38/2182 2372/38/2182
f 2370/37/4643 2373/1515/4643 2372/38/4643
f 328/40/4644 2365/1510/4644 1071/1214/4644
f 329/38/4645 2366/1513/4645 2365/1510/4645
f 329/38/4646 330/37/4646 2367/1512/4646
f 330/37/4647 41/1090/4647 1066/1090/4647
f 1066/1090/4648 1067/1090/4648 2370/37/4648
f 1067/1090/4648 1068/1090/4648 2373/1515/4648
f 1068/1090/4649 109/1090/4649 762/37/4649
f 2373/1515/4650 762/37/4650 761/38/4650
f 2371/1514/4651 2372/38/4651 761/38/4651
f 1069/1516/4652 2371/1514/4652 760/40/4652
f 2368/1511/2196 2371/1514/2196 1069/1516/2196
f 1071/1214/2195 2365/1510/2195 2368/1511/2195
f 2375/1517/4653 2378/1430/4653 2377/1012/4653
f 2376/1519/4654 2379/1011/4654 2378/1430/4654
f 2377/1012/4655 2378/1430/4655 2381/1430/4655
f 2379/1011/4656 2382/1521/4656 2381/1430/4656
f 208/1012/4657 2374/1518/4657 1066/1090/4657
f 208/1012/4658 209/1430/4658 2375/1517/4658
f 210/1011/4659 2376/1519/4659 2375/1517/4659
f 13/248/4660 1072/248/4660 2376/1519/4660
f 1072/248/2203 1073/248/2203 2379/1011/2203
f 1073/248/2203 1074/248/2203 2382/1521/2203
f 2382/1521/4661 1074/248/4661 110/248/4661
f 2381/1430/4662 2382/1521/4662 642/1011/4662
f 2381/1430/4663 641/1430/4663 640/1012/4663
f 1068/1090/4664 2380/1520/4664 640/1012/4664
f 2377/1012/2208 2380/1520/2208 1068/1090/2208
f 2374/1518/2208 2377/1012/2208 1067/1090/2208
f 2384/1522/4665 2387/1074/4665 2386/1075/4665
f 2385/1523/4666 2388/1073/4666 2387/1074/4666
f 2387/1074/4665 2390/1074/4665 2389/1075/4665
f 2387/1074/4667 2388/1073/4667 2391/1524/4667
f 289/1075/4668 2383/1075/4668 1057/1076/4668
f 289/1075/4669 290/1074/4669 2384/1522/4669
f 291/1073/4670 2385/1523/4670 2384/1522/4670
f 28/21/4671 1075/1525/4671 2385/1523/4671
f 1075/1525/4672 1076/21/4672 2388/1073/4672
f 2388/1073/4672 1076/21/4672 1077/1525/4672
f 2391/1524/4673 1077/1525/4673 86/21/4673
f 2390/1074/4674 2391/1524/4674 723/1073/4674
f 2390/1074/4675 722/1074/4675 721/1075/4675
f 1059/1076/4676 2389/1075/4676 721/1075/4676
f 2386/1075/4677 2389/1075/4677 1059/1076/4677
f 2383/1075/4678 2386/1075/4678 1058/1076/4678
f 2393/1526/4679 2396/19/4679 2395/20/4679
f 2394/1527/4680 2397/1531/4680 2396/19/4680
f 2395/20/4681 2396/19/4681 2399/1528/4681
f 2396/19/2226 2397/1531/2226 2400/18/2226
f 28/21/4682 169/20/4682 2392/20/4682
f 169/20/4683 170/19/4683 2393/1526/4683
f 171/18/4684 2394/1527/4684 2393/1526/4684
f 4/1529/4685 1078/1530/4685 2394/1527/4685
f 1078/1530/4686 1079/1611/4686 2397/1531/4686
f 2397/1531/4687 1079/1611/4687 1080/1532/4687
f 2400/18/4688 1080/1532/4688 87/1529/4688
f 2399/1528/4689 2400/18/4689 603/18/4689
f 2399/1528/4690 602/19/4690 601/20/4690
f 2398/20/4691 601/20/4691 86/21/4691
f 1076/21/4692 2395/20/4692 2398/20/4692
f 2392/20/4693 2395/20/4693 1076/21/4693
f 2402/610/4694 2405/1536/4694 2404/1533/4694
f 2403/1535/4695 2406/1535/4695 2405/1536/4695
f 2404/1533/4696 2405/1536/4696 2408/610/4696
f 2406/1535/4695 2409/1535/4695 2408/610/4695
f 3/613/4697 331/612/4697 2401/1534/4697
f 331/612/4698 332/610/4698 2402/610/4698
f 332/610/4699 333/611/4699 2403/1535/4699
f 42/608/4700 1081/1544/4700 2403/1535/4700
f 2403/1535/2245 1081/1544/2245 1082/1539/2245
f 1082/1539/2245 1083/1544/2245 2409/1535/2245
f 2409/1535/4701 1083/1544/4701 111/608/4701
f 2409/1535/4702 765/1265/4702 764/610/4702
f 2408/610/4703 764/610/4703 763/612/4703
f 2407/1537/4704 763/612/4704 89/613/4704
f 2404/1533/4705 2407/1537/4705 1084/613/4705
f 1086/1538/4705 2401/1534/4705 2404/1533/4705
f 2410/1541/2252 2411/1543/2252 2414/628/2252
f 2412/1542/2253 2415/1542/2253 2414/628/2253
f 2413/1541/2252 2414/628/2252 2417/628/2252
f 2414/628/2253 2415/1542/2253 2418/1542/2253
f 42/608/4706 211/630/4706 2410/1541/4706
f 212/628/4707 2411/1543/4707 2410/1541/4707
f 212/628/4708 213/629/4708 2412/1542/4708
f 14/627/4709 1087/627/4709 2412/1542/4709
f 1087/627/2258 1088/627/2258 2415/1542/2258
f 1088/627/2258 1089/627/2258 2418/1542/2258
f 2418/1542/4710 1089/627/4710 112/627/4710
f 2418/1542/4711 645/1275/4711 644/628/4711
f 2416/630/4712 2417/628/4712 644/628/4712
f 2416/630/4713 643/630/4713 111/608/4713
f 2413/1541/2263 2416/630/2263 1083/1544/2263
f 1081/1544/2263 2410/1541/2263 2413/1541/2263
f 2420/1545/2264 2423/246/2264 2422/1546/2264
f 2421/1548/2266 2424/1151/2266 2423/246/2266
f 2422/1546/4714 2423/246/4714 2426/246/4714
f 2423/246/4715 2424/1151/4715 2427/1549/4715
f 13/248/4716 292/1150/4716 2419/1547/4716
f 293/246/4717 2420/1545/4717 2419/1547/4717
f 293/246/4718 294/1151/4718 2421/1548/4718
f 29/245/4719 1090/245/4719 2421/1548/4719
f 1090/245/2272 1091/245/2272 2424/1151/2272
f 1091/245/4720 1092/245/4720 2427/1549/4720
f 2427/1549/4721 1092/245/4721 88/245/4721
f 2427/1549/4722 726/1151/4722 725/246/4722
f 2425/1547/4723 2426/246/4723 725/246/4723
f 2425/1547/4724 724/1150/4724 110/248/4724
f 1073/248/2277 2422/1546/2277 2425/1547/2277
f 2419/1547/2277 2422/1546/2277 1073/248/2277
f 2428/1268/2278 2429/1553/2278 2432/1550/2278
f 2430/1552/2281 2433/614/2281 2432/1550/2281
f 2431/1551/2278 2432/1550/2278 2435/1554/2278
f 2432/1550/4725 2433/614/4725 2436/614/4725
f 29/245/4726 172/1268/4726 2428/1268/4726
f 173/616/4727 2429/1553/4727 2428/1268/4727
f 174/614/4728 2430/1552/4728 2429/1553/4728
f 3/613/4729 1086/1538/4729 2430/1552/4729
f 2430/1552/4730 1086/1538/4730 1085/1540/4730
f 1085/1540/4731 1084/613/4731 2436/614/4731
f 2436/614/4732 1084/613/4732 89/613/4732
f 2435/1554/4733 2436/614/4733 606/614/4733
f 2434/1555/4734 2435/1554/4734 605/616/4734
f 2434/1555/4735 604/1268/4735 88/245/4735
f 1091/245/4736 2431/1551/4736 2434/1555/4736
f 2428/1268/4737 2431/1551/4737 1091/245/4737
f 2438/1556/4738 2441/1560/4738 2440/1557/4738
f 2439/1559/4739 2442/1559/4739 2441/1560/4739
f 2441/1560/4740 2444/1562/4740 2443/1561/4740
f 2442/1559/4741 2445/1559/4741 2444/1562/4741
f 1/727/4742 334/726/4742 2437/1558/4742
f 334/726/4743 335/736/4743 2438/1556/4743
f 335/736/4744 336/735/4744 2439/1559/4744
f 43/734/4745 1093/1569/4745 2439/1559/4745
f 2439/1559/2302 1093/1569/2302 1094/734/2302
f 1094/734/4746 1095/1569/4746 2445/1559/4746
f 2445/1559/4747 1095/1569/4747 113/734/4747
f 2445/1559/4748 768/735/4748 767/736/4748
f 2444/1562/4749 767/736/4749 766/1315/4749
f 2443/1561/4750 766/1315/4750 83/727/4750
f 2440/1557/2308 2443/1561/2308 1050/727/2308
f 1048/727/4751 2437/1558/4751 2440/1557/4751
f 2447/1564/2309 2450/748/2309 2449/745/2309
f 2448/1566/2311 2451/1570/2311 2450/748/2311
f 2449/745/2309 2450/748/2309 2453/748/2309
f 2450/748/2311 2451/1570/2311 2454/1568/2311
f 43/734/4752 214/745/4752 2446/1565/4752
f 215/748/4753 2447/1564/4753 2446/1565/4753
f 216/747/4754 2448/1566/4754 2447/1564/4754
f 15/671/4755 1096/671/4755 2448/1566/4755
f 1096/671/2316 1097/671/2316 2451/1570/2316
f 2451/1570/2316 1097/671/2316 1098/671/2316
f 2454/1568/4756 1098/671/4756 114/671/4756
f 2453/748/4757 2454/1568/4757 648/747/4757
f 2452/1567/4758 2453/748/4758 647/748/4758
f 2452/1567/4759 646/1322/4759 113/734/4759
f 2449/745/4760 2452/1567/4760 1095/1569/4760
f 1093/1569/4760 2446/1565/4760 2449/745/4760
f 2455/1571/4761 2456/559/4761 2459/559/4761
f 2456/559/2326 2457/1576/2326 2460/1573/2326
f 2459/559/4762 2462/1575/4762 2461/1574/4762
f 2460/1573/2326 2463/1576/2326 2462/1575/2326
f 295/561/4763 2455/1571/4763 1087/627/4763
f 295/561/4764 296/559/4764 2456/559/4764
f 296/559/4765 297/560/4765 2457/1576/4765
f 30/557/4766 1099/557/4766 2457/1576/4766
f 2457/1576/2331 1099/557/2331 1100/557/2331
f 1100/557/2331 1101/557/2331 2463/1576/2331
f 2463/1576/4767 1101/557/4767 90/557/4767
f 2463/1576/4768 729/1243/4768 728/559/4768
f 2462/1575/4769 728/559/4769 727/561/4769
f 1089/627/4770 2461/1574/4770 727/561/4770
f 2458/1572/4771 2461/1574/4771 1089/627/4771
f 1087/627/4772 2455/1571/4772 2458/1572/4772
f 2464/1577/4773 2465/1578/4773 2468/1578/4773
f 2465/1578/2338 2466/1580/2338 2469/1580/2338
f 2468/1578/4773 2471/1578/4773 2470/581/4773
f 2468/1578/2338 2469/1580/2338 2472/1580/2338
f 30/557/4774 175/581/4774 2464/1577/4774
f 175/581/4775 176/582/4775 2465/1578/4775
f 177/578/4776 2466/1580/4776 2465/1578/4776
f 177/578/4777 5/580/4777 1032/1460/4777
f 1032/1460/2344 1031/580/2344 2469/1580/2344
f 1031/580/4778 1030/1462/4778 2472/1580/4778
f 1030/1462/4779 91/580/4779 609/1253/4779
f 2471/1578/4780 2472/1580/4780 609/1253/4780
f 2471/1578/4781 608/582/4781 607/581/4781
f 2470/581/4782 607/581/4782 90/557/4782
f 2467/1579/4783 2470/581/4783 1101/557/4783
f 1099/557/4784 2464/1577/4784 2467/1579/4784
f 2474/1581/4785 2477/1584/4785 2476/1582/4785
f 2475/1583/2353 2478/1586/2353 2477/1584/2353
f 2477/1584/4786 2480/840/4786 2479/1585/4786
f 2478/1586/4787 2481/1588/4787 2480/840/4787
f 2/842/4788 337/841/4788 2473/841/4788
f 337/841/4789 338/840/4789 2474/1581/4789
f 338/840/4790 339/839/4790 2475/1583/4790
f 44/159/4791 1102/1594/4791 2475/1583/4791
f 2475/1583/4792 1102/1594/4792 1103/1587/4792
f 1103/1587/4793 1104/1595/4793 2481/1588/4793
f 2481/1588/4794 1104/1595/4794 115/159/4794
f 2481/1588/4795 771/839/4795 770/840/4795
f 2480/840/4796 770/840/4796 769/841/4796
f 2479/1585/4797 769/841/4797 85/842/4797
f 1064/1589/4798 2476/1582/4798 2479/1585/4798
f 2473/841/4799 2476/1582/4799 1064/1589/4799
f 2483/1590/4800 2486/1592/4800 2485/1591/4800
f 2484/156/4801 2487/156/4801 2486/1592/4801
f 2486/1592/4800 2489/157/4800 2488/1591/4800
f 2486/1592/4802 2487/156/4802 2490/1593/4802
f 44/159/4803 217/158/4803 2482/1591/4803
f 217/158/4804 218/157/4804 2483/1590/4804
f 219/156/4805 2484/156/4805 2483/1590/4805
f 16/155/4806 1105/155/4806 2484/156/4806
f 1105/155/4807 1106/155/4807 2487/156/4807
f 2487/156/4807 1106/155/4807 1107/155/4807
f 2490/1593/4808 1107/155/4808 116/155/4808
f 2489/157/4809 2490/1593/4809 651/156/4809
f 2489/157/4810 650/157/4810 649/158/4810
f 2488/1591/4811 649/158/4811 115/159/4811
f 2485/1591/4812 2488/1591/4812 1104/1595/4812
f 2482/1591/4813 2485/1591/4813 1103/1587/4813
f 2492/1596/2381 2495/681/2381 2494/1597/2381
f 2493/1598/2382 2496/1599/2382 2495/681/2382
f 2495/681/2381 2498/681/2381 2497/1597/2381
f 2496/1599/2382 2499/1600/2382 2498/681/2382
f 298/670/4814 2491/670/4814 1096/671/4814
f 298/670/4815 299/681/4815 2492/1596/4815
f 300/680/4816 2493/1598/4816 2492/1596/4816
f 31/679/4817 1108/679/4817 2493/1598/4817
f 1108/679/2387 1109/679/2387 2496/1599/2387
f 1109/679/2387 1110/679/2387 2499/1600/2387
f 2499/1600/4818 1110/679/4818 92/679/4818
f 2498/681/4819 2499/1600/4819 732/680/4819
f 2498/681/4820 731/681/4820 730/1291/4820
f 1098/671/4821 2497/1597/4821 730/1291/4821
f 2494/1597/2392 2497/1597/2392 1098/671/2392
f 2491/670/2392 2494/1597/2392 1097/671/2392
f 2501/1601/2395 2504/697/2395 2503/690/2395
f 2502/1603/2394 2505/1605/2394 2504/697/2394
f 2503/690/4822 2504/697/4822 2507/697/4822
f 2504/697/2394 2505/1605/2394 2508/1604/2394
f 31/679/4823 178/690/4823 2500/1602/4823
f 179/697/4824 2501/1601/4824 2500/1602/4824
f 179/697/4825 180/696/4825 2502/1603/4825
f 180/696/4826 6/695/4826 1041/695/4826
f 1041/695/2401 1040/695/2401 2505/1605/2401
f 2505/1605/2401 1040/695/2401 1039/1474/2401
f 1039/1474/4827 93/695/4827 612/696/4827
f 2508/1604/4828 612/696/4828 611/697/4828
f 2506/690/4829 2507/697/4829 611/697/4829
f 2506/690/4830 610/1299/4830 92/679/4830
f 2503/690/4831 2506/690/4831 1110/679/4831
f 1108/679/4832 2500/1602/4832 2503/690/4832
f 2510/15/4833 2513/15/4833 2512/17/4833
f 2511/1083/2410 2514/1083/2410 2513/15/2410
f 2512/17/4833 2513/15/4833 2516/1607/4833
f 2514/1083/2410 2517/1083/2410 2516/1607/2410
f 4/1529/4834 340/17/4834 2509/1606/4834
f 341/15/4835 2510/15/4835 2509/1606/4835
f 341/15/4836 342/1083/4836 2511/1083/4836
f 45/14/4837 1111/1609/4837 2511/1083/4837
f 1111/1609/4838 1112/1610/4838 2514/1083/4838
f 1112/1610/4839 1113/1615/4839 2517/1083/4839
f 2517/1083/4840 1113/1615/4840 117/14/4840
f 2517/1083/4841 774/1083/4841 773/15/4841
f 2515/1608/4842 2516/1607/4842 773/15/4842
f 2515/1608/4843 772/17/4843 87/1529/4843
f 1079/1611/4844 2512/17/4844 2515/1608/4844
f 2509/1606/4845 2512/17/4845 1079/1611/4845
f 2518/1612/4846 2519/1047/4846 2522/1047/4846
f 2519/1047/2425 2520/1614/2425 2523/1446/2425
f 2522/1047/2423 2525/1047/2423 2524/1612/2423
f 2522/1047/4847 2523/1446/4847 2526/1613/4847
f 220/1049/4848 2518/1612/4848 1111/1609/4848
f 221/1047/4849 2519/1047/4849 2518/1612/4849
f 221/1047/4850 222/1446/4850 2520/1614/4850
f 17/318/4851 1114/318/4851 2520/1614/4851
f 1114/318/2430 1115/318/2430 2523/1446/2430
f 2523/1446/2430 1115/318/2430 1116/318/2430
f 2526/1613/4852 1116/318/4852 118/318/4852
f 2526/1613/4853 654/1446/4853 653/1047/4853
f 2524/1612/4854 2525/1047/4854 653/1047/4854
f 1113/1615/4855 2524/1612/4855 652/1049/4855
f 2521/1049/4856 2524/1612/4856 1113/1615/4856
f 2518/1612/4856 2521/1049/4856 1112/1610/4856
f 2528/1616/2438 2531/965/2438 2530/966/2438
f 2529/964/4857 2532/964/4857 2531/965/4857
f 2531/965/2438 2534/965/2438 2533/966/2438
f 2531/965/4858 2532/964/4858 2535/1618/4858
f 16/155/4859 301/966/4859 2527/1617/4859
f 302/965/4860 2528/1616/4860 2527/1617/4860
f 302/965/4861 303/964/4861 2529/964/4861
f 32/89/4862 1117/1619/4862 2529/964/4862
f 1117/1619/4863 1118/89/4863 2532/964/4863
f 2532/964/4863 1118/89/4863 1119/1619/4863
f 2535/1618/4864 1119/1619/4864 94/89/4864
f 2535/1618/4865 735/964/4865 734/965/4865
f 2533/966/4866 2534/965/4866 734/965/4866
f 2533/966/4867 733/966/4867 116/155/4867
f 2530/966/2450 2533/966/2450 1107/155/2450
f 2527/1617/2450 2530/966/2450 1106/155/2450
f 2537/1620/4868 2540/1621/4868 2539/88/4868
f 2538/86/4869 2541/1623/4869 2540/1621/4869
f 2540/1621/4868 2543/1621/4868 2542/88/4868
f 2540/1621/4870 2541/1623/4870 2544/1622/4870
f 32/89/4871 181/88/4871 2536/88/4871
f 181/88/4872 182/87/4872 2537/1620/4872
f 183/86/4873 2538/86/4873 2537/1620/4873
f 183/86/2457 7/419/2457 1056/1493/2457
f 1056/1493/4874 1055/419/4874 2541/1623/4874
f 2541/1623/4875 1055/419/4875 1054/1495/4875
f 1054/1495/4876 95/419/4876 615/86/4876
f 2543/1621/4877 2544/1622/4877 615/86/4877
f 2543/1621/4878 614/87/4878 613/88/4878
f 2542/88/4879 613/88/4879 94/89/4879
f 2539/88/4880 2542/88/4880 1119/1619/4880
f 2536/88/4881 2539/88/4881 1118/89/4881
f 2545/1624/4882 2546/316/4882 2549/316/4882
f 2546/316/4883 2547/1627/4883 2550/315/4883
f 2549/316/2465 2552/316/2465 2551/1625/2465
f 2549/316/4884 2550/315/4884 2553/1626/4884
f 17/318/4885 304/1171/4885 2545/1624/4885
f 305/316/4886 2546/316/4886 2545/1624/4886
f 305/316/4887 306/315/4887 2547/1627/4887
f 306/315/4888 33/1172/4888 1120/1172/4888
f 2547/1627/2472 1120/1172/2472 1121/1172/2472
f 1121/1172/2472 1122/1172/2472 2553/1626/2472
f 1122/1172/4889 96/1172/4889 738/315/4889
f 2553/1626/4890 738/315/4890 737/316/4890
f 2551/1625/4891 2552/316/4891 737/316/4891
f 2551/1625/4892 736/1171/4892 118/318/4892
f 2548/1171/4893 2551/1625/4893 1116/318/4893
f 1114/318/4894 2545/1624/4894 2548/1171/4894
f 2554/1628/2479 2555/1213/2479 2558/1213/2479
f 2556/1629/2480 2559/472/2480 2558/1213/2480
f 2558/1213/2479 2561/1213/2479 2560/1628/2479
f 2559/472/2480 2562/1630/2480 2561/1213/2480
f 184/474/4895 2554/1628/4895 1120/1172/4895
f 184/474/4896 185/1213/4896 2555/1213/4896
f 186/472/4897 2556/1629/4897 2555/1213/4897
f 186/472/4898 8/1214/4898 1071/1214/4898
f 1071/1214/4899 1070/1214/4899 2559/472/4899
f 1070/1214/4899 1069/1516/4899 2562/1630/4899
f 1069/1516/4900 97/1214/4900 618/472/4900
f 2561/1213/4901 2562/1630/4901 618/472/4901
f 2561/1213/4902 617/1213/4902 616/474/4902
f 1122/1172/4903 2560/1628/4903 616/474/4903
f 2557/474/2493 2560/1628/2493 1122/1172/2493
f 2554/1628/2493 2557/474/2493 1121/1172/2493
